N,P,K,temperature,humidity,ph,rainfall,soil_type,category,growth_duration_days,water_requirement,sunlight_hours,label
83,47,42,27.81,81.06,6.31,277.38,Alluvial,Cereal,124,Very High,6.7,Rice
84,45,38,24.6,74.35,5.71,213.13,Clayey,Cereal,113,Very High,7.2,Rice
72,39,45,23.44,82.27,5.83,213.67,Clayey,Cereal,120,Very High,6.3,Rice
83,44,38,22.5,89.41,6.39,198.27,Alluvial,Cereal,124,Very High,6.3,Rice
81,36,34,24.49,84.95,6.47,226.53,Loamy,Cereal,118,Very High,6.1,Rice
74,45,44,24.86,74.95,6.53,218.45,Clayey,Cereal,115,Very High,7.4,Rice
88,53,36,23.23,83.33,6.79,215.62,Clayey,Cereal,118,Very High,6.3,Rice
70,52,45,23.82,86.01,6.54,210.65,Clayey,Cereal,122,Very High,7.9,Rice
79,57,29,26.05,82.35,6.28,232.75,Alluvial,Cereal,108,Very High,6.9,Rice
82,56,37,21.98,79.99,6.77,239.86,Clayey,Cereal,116,Very High,7.3,Rice
80,53,37,23.18,80.43,5.81,238.88,Alluvial,Cereal,121,Very High,7.0,Rice
78,39,38,23.14,78.79,6.34,242.12,Alluvial,Cereal,131,Very High,7.1,Rice
82,47,32,23.93,82.24,7.39,224.23,Alluvial,Cereal,121,Very High,7.0,Rice
70,54,43,25.98,78.36,6.96,187.94,Clayey,Cereal,123,Very High,8.3,Rice
72,44,40,22.74,75.8,6.43,198.13,Alluvial,Cereal,122,Very High,6.4,Rice
92,43,38,26.03,77.08,6.49,269.21,Loamy,Cereal,110,Very High,7.1,Rice
82,52,35,20.7,84.09,6.52,237.51,Clayey,Cereal,122,Very High,6.6,Rice
81,49,37,28.66,83.9,5.92,249.7,Clayey,Cereal,114,Very High,7.5,Rice
89,43,43,25.03,85.29,7.16,222.64,Clayey,Cereal,115,Very High,6.5,Rice
73,47,41,24.69,85.31,6.41,273.61,Clayey,Cereal,118,Very High,8.6,Rice
85,42,35,25.21,81.11,6.69,244.2,Clayey,Cereal,119,Very High,6.5,Rice
67,45,43,24.54,77.02,6.47,241.56,Alluvial,Cereal,114,Very High,7.1,Rice
80,41,41,25.4,86.33,6.82,188.67,Alluvial,Cereal,114,Very High,7.3,Rice
84,51,55,25.43,86.54,6.78,249.54,Clayey,Cereal,118,Very High,7.5,Rice
73,46,38,24.2,91.26,5.65,250.59,Alluvial,Cereal,110,Very High,6.7,Rice
88,48,35,22.21,84.72,6.11,236.49,Clayey,Cereal,120,Very High,6.6,Rice
97,51,31,24.47,79.35,6.74,206.22,Alluvial,Cereal,119,Very High,7.3,Rice
86,40,38,22.81,79.39,7.11,242.15,Alluvial,Cereal,112,Very High,7.6,Rice
96,54,33,22.79,87.07,6.12,243.31,Alluvial,Cereal,124,Very High,6.4,Rice
79,28,35,23.37,77.01,7.05,187.1,Alluvial,Cereal,117,Very High,7.1,Rice
91,39,44,24.03,78.07,6.58,235.97,Loamy,Cereal,116,Very High,7.0,Rice
76,48,42,27.97,77.05,7.25,171.44,Clayey,Cereal,119,Very High,7.4,Rice
82,44,39,22.77,79.64,6.74,240.71,Loamy,Cereal,115,Very High,7.5,Rice
82,52,42,21.93,79.76,6.7,248.31,Alluvial,Cereal,119,Very High,7.1,Rice
90,44,42,23.49,81.13,6.84,254.76,Loamy,Cereal,124,Very High,7.8,Rice
80,52,38,24.81,81.48,6.44,247.85,Clayey,Cereal,115,Very High,8.3,Rice
71,40,44,25.98,84.5,6.65,229.63,Clayey,Cereal,114,Very High,7.0,Rice
74,53,39,21.94,80.71,6.57,213.09,Alluvial,Cereal,115,Very High,7.1,Rice
81,44,38,24.58,76.21,5.84,208.45,Loamy,Cereal,118,Very High,7.2,Rice
91,53,39,23.95,77.99,6.39,221.34,Loamy,Cereal,121,Very High,6.5,Rice
84,57,39,25.0,84.76,6.24,236.72,Loamy,Cereal,120,Very High,7.1,Rice
73,48,41,27.63,85.84,7.26,206.98,Clayey,Cereal,125,Very High,7.1,Rice
97,43,36,22.5,73.5,6.19,207.23,Clayey,Cereal,120,Very High,7.2,Rice
95,53,37,21.75,83.97,5.87,284.94,Loamy,Cereal,127,Very High,6.7,Rice
66,56,39,27.09,75.62,6.16,230.16,Clayey,Cereal,120,Very High,6.7,Rice
84,41,39,24.3,84.06,6.68,196.26,Clayey,Cereal,110,Very High,7.8,Rice
82,43,46,24.29,86.72,6.43,291.82,Loamy,Cereal,130,Very High,6.9,Rice
87,51,45,21.59,84.74,6.82,177.24,Clayey,Cereal,112,Very High,5.8,Rice
77,52,46,24.19,88.51,5.85,178.9,Loamy,Cereal,119,Very High,7.2,Rice
79,35,39,20.74,84.68,6.55,201.8,Loamy,Cereal,116,Very High,6.4,Rice
79,53,36,25.26,79.88,6.08,226.79,Alluvial,Cereal,113,Very High,6.7,Rice
70,59,40,22.25,82.86,6.36,223.37,Loamy,Cereal,123,Very High,7.5,Rice
75,44,38,18.25,75.94,6.95,279.35,Clayey,Cereal,118,Very High,7.3,Rice
82,66,44,23.68,78.18,5.76,236.1,Alluvial,Cereal,115,Very High,6.1,Rice
74,41,46,26.2,81.97,6.99,232.32,Loamy,Cereal,114,Very High,7.9,Rice
84,41,39,21.81,76.47,6.77,287.28,Alluvial,Cereal,111,Very High,7.3,Rice
74,45,37,21.84,82.19,6.07,238.11,Clayey,Cereal,119,Very High,6.9,Rice
72,44,43,25.25,78.09,6.44,252.54,Loamy,Cereal,109,Very High,7.3,Rice
74,51,36,19.49,75.49,6.42,237.79,Clayey,Cereal,114,Very High,7.4,Rice
66,47,35,22.37,82.19,6.06,218.46,Alluvial,Cereal,126,Very High,6.7,Rice
86,41,42,27.6,72.11,6.08,247.31,Loamy,Cereal,118,Very High,7.2,Rice
75,48,39,26.92,83.02,6.54,217.64,Alluvial,Cereal,117,Very High,6.7,Rice
83,45,41,29.19,85.48,6.27,266.04,Alluvial,Cereal,117,Very High,5.8,Rice
71,36,38,24.05,88.71,6.53,223.43,Loamy,Cereal,124,Very High,5.7,Rice
81,52,34,26.86,83.35,6.23,248.98,Alluvial,Cereal,133,Very High,7.1,Rice
81,45,36,26.08,78.58,6.43,215.67,Clayey,Cereal,122,Very High,7.2,Rice
88,44,38,21.55,80.22,6.55,252.71,Alluvial,Cereal,114,Very High,7.5,Rice
90,50,47,22.07,77.02,5.69,274.88,Clayey,Cereal,123,Very High,7.0,Rice
82,41,49,24.32,82.44,6.69,244.43,Clayey,Cereal,121,Very High,6.5,Rice
83,59,45,27.98,79.96,6.0,226.23,Alluvial,Cereal,120,Very High,7.7,Rice
73,54,34,18.3,48.93,6.14,84.88,Loamy,Cereal,130,Medium,6.7,Wheat
77,42,41,18.77,45.98,6.7,71.73,Alluvial,Cereal,112,Medium,7.5,Wheat
87,49,42,22.65,53.39,6.36,105.88,Loamy,Cereal,130,Medium,7.5,Wheat
89,46,34,17.89,51.72,6.79,68.48,Loamy,Cereal,125,Medium,7.6,Wheat
87,54,24,22.56,62.48,5.97,70.89,Loamy,Cereal,127,Medium,6.7,Wheat
82,38,42,22.12,62.63,7.09,61.45,Alluvial,Cereal,126,Medium,7.8,Wheat
77,49,34,18.45,59.27,6.98,70.67,Alluvial,Cereal,137,Medium,6.9,Wheat
96,48,33,20.41,47.49,7.17,72.78,Alluvial,Cereal,126,Medium,8.1,Wheat
82,36,28,21.2,47.32,7.5,50.02,Clayey,Cereal,141,Medium,7.6,Wheat
89,41,36,19.39,61.62,6.85,76.8,Alluvial,Cereal,127,Medium,7.5,Wheat
93,34,29,21.58,56.03,6.73,75.22,Loamy,Cereal,132,Medium,7.2,Wheat
82,46,31,20.64,44.78,7.21,80.67,Alluvial,Cereal,131,Medium,8.1,Wheat
106,51,27,15.92,51.25,6.81,81.21,Alluvial,Cereal,125,Medium,7.6,Wheat
82,41,29,16.91,46.89,6.41,87.64,Loamy,Cereal,123,Medium,9.1,Wheat
94,46,31,21.46,51.55,6.85,105.72,Clayey,Cereal,129,Medium,8.2,Wheat
82,44,42,17.74,65.87,7.08,68.25,Alluvial,Cereal,134,Medium,8.1,Wheat
96,35,32,18.81,54.55,7.05,77.13,Clayey,Cereal,121,Medium,7.7,Wheat
96,48,39,21.83,57.76,6.77,55.07,Clayey,Cereal,132,Medium,7.6,Wheat
92,37,30,22.45,54.76,7.07,75.34,Clayey,Cereal,130,Medium,8.1,Wheat
84,45,33,18.28,53.14,6.89,69.26,Loamy,Cereal,138,Medium,7.0,Wheat
88,42,40,20.05,61.19,6.21,78.2,Clayey,Cereal,135,Medium,7.5,Wheat
100,41,40,25.94,52.82,6.62,92.44,Clayey,Cereal,140,Medium,7.2,Wheat
85,43,29,16.93,48.98,6.49,74.58,Loamy,Cereal,131,Medium,8.4,Wheat
80,50,34,19.36,59.05,6.35,79.59,Clayey,Cereal,131,Medium,7.8,Wheat
92,59,32,18.01,51.26,6.58,67.35,Clayey,Cereal,137,Medium,8.4,Wheat
84,40,36,17.95,58.8,6.88,56.81,Loamy,Cereal,140,Medium,8.6,Wheat
83,42,36,20.44,58.95,7.6,72.88,Loamy,Cereal,124,Medium,6.7,Wheat
82,44,42,18.05,56.34,6.79,89.26,Alluvial,Cereal,146,Medium,7.2,Wheat
85,51,37,24.67,58.5,6.66,82.09,Alluvial,Cereal,137,Medium,8.0,Wheat
95,51,39,23.37,58.89,6.73,76.76,Alluvial,Cereal,137,Medium,7.0,Wheat
93,42,35,23.08,56.15,6.82,58.68,Clayey,Cereal,134,Medium,7.9,Wheat
111,43,35,20.2,64.46,6.76,78.35,Clayey,Cereal,133,Medium,7.6,Wheat
85,46,39,16.63,55.8,6.52,89.34,Clayey,Cereal,120,Medium,7.2,Wheat
93,54,34,17.95,66.29,6.22,48.61,Loamy,Cereal,132,Medium,7.2,Wheat
79,49,35,17.92,47.32,7.15,82.8,Clayey,Cereal,129,Medium,8.6,Wheat
79,35,32,19.37,56.46,6.7,79.22,Alluvial,Cereal,121,Medium,8.4,Wheat
89,51,36,20.78,58.42,6.98,82.71,Loamy,Cereal,138,Medium,7.6,Wheat
97,44,40,17.61,65.81,6.78,57.83,Loamy,Cereal,130,Medium,7.1,Wheat
98,41,33,14.21,52.29,5.83,55.99,Loamy,Cereal,134,Medium,8.0,Wheat
94,39,34,19.49,48.05,7.4,85.53,Alluvial,Cereal,128,Medium,7.5,Wheat
92,32,34,17.59,48.99,6.69,96.57,Alluvial,Cereal,134,Medium,7.2,Wheat
95,53,38,19.67,51.12,7.08,79.72,Alluvial,Cereal,135,Medium,7.9,Wheat
100,41,40,20.05,67.45,6.52,95.83,Loamy,Cereal,131,Medium,7.1,Wheat
85,43,36,20.96,51.56,6.79,100.71,Loamy,Cereal,141,Medium,7.8,Wheat
90,45,37,16.64,53.46,6.13,79.79,Clayey,Cereal,134,Medium,7.2,Wheat
105,37,29,20.13,61.28,7.47,69.49,Clayey,Cereal,137,Medium,7.5,Wheat
88,50,37,15.09,63.86,7.35,67.49,Alluvial,Cereal,132,Medium,7.8,Wheat
92,41,32,19.43,62.04,7.02,70.55,Loamy,Cereal,135,Medium,5.8,Wheat
101,34,33,16.36,47.23,7.26,69.39,Clayey,Cereal,132,Medium,7.5,Wheat
94,45,29,22.29,52.04,6.18,69.86,Alluvial,Cereal,139,Medium,8.0,Wheat
86,42,33,25.31,57.29,6.97,87.36,Alluvial,Cereal,131,Medium,7.3,Wheat
88,44,34,21.54,55.31,7.09,74.03,Clayey,Cereal,130,Medium,6.3,Wheat
99,47,38,11.39,67.53,6.74,88.3,Alluvial,Cereal,123,Medium,7.9,Wheat
79,41,42,18.97,56.3,7.15,80.95,Loamy,Cereal,130,Medium,7.7,Wheat
114,44,35,22.44,61.63,7.27,82.66,Alluvial,Cereal,122,Medium,8.5,Wheat
78,46,31,19.32,56.97,6.93,80.06,Loamy,Cereal,140,Medium,7.8,Wheat
87,50,39,16.06,58.58,7.08,71.43,Loamy,Cereal,138,Medium,7.4,Wheat
91,43,35,16.43,46.36,7.44,64.84,Clayey,Cereal,123,Medium,6.2,Wheat
83,37,41,22.33,50.87,7.7,86.78,Clayey,Cereal,127,Medium,6.0,Wheat
112,36,28,22.36,69.64,7.35,81.77,Clayey,Cereal,133,Medium,8.0,Wheat
97,46,35,19.32,50.48,6.69,54.68,Alluvial,Cereal,129,Medium,6.9,Wheat
78,46,40,22.07,45.58,6.4,86.29,Clayey,Cereal,123,Medium,7.4,Wheat
95,39,35,15.76,51.39,6.93,55.88,Clayey,Cereal,132,Medium,7.5,Wheat
95,46,40,19.85,52.42,6.85,81.52,Alluvial,Cereal,130,Medium,7.5,Wheat
82,41,29,24.4,47.54,6.52,66.38,Clayey,Cereal,135,Medium,7.3,Wheat
102,40,36,17.16,67.87,6.32,78.72,Alluvial,Cereal,134,Medium,7.7,Wheat
88,44,35,19.09,60.78,7.68,68.31,Alluvial,Cereal,121,Medium,7.4,Wheat
115,40,41,24.2,51.68,7.03,94.54,Loamy,Cereal,127,Medium,7.4,Wheat
84,38,32,16.07,55.2,6.49,77.81,Loamy,Cereal,119,Medium,7.7,Wheat
98,33,36,22.94,47.74,7.47,80.03,Clayey,Cereal,125,Medium,7.5,Wheat
85,48,21,20.24,66.02,5.49,83.33,Alluvial,Cereal,100,Medium,7.6,Maize
92,54,21,19.72,63.1,6.81,87.13,Loamy,Cereal,117,Medium,8.2,Maize
81,46,20,22.54,69.25,6.68,73.21,Loamy,Cereal,98,Medium,6.9,Maize
85,41,13,24.17,79.96,6.2,97.58,Loamy,Cereal,105,Medium,7.9,Maize
89,46,20,23.97,60.99,6.7,82.38,Loamy,Cereal,101,Medium,8.3,Maize
71,48,19,26.26,67.85,6.19,97.27,Red,Cereal,112,Medium,8.3,Maize
80,40,16,22.08,61.34,6.11,85.85,Loamy,Cereal,107,Medium,8.0,Maize
84,48,14,20.18,64.14,5.6,94.0,Red,Cereal,113,Medium,8.7,Maize
77,56,20,21.99,61.32,6.05,79.18,Alluvial,Cereal,105,Medium,8.1,Maize
80,50,23,25.85,56.09,4.92,99.01,Red,Cereal,97,Medium,7.9,Maize
68,37,21,25.28,61.54,4.9,76.81,Loamy,Cereal,107,Medium,7.1,Maize
81,47,21,23.36,59.16,6.8,82.62,Alluvial,Cereal,104,Medium,7.4,Maize
75,42,19,28.14,56.77,5.39,107.07,Alluvial,Cereal,103,Medium,7.6,Maize
90,44,25,25.03,62.07,7.28,75.91,Red,Cereal,108,Medium,8.2,Maize
93,57,20,20.74,67.76,5.86,115.2,Alluvial,Cereal,105,Medium,7.8,Maize
81,39,17,26.6,61.06,5.68,93.05,Red,Cereal,111,Medium,8.4,Maize
89,43,15,27.5,63.06,6.07,104.92,Alluvial,Cereal,107,Medium,8.3,Maize
101,44,22,23.17,66.61,6.96,92.62,Red,Cereal,107,Medium,8.6,Maize
76,42,16,17.1,77.34,5.65,81.68,Loamy,Cereal,103,Medium,8.2,Maize
88,53,18,22.5,66.7,6.08,109.11,Red,Cereal,107,Medium,8.4,Maize
86,55,20,19.11,67.4,5.87,77.07,Red,Cereal,108,Medium,8.7,Maize
80,49,25,23.72,80.61,6.48,58.59,Loamy,Cereal,108,Medium,8.2,Maize
92,52,19,19.33,63.75,5.77,76.29,Red,Cereal,108,Medium,9.0,Maize
83,40,21,26.59,61.34,6.13,85.22,Red,Cereal,100,Medium,8.4,Maize
78,50,17,21.69,69.33,6.01,110.9,Alluvial,Cereal,102,Medium,8.1,Maize
89,39,14,18.42,72.58,5.92,123.37,Red,Cereal,102,Medium,8.1,Maize
95,60,26,26.63,71.14,6.5,96.68,Alluvial,Cereal,102,Medium,7.5,Maize
79,46,18,25.09,70.73,6.24,107.16,Loamy,Cereal,99,Medium,7.9,Maize
72,36,19,22.63,74.08,6.52,69.64,Alluvial,Cereal,114,Medium,8.7,Maize
85,46,17,21.88,71.53,7.14,108.15,Alluvial,Cereal,102,Medium,7.3,Maize
81,37,20,22.56,62.2,5.4,92.7,Loamy,Cereal,102,Medium,7.3,Maize
51,47,25,27.98,62.26,5.9,92.03,Alluvial,Cereal,99,Medium,8.2,Maize
87,55,19,22.39,59.73,5.79,81.6,Loamy,Cereal,106,Medium,8.5,Maize
71,56,19,22.94,60.52,4.99,98.26,Red,Cereal,108,Medium,7.8,Maize
80,51,15,21.41,69.77,5.57,89.4,Red,Cereal,97,Medium,8.3,Maize
79,38,23,20.8,60.14,6.3,102.23,Alluvial,Cereal,99,Medium,8.0,Maize
84,52,20,21.9,60.03,6.24,68.92,Red,Cereal,89,Medium,8.3,Maize
89,33,16,24.86,77.34,6.21,74.08,Loamy,Cereal,104,Medium,8.8,Maize
73,43,18,20.14,65.74,7.01,89.85,Red,Cereal,103,Medium,7.8,Maize
64,53,19,22.46,84.16,6.35,73.72,Loamy,Cereal,102,Medium,8.7,Maize
81,39,22,21.0,76.24,6.74,78.29,Red,Cereal,111,Medium,8.0,Maize
88,50,17,21.07,71.18,6.03,78.95,Alluvial,Cereal,99,Medium,8.3,Maize
100,41,20,27.24,64.52,6.43,69.06,Red,Cereal,107,Medium,7.9,Maize
89,55,27,24.74,66.95,6.3,79.7,Red,Cereal,106,Medium,7.8,Maize
81,55,16,26.42,72.9,6.14,53.17,Red,Cereal,101,Medium,8.8,Maize
79,42,18,25.52,68.28,6.08,79.5,Loamy,Cereal,102,Medium,7.4,Maize
96,46,23,27.56,70.99,5.98,91.06,Loamy,Cereal,104,Medium,7.5,Maize
83,40,23,21.61,66.21,6.34,81.12,Alluvial,Cereal,108,Medium,7.7,Maize
88,39,20,28.82,59.0,5.86,92.71,Loamy,Cereal,105,Medium,8.2,Maize
84,51,23,24.23,63.55,6.54,113.5,Red,Cereal,104,Medium,7.4,Maize
91,47,13,25.54,61.79,6.15,89.98,Red,Cereal,106,Medium,8.4,Maize
75,51,19,25.22,68.69,5.73,101.29,Loamy,Cereal,102,Medium,8.5,Maize
83,59,19,21.95,64.88,6.05,97.0,Red,Cereal,96,Medium,7.4,Maize
69,53,25,22.69,63.99,6.24,102.43,Alluvial,Cereal,100,Medium,8.1,Maize
89,51,20,26.0,48.78,6.54,75.19,Alluvial,Cereal,95,Medium,8.3,Maize
93,47,22,27.84,72.89,7.02,96.13,Loamy,Cereal,105,Medium,7.0,Maize
77,42,26,22.47,65.74,6.48,85.65,Loamy,Cereal,113,Medium,7.6,Maize
81,43,16,21.16,64.78,5.99,74.61,Alluvial,Cereal,97,Medium,8.0,Maize
64,52,20,18.63,63.14,5.82,89.79,Alluvial,Cereal,112,Medium,6.9,Maize
81,47,22,23.64,60.49,6.04,73.06,Loamy,Cereal,110,Medium,8.0,Maize
99,47,17,18.46,54.18,5.41,89.01,Loamy,Cereal,107,Medium,7.1,Maize
88,45,20,27.84,70.38,6.07,71.63,Loamy,Cereal,93,Medium,7.6,Maize
77,42,19,23.23,63.65,5.87,87.53,Red,Cereal,107,Medium,7.3,Maize
94,47,20,25.12,66.4,6.68,89.31,Loamy,Cereal,101,Medium,8.2,Maize
68,48,19,22.38,64.23,5.26,76.77,Loamy,Cereal,105,Medium,8.1,Maize
69,55,17,25.91,67.56,5.88,111.63,Red,Cereal,98,Medium,8.6,Maize
90,43,24,22.25,66.73,6.33,82.99,Alluvial,Cereal,109,Medium,8.5,Maize
62,55,15,26.1,71.76,5.65,78.84,Loamy,Cereal,99,Medium,7.9,Maize
76,52,23,27.19,61.63,6.1,59.75,Red,Cereal,100,Medium,8.6,Maize
96,40,18,22.92,66.68,5.8,91.36,Loamy,Cereal,102,Medium,8.0,Maize
69,35,28,17.73,49.56,6.85,52.41,Sandy,Cereal,118,Low,7.3,Barley
62,38,28,20.93,51.85,6.96,59.48,Alluvial,Cereal,101,Low,6.3,Barley
55,35,36,23.58,53.19,7.2,36.99,Loamy,Cereal,107,Low,6.5,Barley
60,34,28,13.05,53.74,6.57,57.39,Alluvial,Cereal,121,Low,6.4,Barley
44,33,34,22.9,43.85,7.2,50.35,Sandy,Cereal,109,Low,8.6,Barley
52,36,31,20.71,50.49,7.12,51.08,Loamy,Cereal,111,Low,6.8,Barley
69,33,31,17.93,55.63,6.98,37.27,Alluvial,Cereal,116,Low,6.5,Barley
59,32,35,12.66,65.69,7.42,57.23,Alluvial,Cereal,109,Low,7.2,Barley
69,38,32,18.22,49.01,6.94,53.05,Loamy,Cereal,116,Low,7.4,Barley
41,38,30,17.95,48.06,7.45,64.48,Sandy,Cereal,105,Low,7.2,Barley
57,28,27,20.16,54.77,7.21,62.25,Alluvial,Cereal,112,Low,6.6,Barley
68,39,33,20.97,53.54,7.14,65.7,Alluvial,Cereal,109,Low,6.5,Barley
63,31,27,17.64,46.04,6.88,36.06,Alluvial,Cereal,111,Low,7.0,Barley
58,38,33,13.98,46.19,6.69,45.6,Sandy,Cereal,114,Low,6.9,Barley
62,24,32,14.9,50.3,7.11,68.61,Alluvial,Cereal,102,Low,5.2,Barley
66,44,34,18.52,47.54,7.32,45.26,Loamy,Cereal,112,Low,7.3,Barley
73,48,31,16.73,49.87,6.29,48.05,Loamy,Cereal,107,Low,6.7,Barley
66,30,34,18.0,49.95,6.87,56.55,Alluvial,Cereal,114,Low,6.5,Barley
59,33,24,15.95,47.62,7.35,57.63,Alluvial,Cereal,111,Low,7.5,Barley
63,36,29,18.66,47.09,6.02,53.66,Loamy,Cereal,117,Low,7.6,Barley
72,41,30,18.49,46.91,6.87,61.16,Loamy,Cereal,116,Low,6.9,Barley
61,35,32,14.39,38.52,6.78,42.79,Alluvial,Cereal,107,Low,6.9,Barley
61,42,31,18.75,53.11,6.54,65.39,Loamy,Cereal,109,Low,7.4,Barley
56,27,33,18.94,45.49,6.65,66.25,Sandy,Cereal,103,Low,8.0,Barley
57,38,28,19.51,47.28,6.93,55.41,Sandy,Cereal,104,Low,7.4,Barley
60,33,26,11.59,49.04,7.97,62.85,Sandy,Cereal,109,Low,6.8,Barley
65,37,25,20.79,53.58,7.29,59.38,Sandy,Cereal,110,Low,7.4,Barley
69,33,27,18.25,57.75,6.5,40.32,Loamy,Cereal,110,Low,7.0,Barley
66,36,29,21.72,42.0,6.67,53.97,Sandy,Cereal,100,Low,6.9,Barley
78,35,30,14.85,46.92,6.85,51.82,Alluvial,Cereal,117,Low,7.3,Barley
56,36,31,20.85,57.9,6.59,46.89,Alluvial,Cereal,103,Low,6.9,Barley
68,39,29,17.2,50.76,6.67,75.9,Sandy,Cereal,101,Low,7.1,Barley
81,35,29,17.11,49.1,7.55,32.88,Alluvial,Cereal,118,Low,6.1,Barley
62,32,32,14.0,52.31,7.81,41.37,Sandy,Cereal,111,Low,6.6,Barley
68,35,27,19.22,59.02,6.92,62.2,Sandy,Cereal,102,Low,6.4,Barley
68,42,31,17.22,50.0,6.5,61.05,Sandy,Cereal,114,Low,6.7,Barley
61,36,28,17.83,60.5,6.9,51.42,Alluvial,Cereal,106,Low,7.4,Barley
63,31,35,21.55,47.0,6.25,65.08,Alluvial,Cereal,106,Low,7.5,Barley
49,39,25,19.83,50.07,6.62,50.93,Sandy,Cereal,113,Low,7.1,Barley
69,44,23,22.04,50.52,6.64,41.7,Sandy,Cereal,108,Low,7.6,Barley
63,42,24,17.97,43.74,7.15,63.87,Sandy,Cereal,107,Low,5.4,Barley
66,37,31,21.09,44.64,7.27,66.93,Sandy,Cereal,100,Low,7.2,Barley
60,34,31,16.78,46.62,7.01,44.13,Loamy,Cereal,104,Low,7.4,Barley
55,38,31,13.69,46.61,7.48,45.19,Sandy,Cereal,107,Low,7.3,Barley
71,33,27,21.56,58.69,7.39,55.85,Alluvial,Cereal,105,Low,6.5,Barley
69,37,35,19.63,42.48,7.42,45.02,Sandy,Cereal,107,Low,7.2,Barley
80,50,32,17.54,52.67,7.36,51.79,Loamy,Cereal,119,Low,7.1,Barley
68,38,31,20.1,46.91,6.78,44.0,Alluvial,Cereal,112,Low,7.5,Barley
68,43,29,19.67,44.54,6.85,61.96,Loamy,Cereal,114,Low,6.8,Barley
64,27,28,20.23,52.88,7.2,55.5,Sandy,Cereal,110,Low,6.6,Barley
70,37,31,16.68,39.23,7.44,50.21,Alluvial,Cereal,105,Low,7.4,Barley
61,40,32,19.71,43.17,7.48,57.61,Sandy,Cereal,107,Low,7.1,Barley
50,37,25,14.62,42.39,7.45,48.71,Alluvial,Cereal,118,Low,6.7,Barley
51,29,34,17.61,47.26,7.06,60.02,Alluvial,Cereal,116,Low,7.9,Barley
62,28,28,18.65,45.18,6.62,58.44,Alluvial,Cereal,109,Low,7.0,Barley
58,33,26,20.23,55.18,6.26,45.7,Loamy,Cereal,101,Low,6.6,Barley
64,27,26,15.49,51.04,7.03,47.78,Sandy,Cereal,110,Low,6.7,Barley
62,43,35,14.75,54.15,7.32,43.52,Loamy,Cereal,114,Low,7.9,Barley
56,30,34,18.68,52.76,7.14,58.91,Loamy,Cereal,102,Low,7.6,Barley
74,33,29,14.17,52.57,7.23,54.38,Sandy,Cereal,116,Low,6.8,Barley
69,29,29,17.56,51.13,6.85,53.69,Sandy,Cereal,114,Low,6.7,Barley
52,43,35,14.77,53.45,6.8,57.63,Sandy,Cereal,111,Low,6.9,Barley
58,31,26,15.92,49.66,6.71,61.82,Alluvial,Cereal,118,Low,6.7,Barley
66,37,31,18.19,53.71,7.19,42.62,Loamy,Cereal,114,Low,7.5,Barley
58,35,32,17.48,55.36,7.95,47.14,Loamy,Cereal,102,Low,7.2,Barley
70,33,35,14.65,53.46,6.76,72.19,Loamy,Cereal,120,Low,6.5,Barley
60,39,28,17.89,50.13,6.23,54.86,Loamy,Cereal,106,Low,6.7,Barley
76,28,33,17.3,48.6,7.32,58.4,Loamy,Cereal,113,Low,7.6,Barley
62,31,25,15.94,64.75,7.5,41.49,Alluvial,Cereal,102,Low,7.3,Barley
69,37,28,17.69,51.64,7.03,32.81,Sandy,Cereal,108,Low,6.5,Barley
61,44,26,29.9,47.53,7.49,49.2,Red,Cereal,87,Low,10.2,Pearl Millet
50,32,22,32.94,36.49,6.95,42.05,Red,Cereal,89,Low,9.6,Pearl Millet
50,30,22,26.6,40.7,7.01,69.27,Red,Cereal,86,Low,8.2,Pearl Millet
55,35,31,25.45,30.72,8.32,48.9,Sandy,Cereal,81,Low,9.3,Pearl Millet
38,30,25,34.23,35.92,7.25,35.75,Sandy,Cereal,86,Low,8.5,Pearl Millet
56,25,26,34.0,40.59,7.22,30.51,Loamy,Cereal,83,Low,9.0,Pearl Millet
80,24,29,34.49,43.68,8.26,48.72,Red,Cereal,86,Low,9.0,Pearl Millet
69,35,23,26.38,40.78,6.72,44.36,Loamy,Cereal,90,Low,8.7,Pearl Millet
59,30,27,23.14,38.36,7.33,57.0,Sandy,Cereal,82,Low,7.9,Pearl Millet
64,26,21,28.81,40.89,6.84,22.94,Sandy,Cereal,88,Low,9.8,Pearl Millet
65,24,24,30.98,45.59,7.6,37.66,Sandy,Cereal,85,Low,9.3,Pearl Millet
71,33,27,31.29,50.46,7.45,36.39,Sandy,Cereal,90,Low,9.4,Pearl Millet
56,27,25,32.62,43.18,7.39,62.0,Red,Cereal,89,Low,9.1,Pearl Millet
67,24,26,37.33,40.69,6.69,38.48,Loamy,Cereal,80,Low,8.5,Pearl Millet
57,22,25,34.16,36.55,8.11,50.11,Sandy,Cereal,89,Low,8.6,Pearl Millet
66,24,27,31.6,45.32,6.49,36.05,Loamy,Cereal,87,Low,8.4,Pearl Millet
63,23,27,26.69,45.31,7.58,38.03,Sandy,Cereal,87,Low,9.2,Pearl Millet
55,24,19,32.22,32.61,7.26,42.37,Loamy,Cereal,87,Low,8.8,Pearl Millet
57,33,26,32.11,44.82,6.28,52.57,Loamy,Cereal,87,Low,8.4,Pearl Millet
58,29,24,32.17,50.59,7.85,31.88,Sandy,Cereal,87,Low,9.8,Pearl Millet
63,35,31,34.58,43.5,7.83,46.45,Sandy,Cereal,85,Low,8.8,Pearl Millet
72,25,29,32.75,33.6,7.42,24.0,Loamy,Cereal,87,Low,9.5,Pearl Millet
55,30,30,29.23,35.65,8.09,64.63,Red,Cereal,85,Low,9.6,Pearl Millet
70,26,23,35.31,52.11,7.54,36.2,Sandy,Cereal,93,Low,8.7,Pearl Millet
57,31,29,33.99,44.49,7.48,45.44,Sandy,Cereal,87,Low,7.5,Pearl Millet
57,31,21,32.35,40.77,8.25,60.73,Red,Cereal,83,Low,8.9,Pearl Millet
59,27,25,28.35,35.22,7.57,51.3,Red,Cereal,81,Low,9.5,Pearl Millet
54,31,27,30.88,44.73,6.89,43.04,Sandy,Cereal,84,Low,8.6,Pearl Millet
58,22,23,30.0,40.46,7.06,44.38,Sandy,Cereal,87,Low,9.5,Pearl Millet
54,23,21,29.29,39.89,6.74,32.04,Sandy,Cereal,83,Low,9.1,Pearl Millet
64,27,23,27.76,41.81,6.69,50.73,Sandy,Cereal,77,Low,8.8,Pearl Millet
62,30,33,32.22,35.98,7.14,27.24,Loamy,Cereal,84,Low,8.5,Pearl Millet
67,27,24,28.78,52.43,7.01,63.33,Loamy,Cereal,88,Low,9.3,Pearl Millet
62,31,19,30.02,47.07,7.17,30.95,Loamy,Cereal,84,Low,10.0,Pearl Millet
69,29,27,29.72,31.78,6.65,60.63,Sandy,Cereal,83,Low,8.9,Pearl Millet
57,39,29,38.77,41.05,7.38,29.83,Loamy,Cereal,91,Low,8.3,Pearl Millet
61,24,23,28.07,38.35,6.88,39.52,Sandy,Cereal,88,Low,8.3,Pearl Millet
61,36,23,28.49,40.62,7.91,46.94,Sandy,Cereal,82,Low,9.3,Pearl Millet
51,33,26,29.92,36.97,6.67,50.35,Loamy,Cereal,90,Low,8.6,Pearl Millet
63,19,23,30.89,36.54,6.64,38.32,Sandy,Cereal,86,Low,8.9,Pearl Millet
42,19,23,32.6,25.51,6.9,39.74,Loamy,Cereal,90,Low,8.8,Pearl Millet
63,30,18,33.69,43.29,7.5,84.26,Loamy,Cereal,76,Low,10.0,Pearl Millet
57,31,24,29.52,38.58,7.4,29.83,Loamy,Cereal,88,Low,8.8,Pearl Millet
50,27,28,29.13,44.15,6.76,52.58,Loamy,Cereal,87,Low,10.1,Pearl Millet
58,33,25,35.54,37.69,7.65,43.05,Loamy,Cereal,84,Low,9.1,Pearl Millet
62,29,25,36.52,47.91,7.72,40.44,Red,Cereal,81,Low,9.6,Pearl Millet
67,37,23,30.2,32.16,6.96,54.97,Red,Cereal,83,Low,9.4,Pearl Millet
58,31,21,31.3,24.05,7.09,28.7,Red,Cereal,90,Low,9.5,Pearl Millet
63,37,22,37.12,47.59,7.06,56.36,Red,Cereal,80,Low,8.5,Pearl Millet
55,27,21,35.28,40.45,7.41,39.3,Red,Cereal,77,Low,9.2,Pearl Millet
44,29,20,37.96,47.47,7.26,57.64,Loamy,Cereal,81,Low,9.3,Pearl Millet
61,31,28,33.56,43.73,6.21,35.4,Sandy,Cereal,84,Low,9.1,Pearl Millet
50,42,29,33.11,42.43,7.07,35.48,Sandy,Cereal,85,Low,9.2,Pearl Millet
50,31,24,24.32,36.84,6.95,63.88,Loamy,Cereal,87,Low,8.2,Pearl Millet
63,22,28,29.35,41.44,8.0,32.13,Sandy,Cereal,79,Low,8.6,Pearl Millet
68,22,16,29.42,45.31,7.92,40.37,Sandy,Cereal,83,Low,9.7,Pearl Millet
45,28,25,32.57,38.94,7.22,20.12,Red,Cereal,82,Low,9.3,Pearl Millet
52,30,26,29.8,43.02,6.62,42.93,Red,Cereal,87,Low,9.1,Pearl Millet
55,31,27,23.83,48.95,7.0,49.25,Red,Cereal,90,Low,8.2,Pearl Millet
54,28,22,37.07,36.86,6.87,47.04,Sandy,Cereal,79,Low,8.8,Pearl Millet
62,28,24,29.15,32.91,7.39,62.55,Red,Cereal,85,Low,9.1,Pearl Millet
65,23,30,31.71,51.79,6.76,63.18,Loamy,Cereal,88,Low,9.3,Pearl Millet
61,28,28,31.49,30.2,6.53,43.14,Sandy,Cereal,86,Low,9.0,Pearl Millet
69,20,25,24.64,46.56,7.14,49.2,Sandy,Cereal,81,Low,9.8,Pearl Millet
68,32,24,33.03,37.76,7.71,61.49,Red,Cereal,89,Low,8.6,Pearl Millet
62,23,26,32.58,30.78,6.5,42.17,Loamy,Cereal,83,Low,8.3,Pearl Millet
63,31,24,28.35,48.29,8.19,40.16,Red,Cereal,82,Low,9.3,Pearl Millet
57,29,27,24.32,49.91,7.24,40.89,Red,Cereal,84,Low,9.0,Pearl Millet
46,37,25,32.55,47.71,6.59,49.73,Sandy,Cereal,83,Low,9.5,Pearl Millet
42,29,23,32.51,44.82,6.78,37.88,Sandy,Cereal,84,Low,8.5,Pearl Millet
77,33,18,26.88,41.77,6.08,45.15,Clayey,Cereal,115,Low,9.3,Sorghum
72,31,31,26.62,43.83,6.32,38.98,Black,Cereal,112,Low,8.6,Sorghum
69,32,26,29.82,40.1,7.29,47.97,Black,Cereal,110,Low,7.6,Sorghum
65,39,32,30.94,51.13,6.35,56.03,Black,Cereal,110,Low,9.3,Sorghum
59,39,33,33.49,45.54,7.26,87.38,Clayey,Cereal,111,Low,7.6,Sorghum
53,38,22,26.88,50.62,6.99,65.11,Black,Cereal,116,Low,9.3,Sorghum
61,31,26,30.49,53.4,7.13,74.2,Clayey,Cereal,108,Low,9.5,Sorghum
83,38,37,23.03,44.85,6.53,68.66,Black,Cereal,108,Low,9.0,Sorghum
82,38,31,25.04,42.92,7.52,69.35,Loamy,Cereal,114,Low,8.2,Sorghum
51,29,37,24.16,49.14,7.4,44.94,Black,Cereal,116,Low,9.1,Sorghum
70,49,23,31.18,46.96,7.29,65.3,Clayey,Cereal,110,Low,8.6,Sorghum
53,38,31,29.92,54.35,7.08,61.78,Black,Cereal,109,Low,8.1,Sorghum
80,42,29,28.14,42.57,7.49,67.99,Clayey,Cereal,126,Low,8.0,Sorghum
66,36,32,27.35,42.76,7.34,68.65,Clayey,Cereal,109,Low,9.3,Sorghum
80,35,30,29.66,42.83,6.92,34.17,Black,Cereal,120,Low,7.6,Sorghum
83,33,29,26.12,46.27,7.61,30.15,Clayey,Cereal,122,Low,8.7,Sorghum
59,29,36,25.16,41.08,7.47,64.06,Black,Cereal,109,Low,8.6,Sorghum
60,40,34,29.6,50.17,7.78,60.0,Loamy,Cereal,108,Low,8.8,Sorghum
88,29,28,29.25,47.68,6.41,73.46,Clayey,Cereal,128,Low,8.6,Sorghum
61,27,31,31.31,50.85,6.9,52.93,Clayey,Cereal,108,Low,9.0,Sorghum
78,27,36,29.72,56.4,6.23,43.61,Clayey,Cereal,114,Low,8.8,Sorghum
86,38,29,24.92,55.38,6.42,79.54,Clayey,Cereal,113,Low,9.5,Sorghum
76,34,27,26.98,50.57,6.94,52.87,Loamy,Cereal,114,Low,8.5,Sorghum
50,37,26,24.54,37.88,6.0,43.73,Loamy,Cereal,110,Low,9.7,Sorghum
65,35,31,28.39,47.54,6.3,77.41,Black,Cereal,125,Low,7.5,Sorghum
60,33,26,29.52,43.63,7.98,74.29,Clayey,Cereal,116,Low,9.1,Sorghum
79,32,26,28.23,53.17,6.97,41.08,Clayey,Cereal,110,Low,8.5,Sorghum
69,44,24,29.52,56.93,8.04,55.15,Loamy,Cereal,117,Low,8.8,Sorghum
71,34,31,20.4,52.09,6.96,57.33,Black,Cereal,126,Low,8.1,Sorghum
66,44,26,26.35,47.12,7.32,62.49,Loamy,Cereal,107,Low,8.2,Sorghum
64,34,31,29.25,37.34,7.43,63.03,Loamy,Cereal,122,Low,8.8,Sorghum
79,37,35,29.57,47.41,8.04,70.67,Black,Cereal,118,Low,7.7,Sorghum
58,36,30,26.16,48.85,7.69,68.34,Clayey,Cereal,108,Low,8.4,Sorghum
62,33,28,26.57,40.47,6.84,53.27,Clayey,Cereal,98,Low,9.7,Sorghum
79,33,30,24.49,58.17,7.85,61.88,Loamy,Cereal,120,Low,8.6,Sorghum
57,32,30,26.64,46.69,6.85,59.03,Loamy,Cereal,115,Low,7.9,Sorghum
63,28,33,21.68,54.92,7.59,56.37,Loamy,Cereal,100,Low,8.3,Sorghum
69,29,27,32.59,51.99,6.44,40.83,Black,Cereal,113,Low,8.4,Sorghum
74,32,32,33.81,52.89,6.88,57.8,Black,Cereal,112,Low,9.2,Sorghum
64,35,30,26.49,39.77,7.06,59.27,Loamy,Cereal,117,Low,8.2,Sorghum
80,30,36,22.76,50.61,7.14,50.45,Clayey,Cereal,117,Low,9.3,Sorghum
50,37,20,25.1,57.77,6.61,45.91,Clayey,Cereal,113,Low,9.7,Sorghum
53,29,35,33.57,47.38,6.28,85.15,Black,Cereal,124,Low,8.9,Sorghum
62,34,29,28.99,56.71,7.34,47.07,Black,Cereal,122,Low,8.7,Sorghum
76,42,25,27.89,44.81,6.12,64.16,Clayey,Cereal,129,Low,7.4,Sorghum
69,38,30,27.66,40.2,7.02,50.92,Black,Cereal,102,Low,9.2,Sorghum
78,35,30,31.22,49.35,7.35,56.43,Clayey,Cereal,122,Low,8.7,Sorghum
71,28,31,25.5,44.17,6.49,47.21,Loamy,Cereal,127,Low,9.3,Sorghum
87,28,30,24.12,43.83,6.44,74.88,Black,Cereal,112,Low,9.1,Sorghum
75,46,24,31.78,54.88,6.41,72.09,Loamy,Cereal,116,Low,8.4,Sorghum
62,31,38,28.0,52.69,6.5,50.64,Black,Cereal,121,Low,7.7,Sorghum
66,35,30,27.46,50.37,7.25,68.82,Black,Cereal,109,Low,8.3,Sorghum
80,39,24,29.05,36.13,6.92,82.77,Loamy,Cereal,109,Low,8.0,Sorghum
76,27,27,29.79,44.19,6.78,68.93,Loamy,Cereal,117,Low,8.7,Sorghum
66,36,29,29.37,45.02,6.81,48.12,Black,Cereal,114,Low,8.0,Sorghum
59,36,30,30.35,45.41,7.1,66.61,Loamy,Cereal,117,Low,8.0,Sorghum
71,36,30,21.74,48.96,8.01,55.68,Clayey,Cereal,110,Low,8.7,Sorghum
72,40,24,30.19,51.54,6.83,64.06,Clayey,Cereal,120,Low,9.0,Sorghum
59,39,29,28.22,48.44,6.82,74.3,Loamy,Cereal,114,Low,7.8,Sorghum
66,35,34,29.81,42.9,8.14,63.18,Clayey,Cereal,122,Low,8.4,Sorghum
74,39,34,31.17,53.23,6.74,53.14,Clayey,Cereal,116,Low,9.1,Sorghum
67,40,35,25.25,42.98,6.83,63.69,Clayey,Cereal,111,Low,9.3,Sorghum
73,35,24,24.05,49.69,5.83,72.15,Black,Cereal,114,Low,10.4,Sorghum
90,34,29,30.99,58.22,6.08,38.56,Clayey,Cereal,111,Low,8.8,Sorghum
74,40,25,21.05,53.15,6.49,35.78,Clayey,Cereal,115,Low,9.0,Sorghum
68,32,29,26.89,39.91,6.54,66.26,Loamy,Cereal,116,Low,8.6,Sorghum
61,34,21,28.54,56.57,6.16,52.97,Clayey,Cereal,116,Low,9.3,Sorghum
65,31,22,28.31,60.25,7.04,59.73,Black,Cereal,116,Low,8.5,Sorghum
62,39,30,28.05,42.15,7.55,67.98,Black,Cereal,111,Low,9.1,Sorghum
65,31,26,22.69,50.83,5.98,45.26,Loamy,Cereal,103,Low,8.4,Sorghum
49,28,21,22.07,62.32,6.22,73.8,Red,Cereal,114,Low,7.6,Finger Millet
57,32,23,25.64,58.8,6.5,66.09,Red,Cereal,119,Low,7.6,Finger Millet
44,25,20,21.0,53.91,6.58,59.29,Sandy,Cereal,123,Low,7.5,Finger Millet
38,32,27,22.52,62.1,6.07,71.17,Sandy,Cereal,112,Low,6.4,Finger Millet
47,29,23,22.04,58.0,6.63,69.46,Red,Cereal,121,Low,7.1,Finger Millet
57,25,26,27.95,62.4,6.4,63.66,Loamy,Cereal,126,Low,6.6,Finger Millet
44,28,28,25.95,55.16,6.34,62.63,Loamy,Cereal,115,Low,8.1,Finger Millet
41,36,27,27.73,57.69,6.43,52.8,Sandy,Cereal,116,Low,7.8,Finger Millet
57,25,23,24.62,53.02,6.8,61.31,Red,Cereal,118,Low,7.2,Finger Millet
45,29,24,24.07,56.36,6.66,89.84,Sandy,Cereal,120,Low,8.1,Finger Millet
41,30,21,21.31,56.3,7.1,81.4,Loamy,Cereal,121,Low,6.6,Finger Millet
48,31,25,20.39,55.55,6.47,76.44,Red,Cereal,106,Low,7.4,Finger Millet
50,33,27,26.46,56.0,5.55,65.28,Sandy,Cereal,126,Low,8.3,Finger Millet
54,31,26,23.61,59.35,7.33,58.69,Sandy,Cereal,129,Low,7.3,Finger Millet
57,24,26,23.16,52.92,6.61,82.11,Loamy,Cereal,114,Low,6.6,Finger Millet
49,29,26,27.37,59.7,7.43,72.69,Sandy,Cereal,117,Low,6.5,Finger Millet
48,28,27,26.16,54.1,6.59,78.06,Loamy,Cereal,129,Low,8.0,Finger Millet
54,30,26,28.12,53.34,6.33,60.73,Loamy,Cereal,122,Low,8.2,Finger Millet
46,20,23,27.28,62.69,6.71,66.64,Red,Cereal,112,Low,7.8,Finger Millet
44,38,26,23.55,56.94,6.45,67.13,Red,Cereal,126,Low,7.6,Finger Millet
45,37,25,26.92,56.96,6.68,73.73,Sandy,Cereal,108,Low,8.7,Finger Millet
57,28,21,25.87,60.43,6.68,72.3,Loamy,Cereal,123,Low,8.4,Finger Millet
53,25,29,29.1,75.76,5.94,72.91,Loamy,Cereal,107,Low,7.8,Finger Millet
46,37,22,20.78,57.64,5.51,79.01,Red,Cereal,107,Low,7.5,Finger Millet
37,28,29,25.9,55.68,6.48,70.22,Red,Cereal,122,Low,6.7,Finger Millet
53,19,23,23.78,63.17,6.51,53.13,Loamy,Cereal,114,Low,7.6,Finger Millet
49,27,23,26.74,57.41,6.46,96.04,Red,Cereal,111,Low,6.4,Finger Millet
54,27,24,23.05,58.7,7.3,79.63,Sandy,Cereal,125,Low,6.7,Finger Millet
43,18,22,27.39,62.58,6.39,69.73,Loamy,Cereal,115,Low,7.6,Finger Millet
54,23,25,27.33,57.92,6.85,103.78,Red,Cereal,119,Low,7.7,Finger Millet
45,30,26,25.49,54.9,6.6,87.55,Sandy,Cereal,122,Low,8.1,Finger Millet
48,32,25,22.62,61.59,6.0,62.41,Loamy,Cereal,121,Low,7.7,Finger Millet
42,34,26,23.24,52.31,6.43,64.65,Sandy,Cereal,120,Low,7.3,Finger Millet
37,28,24,26.58,56.51,7.34,47.06,Sandy,Cereal,127,Low,7.4,Finger Millet
55,30,28,24.03,54.51,7.21,68.64,Loamy,Cereal,121,Low,8.2,Finger Millet
43,32,23,24.67,60.36,5.75,60.65,Sandy,Cereal,128,Low,8.0,Finger Millet
49,30,24,28.39,59.0,6.62,83.75,Red,Cereal,115,Low,8.4,Finger Millet
40,36,23,24.39,50.55,6.27,57.52,Red,Cereal,116,Low,7.4,Finger Millet
55,30,25,22.26,55.6,7.4,61.18,Red,Cereal,129,Low,7.4,Finger Millet
50,34,28,24.72,58.06,6.47,74.06,Sandy,Cereal,125,Low,7.5,Finger Millet
53,36,26,25.78,52.41,5.18,74.66,Red,Cereal,119,Low,7.2,Finger Millet
51,29,28,25.22,56.27,7.0,67.39,Sandy,Cereal,123,Low,7.2,Finger Millet
46,30,25,26.2,58.66,5.58,64.81,Red,Cereal,124,Low,7.3,Finger Millet
48,33,22,21.14,59.2,6.26,58.41,Loamy,Cereal,118,Low,7.8,Finger Millet
49,31,30,24.14,61.39,6.25,59.84,Sandy,Cereal,116,Low,7.2,Finger Millet
52,39,22,23.96,59.68,6.7,73.16,Sandy,Cereal,127,Low,6.0,Finger Millet
35,28,28,21.09,44.96,6.79,72.92,Red,Cereal,113,Low,6.9,Finger Millet
44,30,23,26.24,45.73,6.07,56.49,Loamy,Cereal,118,Low,7.2,Finger Millet
54,22,25,26.4,69.28,6.26,73.89,Red,Cereal,109,Low,6.1,Finger Millet
55,29,28,21.57,62.6,7.43,75.04,Red,Cereal,121,Low,7.5,Finger Millet
40,35,23,26.26,52.18,5.91,87.22,Loamy,Cereal,117,Low,8.4,Finger Millet
49,22,27,23.53,63.49,6.51,51.48,Loamy,Cereal,120,Low,8.8,Finger Millet
52,29,28,25.53,61.05,5.95,72.81,Red,Cereal,126,Low,7.0,Finger Millet
58,29,22,27.49,58.57,6.88,66.5,Loamy,Cereal,119,Low,7.8,Finger Millet
51,22,21,27.32,59.34,6.24,53.7,Red,Cereal,113,Low,6.3,Finger Millet
49,27,22,24.83,61.82,7.55,51.86,Sandy,Cereal,126,Low,8.1,Finger Millet
45,30,23,25.46,67.55,6.8,76.1,Red,Cereal,117,Low,6.6,Finger Millet
48,34,20,22.36,60.63,6.01,60.49,Sandy,Cereal,117,Low,6.7,Finger Millet
44,32,21,21.01,56.85,6.87,67.64,Red,Cereal,117,Low,7.5,Finger Millet
39,31,26,23.98,65.03,5.94,83.53,Loamy,Cereal,120,Low,7.3,Finger Millet
49,29,28,22.31,56.19,7.02,62.85,Sandy,Cereal,125,Low,8.5,Finger Millet
47,32,21,26.89,61.0,6.74,62.25,Loamy,Cereal,110,Low,7.8,Finger Millet
37,28,27,25.48,69.74,7.01,62.15,Sandy,Cereal,120,Low,7.5,Finger Millet
40,26,23,19.91,60.24,6.38,49.93,Sandy,Cereal,122,Low,7.9,Finger Millet
51,28,26,26.7,61.54,6.09,73.32,Red,Cereal,127,Low,7.1,Finger Millet
62,27,25,23.32,61.12,5.63,63.45,Red,Cereal,113,Low,7.6,Finger Millet
55,32,17,30.11,61.48,6.11,71.89,Red,Cereal,121,Low,7.1,Finger Millet
51,27,23,23.28,52.84,6.57,77.02,Red,Cereal,123,Low,8.0,Finger Millet
51,27,27,21.61,55.5,6.02,82.96,Loamy,Cereal,125,Low,7.8,Finger Millet
56,26,26,24.69,64.23,6.44,65.38,Red,Cereal,123,Low,8.0,Finger Millet
69,39,30,11.0,63.0,6.54,72.62,Loamy,Cereal,90,Medium,6.3,Oats
57,46,30,18.51,66.73,5.94,58.67,Alluvial,Cereal,101,Medium,6.0,Oats
75,37,27,11.54,63.13,6.08,64.47,Clayey,Cereal,103,Medium,7.2,Oats
72,38,37,13.29,63.12,6.52,76.8,Clayey,Cereal,90,Medium,6.0,Oats
67,40,36,18.99,59.53,6.1,81.5,Alluvial,Cereal,101,Medium,7.3,Oats
77,34,29,12.9,65.31,6.78,88.49,Alluvial,Cereal,104,Medium,7.2,Oats
70,34,38,16.84,62.54,6.45,73.23,Loamy,Cereal,106,Medium,7.3,Oats
79,44,37,15.08,65.78,5.74,80.54,Clayey,Cereal,94,Medium,6.7,Oats
68,42,34,12.81,64.1,6.07,78.81,Loamy,Cereal,100,Medium,6.7,Oats
67,37,33,17.71,70.39,5.98,80.77,Alluvial,Cereal,89,Medium,5.8,Oats
67,33,28,16.83,60.93,6.45,76.9,Loamy,Cereal,101,Medium,6.9,Oats
74,34,39,14.82,57.32,6.23,60.87,Clayey,Cereal,97,Medium,6.7,Oats
77,35,33,18.15,64.48,7.13,81.8,Loamy,Cereal,105,Medium,5.7,Oats
81,39,32,16.34,66.73,6.5,61.22,Clayey,Cereal,103,Medium,6.1,Oats
76,38,34,17.53,56.8,7.08,51.79,Loamy,Cereal,97,Medium,6.7,Oats
79,39,34,16.82,60.84,6.86,78.39,Loamy,Cereal,104,Medium,5.9,Oats
74,38,30,16.72,59.31,6.56,59.3,Clayey,Cereal,108,Medium,6.0,Oats
76,43,32,17.7,55.85,6.88,70.14,Clayey,Cereal,97,Medium,6.3,Oats
81,37,32,15.56,56.12,7.03,64.34,Clayey,Cereal,104,Medium,6.6,Oats
67,39,38,15.62,67.97,6.71,79.19,Loamy,Cereal,97,Medium,5.9,Oats
70,40,37,11.66,61.96,6.36,67.22,Loamy,Cereal,106,Medium,6.8,Oats
85,38,38,19.27,68.56,5.86,67.46,Loamy,Cereal,98,Medium,6.8,Oats
80,35,35,11.96,69.21,6.1,70.56,Alluvial,Cereal,98,Medium,7.2,Oats
52,39,34,15.09,70.63,5.95,77.72,Loamy,Cereal,101,Medium,7.3,Oats
69,36,39,16.85,54.28,6.08,73.86,Clayey,Cereal,104,Medium,6.1,Oats
51,42,30,11.97,47.84,6.63,71.29,Clayey,Cereal,98,Medium,7.3,Oats
80,48,29,15.93,53.92,6.21,67.51,Clayey,Cereal,103,Medium,6.5,Oats
79,43,43,15.37,57.29,6.4,61.98,Loamy,Cereal,107,Medium,6.3,Oats
70,37,37,15.68,58.79,6.97,61.44,Clayey,Cereal,100,Medium,6.9,Oats
61,42,30,17.65,57.19,6.58,81.06,Clayey,Cereal,104,Medium,6.7,Oats
73,37,40,14.6,56.81,6.57,62.04,Alluvial,Cereal,95,Medium,5.6,Oats
71,39,35,17.9,64.63,6.22,68.02,Alluvial,Cereal,102,Medium,7.3,Oats
76,37,31,13.11,65.33,6.53,75.77,Clayey,Cereal,99,Medium,7.3,Oats
71,44,34,14.78,64.96,6.46,73.57,Alluvial,Cereal,100,Medium,6.5,Oats
94,45,37,16.22,67.04,6.51,70.26,Alluvial,Cereal,98,Medium,6.5,Oats
49,41,33,19.19,62.1,5.82,69.5,Clayey,Cereal,94,Medium,6.8,Oats
77,44,31,16.07,55.17,6.58,75.19,Loamy,Cereal,102,Medium,6.5,Oats
78,48,33,16.28,56.57,5.95,70.98,Loamy,Cereal,105,Medium,6.3,Oats
73,37,32,16.59,54.51,6.81,63.35,Clayey,Cereal,103,Medium,5.7,Oats
80,43,36,14.01,63.25,5.83,67.47,Loamy,Cereal,105,Medium,7.0,Oats
75,35,37,16.04,50.4,6.61,69.76,Alluvial,Cereal,106,Medium,5.8,Oats
49,41,36,12.62,57.11,7.4,66.94,Clayey,Cereal,103,Medium,6.1,Oats
58,39,33,15.2,61.43,6.41,68.5,Loamy,Cereal,93,Medium,6.8,Oats
59,29,37,17.01,61.71,5.74,62.92,Loamy,Cereal,98,Medium,5.5,Oats
69,43,40,15.16,65.78,5.53,76.59,Alluvial,Cereal,95,Medium,6.7,Oats
73,46,31,17.26,60.6,6.24,68.16,Clayey,Cereal,95,Medium,6.5,Oats
74,41,35,17.6,66.62,5.88,78.69,Clayey,Cereal,94,Medium,6.9,Oats
79,30,35,15.06,58.21,6.84,63.46,Alluvial,Cereal,95,Medium,6.5,Oats
80,39,39,17.06,51.11,6.09,64.38,Clayey,Cereal,102,Medium,4.9,Oats
95,42,35,18.36,73.72,6.65,79.49,Clayey,Cereal,100,Medium,6.4,Oats
71,35,32,13.3,61.62,5.63,71.91,Alluvial,Cereal,99,Medium,6.6,Oats
70,55,40,13.51,63.16,6.06,59.86,Alluvial,Cereal,93,Medium,6.8,Oats
69,44,38,18.75,57.74,6.49,76.32,Loamy,Cereal,97,Medium,6.0,Oats
87,41,37,14.36,55.9,6.07,68.76,Clayey,Cereal,94,Medium,6.5,Oats
61,34,37,17.21,60.04,5.89,59.73,Alluvial,Cereal,98,Medium,6.9,Oats
82,37,30,16.54,57.88,6.09,83.25,Loamy,Cereal,104,Medium,6.6,Oats
64,41,39,15.25,68.76,6.82,86.64,Clayey,Cereal,101,Medium,6.9,Oats
86,42,32,15.1,63.19,5.78,68.57,Loamy,Cereal,105,Medium,5.2,Oats
87,45,33,17.09,62.02,6.79,79.83,Alluvial,Cereal,92,Medium,6.9,Oats
73,40,32,19.5,67.2,6.0,56.65,Clayey,Cereal,98,Medium,6.8,Oats
76,46,38,17.94,63.63,5.74,68.04,Loamy,Cereal,105,Medium,6.5,Oats
79,38,30,15.75,63.55,6.04,67.64,Alluvial,Cereal,95,Medium,7.2,Oats
72,47,41,15.84,56.96,5.47,55.28,Alluvial,Cereal,93,Medium,7.3,Oats
75,41,26,13.6,66.44,6.41,68.53,Alluvial,Cereal,102,Medium,7.5,Oats
73,40,35,20.78,51.5,6.57,68.85,Alluvial,Cereal,102,Medium,6.1,Oats
74,43,47,17.62,57.76,6.13,65.47,Alluvial,Cereal,91,Medium,6.3,Oats
80,33,39,16.98,58.33,6.24,85.98,Alluvial,Cereal,103,Medium,6.5,Oats
73,40,32,11.79,72.21,6.36,73.98,Alluvial,Cereal,99,Medium,6.1,Oats
73,32,44,13.53,56.84,6.12,82.88,Loamy,Cereal,100,Medium,5.8,Oats
85,43,37,17.43,73.97,7.17,63.13,Clayey,Cereal,108,Medium,6.7,Oats
40,57,79,17.54,19.07,7.84,59.26,Loamy,Pulse,109,Low,8.7,Chickpea
36,72,81,19.61,16.32,6.69,68.78,Black,Pulse,113,Low,8.0,Chickpea
37,65,78,20.88,16.16,6.63,87.44,Clayey,Pulse,108,Low,8.0,Chickpea
47,67,81,16.88,16.45,7.6,64.45,Loamy,Pulse,111,Low,8.1,Chickpea
38,74,81,21.66,14.52,7.37,80.84,Clayey,Pulse,104,Low,8.6,Chickpea
51,67,82,19.15,15.22,6.39,72.94,Loamy,Pulse,102,Low,9.0,Chickpea
37,65,83,16.98,15.08,7.33,90.29,Clayey,Pulse,112,Low,8.1,Chickpea
38,70,80,17.15,17.12,6.76,80.81,Black,Pulse,107,Low,9.5,Chickpea
37,59,79,19.93,21.18,7.01,64.18,Clayey,Pulse,114,Low,7.2,Chickpea
35,66,79,20.24,15.29,7.16,79.86,Loamy,Pulse,110,Low,8.1,Chickpea
40,73,81,19.82,13.04,7.33,84.8,Clayey,Pulse,114,Low,7.6,Chickpea
34,64,82,20.86,15.98,7.75,81.23,Loamy,Pulse,109,Low,7.9,Chickpea
42,69,89,17.47,18.3,7.04,71.31,Clayey,Pulse,109,Low,8.1,Chickpea
55,66,75,19.49,12.0,7.25,80.16,Loamy,Pulse,114,Low,8.6,Chickpea
34,67,76,16.97,17.77,6.66,75.85,Loamy,Pulse,104,Low,8.3,Chickpea
48,60,72,18.78,17.04,7.41,75.54,Loamy,Pulse,108,Low,8.2,Chickpea
44,56,78,19.38,14.71,8.17,73.65,Clayey,Pulse,109,Low,8.3,Chickpea
34,56,78,20.85,16.16,6.88,89.26,Loamy,Pulse,108,Low,7.7,Chickpea
38,72,89,20.49,19.9,7.05,69.74,Clayey,Pulse,110,Low,8.1,Chickpea
31,66,81,19.65,18.26,7.45,74.93,Black,Pulse,107,Low,7.3,Chickpea
48,68,79,17.33,24.34,6.76,75.71,Black,Pulse,112,Low,8.4,Chickpea
43,78,82,17.1,16.36,7.45,100.68,Loamy,Pulse,102,Low,8.7,Chickpea
39,73,79,17.48,18.88,7.63,89.72,Clayey,Pulse,109,Low,7.6,Chickpea
28,72,81,17.26,15.65,7.07,65.17,Loamy,Pulse,105,Low,7.3,Chickpea
35,63,73,22.64,20.13,6.91,82.72,Clayey,Pulse,112,Low,8.7,Chickpea
33,74,77,16.6,18.81,7.95,105.88,Clayey,Pulse,103,Low,8.4,Chickpea
35,72,74,16.73,15.06,7.34,73.59,Black,Pulse,113,Low,8.6,Chickpea
41,77,81,16.81,20.41,7.0,89.1,Clayey,Pulse,118,Low,8.3,Chickpea
29,62,85,18.7,17.2,7.68,86.96,Clayey,Pulse,111,Low,7.9,Chickpea
36,73,82,18.54,19.71,7.24,71.48,Loamy,Pulse,105,Low,7.4,Chickpea
36,75,76,19.34,15.36,7.17,64.9,Loamy,Pulse,108,Low,7.9,Chickpea
41,69,75,20.95,17.53,7.4,79.91,Clayey,Pulse,107,Low,8.1,Chickpea
40,57,77,18.54,17.64,7.9,72.28,Black,Pulse,107,Low,7.7,Chickpea
33,65,83,17.1,18.07,6.45,74.39,Loamy,Pulse,108,Low,9.0,Chickpea
36,54,72,19.06,18.53,7.49,81.68,Loamy,Pulse,116,Low,7.7,Chickpea
43,58,76,15.75,16.31,7.28,81.14,Black,Pulse,110,Low,7.4,Chickpea
36,59,85,18.45,15.78,8.09,67.58,Loamy,Pulse,103,Low,7.3,Chickpea
37,70,82,23.63,12.0,7.6,74.43,Clayey,Pulse,106,Low,7.6,Chickpea
32,78,83,19.04,20.38,6.54,66.69,Clayey,Pulse,98,Low,7.6,Chickpea
38,68,80,16.46,19.01,7.42,87.33,Clayey,Pulse,99,Low,8.2,Chickpea
30,65,82,19.16,14.87,7.3,64.68,Loamy,Pulse,116,Low,7.9,Chickpea
44,64,77,17.62,19.19,6.95,86.45,Loamy,Pulse,107,Low,6.8,Chickpea
34,60,80,16.86,19.31,7.25,78.22,Loamy,Pulse,113,Low,8.6,Chickpea
37,63,72,17.77,15.46,7.35,76.55,Loamy,Pulse,113,Low,7.6,Chickpea
37,75,81,18.89,15.5,6.98,71.49,Clayey,Pulse,107,Low,8.5,Chickpea
36,59,87,19.58,13.48,7.08,81.11,Black,Pulse,119,Low,7.3,Chickpea
43,76,77,18.5,14.41,7.2,79.63,Clayey,Pulse,113,Low,8.7,Chickpea
33,56,79,19.53,17.62,7.14,81.25,Loamy,Pulse,118,Low,8.2,Chickpea
35,64,79,21.95,16.54,7.29,75.18,Clayey,Pulse,116,Low,9.2,Chickpea
40,68,80,14.71,18.86,7.37,84.28,Black,Pulse,106,Low,7.8,Chickpea
35,74,78,22.75,18.08,6.66,78.71,Clayey,Pulse,106,Low,6.7,Chickpea
47,72,82,19.3,13.54,7.06,88.42,Black,Pulse,104,Low,6.5,Chickpea
36,67,80,20.31,18.59,7.43,91.96,Loamy,Pulse,101,Low,8.3,Chickpea
41,60,73,17.66,15.35,7.68,73.85,Clayey,Pulse,105,Low,7.6,Chickpea
44,68,79,18.8,20.23,6.93,93.16,Clayey,Pulse,111,Low,7.9,Chickpea
53,61,78,16.78,19.38,8.14,96.7,Clayey,Pulse,116,Low,7.9,Chickpea
35,57,88,19.84,15.77,7.96,70.27,Clayey,Pulse,112,Low,7.9,Chickpea
41,67,74,19.14,19.62,7.29,87.75,Loamy,Pulse,104,Low,8.0,Chickpea
34,72,80,20.24,19.72,7.65,82.73,Black,Pulse,104,Low,8.0,Chickpea
34,65,78,17.24,12.11,6.97,81.93,Black,Pulse,102,Low,8.0,Chickpea
49,74,86,19.7,19.92,6.94,73.56,Clayey,Pulse,94,Low,8.7,Chickpea
47,64,78,17.64,17.96,7.86,62.57,Loamy,Pulse,112,Low,7.8,Chickpea
38,70,79,18.81,16.47,7.79,84.19,Black,Pulse,111,Low,7.2,Chickpea
35,73,80,20.19,21.42,7.82,80.93,Black,Pulse,107,Low,6.5,Chickpea
36,66,81,18.72,16.2,6.41,70.6,Black,Pulse,112,Low,9.0,Chickpea
37,69,83,17.54,17.92,6.93,88.65,Black,Pulse,110,Low,8.2,Chickpea
33,72,88,17.19,16.15,7.42,87.86,Black,Pulse,106,Low,6.3,Chickpea
46,72,73,17.91,20.92,8.02,89.39,Black,Pulse,109,Low,8.0,Chickpea
37,74,76,17.55,19.53,7.28,93.78,Loamy,Pulse,106,Low,8.0,Chickpea
32,68,74,18.12,13.41,7.65,87.17,Clayey,Pulse,100,Low,8.8,Chickpea
34,68,18,39.3,37.45,5.81,154.49,Black,Pulse,170,Medium,8.2,Pigeonpea
19,62,18,23.97,48.38,5.46,112.65,Loamy,Pulse,170,Medium,7.7,Pigeonpea
15,66,20,21.01,50.65,5.17,192.78,Loamy,Pulse,164,Medium,7.8,Pigeonpea
18,67,21,27.9,46.26,5.84,134.9,Red,Pulse,157,Medium,6.7,Pigeonpea
26,69,17,35.59,48.7,5.18,171.42,Red,Pulse,163,Medium,8.2,Pigeonpea
19,70,19,30.22,32.76,5.54,193.05,Black,Pulse,153,Medium,7.6,Pigeonpea
19,60,13,27.08,49.09,5.77,146.38,Red,Pulse,160,Medium,8.6,Pigeonpea
21,64,19,30.32,59.3,5.42,152.47,Red,Pulse,162,Medium,7.4,Pigeonpea
22,59,14,29.47,44.93,5.92,149.55,Loamy,Pulse,152,Medium,8.0,Pigeonpea
15,76,15,27.22,39.66,6.14,141.71,Loamy,Pulse,155,Medium,8.5,Pigeonpea
22,71,17,22.38,48.86,5.61,165.66,Loamy,Pulse,159,Medium,8.1,Pigeonpea
13,79,19,30.79,41.31,5.98,117.43,Black,Pulse,163,Medium,7.8,Pigeonpea
22,72,16,25.26,51.66,7.06,146.55,Black,Pulse,164,Medium,7.9,Pigeonpea
31,57,20,21.5,27.95,5.98,153.49,Red,Pulse,157,Medium,7.9,Pigeonpea
37,66,21,25.4,50.36,5.66,139.74,Red,Pulse,174,Medium,8.7,Pigeonpea
22,54,18,38.81,46.15,6.46,186.05,Black,Pulse,161,Medium,7.5,Pigeonpea
9,72,17,28.7,38.0,5.64,150.84,Black,Pulse,162,Medium,7.3,Pigeonpea
27,64,14,27.56,48.28,5.9,184.05,Loamy,Pulse,158,Medium,7.9,Pigeonpea
16,72,20,26.32,32.76,6.67,119.31,Black,Pulse,155,Medium,8.2,Pigeonpea
16,59,13,30.88,43.64,7.56,125.14,Black,Pulse,152,Medium,7.7,Pigeonpea
23,65,21,24.09,36.95,4.72,94.41,Red,Pulse,155,Medium,7.8,Pigeonpea
18,75,23,26.66,33.65,5.46,135.0,Red,Pulse,154,Medium,7.6,Pigeonpea
18,65,18,28.83,50.88,5.25,181.78,Loamy,Pulse,152,Medium,7.0,Pigeonpea
23,63,20,18.39,59.14,6.2,112.49,Black,Pulse,148,Medium,9.0,Pigeonpea
18,62,13,26.6,46.18,6.23,115.02,Red,Pulse,147,Medium,8.3,Pigeonpea
27,58,23,28.15,56.73,5.76,86.94,Black,Pulse,158,Medium,8.6,Pigeonpea
17,65,19,16.4,61.37,5.26,162.64,Black,Pulse,159,Medium,8.8,Pigeonpea
24,66,17,31.19,33.01,6.19,122.52,Loamy,Pulse,170,Medium,8.1,Pigeonpea
25,68,14,24.56,53.38,5.9,179.52,Black,Pulse,163,Medium,7.4,Pigeonpea
18,68,13,34.69,51.53,6.54,110.48,Loamy,Pulse,169,Medium,9.3,Pigeonpea
15,72,20,21.82,51.94,6.3,134.97,Red,Pulse,169,Medium,7.0,Pigeonpea
14,68,20,25.13,54.48,6.12,171.45,Red,Pulse,159,Medium,8.4,Pigeonpea
19,80,17,36.42,48.28,4.97,184.2,Red,Pulse,161,Medium,8.5,Pigeonpea
28,70,18,31.9,48.01,6.21,96.16,Red,Pulse,163,Medium,7.6,Pigeonpea
30,71,20,29.95,40.01,6.77,199.78,Loamy,Pulse,163,Medium,9.0,Pigeonpea
19,63,20,29.74,44.85,6.12,157.66,Loamy,Pulse,152,Medium,8.3,Pigeonpea
26,69,23,23.13,51.74,5.1,122.15,Red,Pulse,154,Medium,7.4,Pigeonpea
19,66,22,26.72,35.31,6.48,129.07,Red,Pulse,159,Medium,8.3,Pigeonpea
22,74,21,24.55,65.43,5.92,146.32,Red,Pulse,167,Medium,8.1,Pigeonpea
23,82,19,26.73,48.93,6.44,112.34,Loamy,Pulse,144,Medium,7.6,Pigeonpea
13,65,21,24.44,36.59,5.84,171.56,Red,Pulse,146,Medium,8.5,Pigeonpea
26,73,23,36.81,45.15,5.87,139.59,Loamy,Pulse,160,Medium,8.9,Pigeonpea
15,62,24,32.08,45.09,6.31,158.53,Black,Pulse,172,Medium,8.0,Pigeonpea
27,83,21,28.2,53.78,5.58,209.7,Red,Pulse,161,Medium,7.8,Pigeonpea
17,74,22,26.01,52.61,4.89,154.62,Loamy,Pulse,163,Medium,9.0,Pigeonpea
18,60,17,22.65,58.69,6.73,158.01,Loamy,Pulse,169,Medium,8.1,Pigeonpea
21,66,19,21.81,50.11,5.78,168.63,Loamy,Pulse,160,Medium,7.9,Pigeonpea
17,68,22,23.43,48.7,5.94,132.05,Black,Pulse,155,Medium,8.1,Pigeonpea
16,70,17,32.25,66.7,5.28,163.36,Red,Pulse,154,Medium,8.6,Pigeonpea
15,70,17,27.17,39.75,6.29,129.08,Loamy,Pulse,164,Medium,7.8,Pigeonpea
21,68,17,28.84,60.24,5.33,179.3,Red,Pulse,171,Medium,7.5,Pigeonpea
14,69,18,35.47,48.28,5.32,121.32,Loamy,Pulse,168,Medium,7.7,Pigeonpea
22,73,18,27.82,47.87,6.21,164.77,Red,Pulse,158,Medium,8.0,Pigeonpea
20,59,20,35.57,40.93,5.34,128.23,Black,Pulse,165,Medium,8.3,Pigeonpea
21,62,20,21.74,49.15,6.32,118.72,Loamy,Pulse,147,Medium,8.9,Pigeonpea
18,74,19,27.35,51.51,5.27,153.31,Loamy,Pulse,156,Medium,7.2,Pigeonpea
23,66,19,23.16,60.73,6.33,174.1,Black,Pulse,157,Medium,7.0,Pigeonpea
31,67,17,29.67,57.34,5.79,181.96,Red,Pulse,168,Medium,7.4,Pigeonpea
18,73,11,27.4,36.55,5.51,142.53,Loamy,Pulse,157,Medium,7.7,Pigeonpea
16,81,25,23.35,60.66,5.56,153.23,Black,Pulse,159,Medium,7.6,Pigeonpea
26,68,18,22.78,40.85,4.82,150.31,Loamy,Pulse,150,Medium,7.8,Pigeonpea
28,75,19,27.65,63.04,6.11,141.8,Loamy,Pulse,148,Medium,8.2,Pigeonpea
26,64,20,26.55,46.53,4.31,144.46,Loamy,Pulse,167,Medium,7.6,Pigeonpea
22,63,21,27.13,40.49,6.6,173.22,Red,Pulse,155,Medium,8.3,Pigeonpea
24,71,14,32.03,43.44,5.59,215.95,Black,Pulse,162,Medium,7.8,Pigeonpea
10,76,15,23.99,45.35,6.65,169.33,Black,Pulse,158,Medium,8.2,Pigeonpea
18,68,20,31.88,55.74,6.1,140.94,Black,Pulse,165,Medium,7.9,Pigeonpea
16,65,20,31.64,46.53,5.07,151.42,Black,Pulse,160,Medium,8.1,Pigeonpea
26,74,18,25.54,39.68,6.22,186.22,Loamy,Pulse,157,Medium,7.9,Pigeonpea
29,71,21,23.24,53.43,5.24,121.65,Red,Pulse,157,Medium,7.6,Pigeonpea
19,58,22,22.82,17.13,5.99,88.79,Loamy,Pulse,104,Medium,7.0,Kidney Bean
20,65,23,16.9,23.52,6.03,119.33,Loamy,Pulse,111,Medium,6.7,Kidney Bean
23,66,23,19.98,21.03,6.09,95.17,Loamy,Pulse,92,Medium,6.7,Kidney Bean
22,75,20,23.3,18.6,5.57,99.23,Alluvial,Pulse,99,Medium,7.1,Kidney Bean
22,64,20,19.89,19.69,5.67,102.13,Alluvial,Pulse,99,Medium,7.0,Kidney Bean
20,64,23,17.08,20.2,6.53,84.24,Alluvial,Pulse,93,Medium,7.4,Kidney Bean
11,65,26,16.14,17.05,5.25,122.97,Alluvial,Pulse,105,Medium,6.7,Kidney Bean
22,75,25,19.38,16.25,5.45,96.46,Alluvial,Pulse,98,Medium,6.9,Kidney Bean
24,74,19,22.75,22.89,5.72,123.13,Loamy,Pulse,100,Medium,8.2,Kidney Bean
14,63,19,21.1,25.17,5.69,76.56,Loamy,Pulse,104,Medium,7.5,Kidney Bean
12,66,15,18.34,19.74,5.94,107.34,Alluvial,Pulse,93,Medium,7.5,Kidney Bean
14,68,17,19.09,23.26,5.86,131.74,Alluvial,Pulse,99,Medium,7.2,Kidney Bean
18,68,21,19.75,17.49,5.8,112.29,Loamy,Pulse,96,Medium,6.2,Kidney Bean
25,69,19,17.16,19.95,6.09,107.75,Alluvial,Pulse,97,Medium,7.3,Kidney Bean
16,76,24,18.83,20.43,4.91,75.37,Alluvial,Pulse,93,Medium,7.1,Kidney Bean
18,58,19,21.26,23.32,5.13,102.43,Loamy,Pulse,93,Medium,7.5,Kidney Bean
23,61,17,18.85,16.37,5.8,99.54,Alluvial,Pulse,104,Medium,6.3,Kidney Bean
17,57,16,17.05,24.49,5.49,107.48,Alluvial,Pulse,98,Medium,6.2,Kidney Bean
19,70,16,22.02,19.88,5.56,115.61,Alluvial,Pulse,96,Medium,7.0,Kidney Bean
18,67,12,15.43,23.54,6.01,86.79,Alluvial,Pulse,98,Medium,7.2,Kidney Bean
22,54,17,19.17,23.76,6.45,100.44,Loamy,Pulse,92,Medium,7.2,Kidney Bean
25,67,17,22.39,23.66,5.39,112.63,Alluvial,Pulse,104,Medium,7.7,Kidney Bean
19,64,23,16.97,23.1,5.29,126.31,Loamy,Pulse,98,Medium,7.8,Kidney Bean
21,59,24,23.88,24.21,5.47,98.88,Alluvial,Pulse,100,Medium,6.6,Kidney Bean
26,67,11,20.85,21.13,5.68,97.63,Alluvial,Pulse,104,Medium,7.7,Kidney Bean
21,64,19,20.05,19.99,5.87,114.2,Alluvial,Pulse,107,Medium,7.8,Kidney Bean
17,71,17,21.74,20.71,5.39,110.6,Loamy,Pulse,86,Medium,5.9,Kidney Bean
19,67,18,16.05,19.96,5.82,116.64,Alluvial,Pulse,99,Medium,7.7,Kidney Bean
21,62,19,16.49,21.73,6.03,118.71,Alluvial,Pulse,107,Medium,6.8,Kidney Bean
25,65,24,19.95,23.77,6.14,101.13,Alluvial,Pulse,101,Medium,7.8,Kidney Bean
19,59,26,18.83,22.4,6.05,92.83,Loamy,Pulse,94,Medium,7.2,Kidney Bean
12,65,20,19.33,18.14,6.18,107.07,Alluvial,Pulse,107,Medium,6.8,Kidney Bean
16,68,19,17.06,25.67,5.51,68.19,Loamy,Pulse,106,Medium,6.7,Kidney Bean
17,56,25,16.78,22.15,5.97,113.43,Loamy,Pulse,99,Medium,6.0,Kidney Bean
16,68,17,20.51,23.7,5.99,80.48,Alluvial,Pulse,110,Medium,7.5,Kidney Bean
19,73,27,16.4,21.44,4.99,108.85,Loamy,Pulse,101,Medium,7.0,Kidney Bean
17,54,21,23.64,20.52,5.83,73.64,Loamy,Pulse,102,Medium,6.8,Kidney Bean
16,62,18,20.96,18.72,5.58,104.17,Alluvial,Pulse,94,Medium,8.1,Kidney Bean
16,62,17,24.5,23.38,5.42,127.12,Loamy,Pulse,101,Medium,7.2,Kidney Bean
18,62,21,18.64,26.54,5.32,135.72,Alluvial,Pulse,99,Medium,7.2,Kidney Bean
23,63,22,13.23,20.2,5.42,79.93,Loamy,Pulse,98,Medium,7.2,Kidney Bean
22,68,18,20.92,22.31,5.98,120.54,Loamy,Pulse,100,Medium,6.5,Kidney Bean
17,63,19,20.67,23.79,5.68,105.32,Alluvial,Pulse,100,Medium,6.7,Kidney Bean
16,56,17,21.18,20.24,5.63,114.33,Alluvial,Pulse,102,Medium,6.4,Kidney Bean
23,73,16,17.94,24.98,5.66,60.6,Alluvial,Pulse,93,Medium,6.9,Kidney Bean
15,64,20,23.66,21.27,6.02,133.58,Loamy,Pulse,107,Medium,7.2,Kidney Bean
12,69,23,19.8,26.36,5.96,116.37,Alluvial,Pulse,105,Medium,7.2,Kidney Bean
10,64,23,17.98,21.44,5.39,140.68,Alluvial,Pulse,108,Medium,6.5,Kidney Bean
20,62,21,21.27,24.03,5.8,163.71,Alluvial,Pulse,94,Medium,6.0,Kidney Bean
18,57,15,17.5,19.69,5.41,115.36,Alluvial,Pulse,97,Medium,6.9,Kidney Bean
23,62,19,20.91,17.15,4.98,111.92,Alluvial,Pulse,102,Medium,8.2,Kidney Bean
20,71,19,20.74,26.17,5.06,113.27,Alluvial,Pulse,110,Medium,7.2,Kidney Bean
26,63,19,20.08,16.46,5.35,83.06,Alluvial,Pulse,104,Medium,7.5,Kidney Bean
21,71,19,23.0,22.02,5.72,99.69,Loamy,Pulse,103,Medium,6.7,Kidney Bean
23,60,16,21.72,21.78,5.56,122.8,Alluvial,Pulse,96,Medium,6.9,Kidney Bean
25,76,24,19.29,25.08,5.42,86.86,Loamy,Pulse,88,Medium,8.0,Kidney Bean
16,66,17,21.74,21.06,5.31,113.83,Loamy,Pulse,92,Medium,6.5,Kidney Bean
11,58,20,15.09,18.3,5.7,94.13,Alluvial,Pulse,109,Medium,8.1,Kidney Bean
16,70,22,18.51,18.26,5.7,101.54,Loamy,Pulse,97,Medium,7.3,Kidney Bean
16,60,20,20.96,19.06,5.98,69.59,Loamy,Pulse,97,Medium,6.8,Kidney Bean
17,63,25,17.87,28.1,5.83,106.84,Loamy,Pulse,102,Medium,8.5,Kidney Bean
16,60,17,20.08,17.69,5.71,138.87,Loamy,Pulse,100,Medium,6.8,Kidney Bean
17,72,17,24.62,26.83,5.78,104.77,Loamy,Pulse,105,Medium,7.7,Kidney Bean
16,63,16,21.02,23.67,5.3,95.9,Loamy,Pulse,93,Medium,6.5,Kidney Bean
22,62,19,15.93,22.47,5.69,90.42,Loamy,Pulse,99,Medium,7.1,Kidney Bean
16,58,25,18.42,21.76,6.0,175.58,Loamy,Pulse,93,Medium,7.3,Kidney Bean
17,63,17,17.19,21.9,5.26,123.94,Loamy,Pulse,100,Medium,7.3,Kidney Bean
18,64,20,17.09,21.11,5.44,87.19,Loamy,Pulse,89,Medium,7.8,Kidney Bean
17,73,23,16.79,19.28,6.47,140.02,Alluvial,Pulse,99,Medium,7.2,Kidney Bean
17,69,17,14.92,18.7,5.71,82.38,Loamy,Pulse,99,Medium,6.4,Kidney Bean
35,73,19,29.98,68.08,7.29,76.68,Clayey,Pulse,78,Low,7.2,Blackgram
32,65,21,33.25,68.36,6.38,74.5,Loamy,Pulse,72,Low,8.0,Blackgram
37,72,15,32.93,59.87,6.83,62.01,Black,Pulse,72,Low,7.6,Blackgram
50,84,19,32.79,65.81,7.3,65.95,Clayey,Pulse,80,Low,7.8,Blackgram
36,67,18,32.07,61.27,7.08,79.47,Black,Pulse,84,Low,8.3,Blackgram
40,69,22,33.9,58.17,6.57,75.86,Black,Pulse,78,Low,7.1,Blackgram
32,64,14,35.23,64.92,7.08,71.53,Loamy,Pulse,83,Low,8.1,Blackgram
46,64,18,31.92,63.15,7.1,70.39,Clayey,Pulse,83,Low,6.4,Blackgram
44,66,21,31.94,70.63,7.64,76.08,Clayey,Pulse,85,Low,7.7,Blackgram
40,73,21,29.23,66.42,7.09,62.88,Clayey,Pulse,85,Low,7.5,Blackgram
52,58,17,30.08,68.98,7.26,69.86,Clayey,Pulse,75,Low,6.8,Blackgram
41,59,17,31.25,61.56,7.74,75.34,Loamy,Pulse,73,Low,6.9,Blackgram
26,63,21,28.97,66.61,6.49,72.79,Loamy,Pulse,77,Low,7.5,Blackgram
39,60,15,32.42,66.4,7.52,69.95,Black,Pulse,80,Low,6.5,Blackgram
38,67,24,31.72,70.38,7.34,63.73,Loamy,Pulse,80,Low,7.6,Blackgram
34,65,18,34.01,57.72,7.58,62.38,Clayey,Pulse,74,Low,8.2,Blackgram
44,75,21,35.15,66.96,7.04,70.06,Loamy,Pulse,84,Low,7.0,Blackgram
36,66,12,30.35,58.4,7.12,73.19,Black,Pulse,78,Low,8.5,Blackgram
31,75,21,25.71,74.49,7.07,62.74,Clayey,Pulse,74,Low,7.4,Blackgram
39,68,18,31.58,63.64,6.33,67.1,Clayey,Pulse,70,Low,7.7,Blackgram
34,68,22,27.63,68.71,6.93,78.52,Black,Pulse,78,Low,7.0,Blackgram
44,65,16,28.81,64.84,7.64,56.4,Black,Pulse,80,Low,7.9,Blackgram
41,75,18,29.54,67.07,7.14,65.66,Clayey,Pulse,82,Low,7.1,Blackgram
36,64,23,21.95,66.38,7.11,57.91,Loamy,Pulse,81,Low,7.8,Blackgram
43,52,23,28.16,67.4,7.4,62.74,Loamy,Pulse,82,Low,7.3,Blackgram
27,75,16,27.86,63.59,7.21,67.66,Clayey,Pulse,82,Low,6.7,Blackgram
35,67,24,29.72,68.8,7.12,65.1,Clayey,Pulse,79,Low,7.4,Blackgram
43,76,20,32.97,61.62,6.93,63.65,Clayey,Pulse,81,Low,7.3,Blackgram
44,62,19,31.72,57.77,7.95,66.3,Loamy,Pulse,71,Low,7.6,Blackgram
40,67,21,31.87,66.04,7.28,67.37,Loamy,Pulse,87,Low,6.6,Blackgram
40,68,21,27.89,58.9,7.16,69.69,Clayey,Pulse,85,Low,6.7,Blackgram
46,82,17,26.77,63.58,7.11,71.38,Black,Pulse,77,Low,8.4,Blackgram
33,57,22,24.31,64.29,8.35,67.93,Clayey,Pulse,75,Low,7.5,Blackgram
39,68,20,27.4,70.91,7.2,72.36,Clayey,Pulse,77,Low,8.3,Blackgram
38,69,16,27.51,67.41,6.92,62.88,Loamy,Pulse,77,Low,7.9,Blackgram
36,67,19,25.21,59.85,7.23,63.58,Clayey,Pulse,84,Low,8.1,Blackgram
44,78,18,31.62,62.95,8.08,79.9,Loamy,Pulse,80,Low,7.7,Blackgram
48,67,17,32.18,65.27,7.17,62.99,Black,Pulse,73,Low,7.6,Blackgram
45,66,23,28.24,61.31,7.07,67.5,Clayey,Pulse,83,Low,7.0,Blackgram
48,79,18,33.12,61.3,7.53,74.28,Black,Pulse,83,Low,7.5,Blackgram
22,64,17,27.55,65.43,6.93,63.05,Clayey,Pulse,75,Low,7.1,Blackgram
46,64,17,28.86,66.19,7.28,49.73,Black,Pulse,84,Low,8.4,Blackgram
33,62,17,28.11,65.78,6.32,61.29,Loamy,Pulse,86,Low,6.9,Blackgram
47,70,13,31.59,64.59,6.92,69.47,Clayey,Pulse,81,Low,7.9,Blackgram
47,70,14,28.82,75.3,7.39,82.22,Clayey,Pulse,85,Low,7.6,Blackgram
41,67,13,30.05,69.24,6.86,70.47,Black,Pulse,83,Low,7.0,Blackgram
37,61,16,26.78,61.85,7.67,62.51,Loamy,Pulse,80,Low,7.2,Blackgram
47,75,21,30.77,64.19,6.62,79.66,Black,Pulse,76,Low,7.9,Blackgram
46,64,22,31.91,71.05,6.91,60.28,Black,Pulse,77,Low,7.6,Blackgram
40,65,13,31.18,71.9,7.29,71.65,Loamy,Pulse,82,Low,7.7,Blackgram
45,70,18,28.01,64.13,7.23,66.1,Black,Pulse,81,Low,7.8,Blackgram
44,75,19,26.73,63.79,7.12,56.99,Black,Pulse,85,Low,7.6,Blackgram
42,76,17,31.44,64.62,7.03,63.37,Clayey,Pulse,86,Low,7.3,Blackgram
44,56,22,32.63,65.34,7.01,70.4,Black,Pulse,89,Low,6.4,Blackgram
44,62,18,29.38,63.5,7.1,61.19,Clayey,Pulse,84,Low,6.4,Blackgram
43,66,15,30.51,59.55,7.12,59.46,Loamy,Pulse,81,Low,6.9,Blackgram
37,69,16,29.86,59.7,7.35,78.59,Black,Pulse,91,Low,7.6,Blackgram
44,57,23,31.94,63.31,7.59,66.47,Loamy,Pulse,78,Low,7.8,Blackgram
33,74,15,27.37,61.82,7.4,64.3,Clayey,Pulse,74,Low,7.1,Blackgram
39,60,15,35.28,61.99,6.97,65.8,Clayey,Pulse,78,Low,7.9,Blackgram
45,66,15,33.19,64.67,7.79,54.53,Clayey,Pulse,80,Low,8.7,Blackgram
37,66,19,28.6,63.91,6.96,64.24,Black,Pulse,84,Low,7.8,Blackgram
41,72,18,28.06,62.89,7.1,61.64,Clayey,Pulse,77,Low,7.2,Blackgram
52,51,18,34.31,65.43,7.4,68.6,Clayey,Pulse,77,Low,6.2,Blackgram
41,63,16,28.75,71.11,8.06,69.3,Black,Pulse,78,Low,6.8,Blackgram
42,78,18,24.05,67.35,7.49,58.48,Black,Pulse,80,Low,7.8,Blackgram
39,63,22,28.99,59.8,6.28,75.57,Black,Pulse,82,Low,7.6,Blackgram
37,64,15,28.92,57.58,6.81,66.13,Clayey,Pulse,82,Low,7.5,Blackgram
44,76,22,31.18,65.04,6.71,72.44,Clayey,Pulse,86,Low,7.7,Blackgram
51,58,15,32.14,65.93,7.63,67.91,Black,Pulse,76,Low,7.4,Blackgram
14,41,22,29.81,86.09,6.18,45.13,Alluvial,Pulse,70,Low,8.7,Mungbean
18,41,20,27.54,89.45,6.48,36.81,Loamy,Pulse,66,Low,8.0,Mungbean
18,39,23,29.5,84.92,7.11,53.3,Loamy,Pulse,71,Low,7.4,Mungbean
24,48,20,27.23,86.82,6.47,47.18,Alluvial,Pulse,80,Low,7.6,Mungbean
14,41,22,28.88,84.61,6.55,51.88,Alluvial,Pulse,71,Low,8.2,Mungbean
18,42,18,27.94,84.85,6.77,18.49,Loamy,Pulse,71,Low,7.8,Mungbean
27,41,20,30.74,81.06,6.82,41.58,Alluvial,Pulse,73,Low,7.5,Mungbean
18,60,22,30.15,86.48,6.22,51.16,Red,Pulse,79,Low,7.5,Mungbean
24,50,25,27.87,81.71,6.59,59.48,Red,Pulse,68,Low,6.8,Mungbean
21,44,20,29.92,83.34,6.14,64.36,Red,Pulse,71,Low,7.4,Mungbean
25,45,19,29.22,88.25,6.6,60.16,Alluvial,Pulse,66,Low,8.5,Mungbean
17,53,20,27.49,86.99,6.97,53.14,Alluvial,Pulse,71,Low,7.7,Mungbean
20,46,22,25.48,86.0,6.61,41.29,Loamy,Pulse,72,Low,7.9,Mungbean
6,43,17,29.3,82.58,6.64,60.34,Alluvial,Pulse,78,Low,8.5,Mungbean
19,49,19,28.21,86.23,6.52,59.94,Alluvial,Pulse,74,Low,8.4,Mungbean
26,52,15,29.17,87.55,6.97,39.09,Loamy,Pulse,72,Low,8.6,Mungbean
17,45,24,28.43,82.82,6.44,50.66,Alluvial,Pulse,70,Low,7.9,Mungbean
22,53,22,27.43,88.54,6.61,38.11,Loamy,Pulse,74,Low,8.9,Mungbean
21,47,24,26.35,81.14,6.22,50.98,Alluvial,Pulse,75,Low,8.9,Mungbean
21,44,20,28.68,79.98,7.51,52.16,Alluvial,Pulse,75,Low,8.4,Mungbean
23,46,18,29.4,86.16,6.46,59.35,Alluvial,Pulse,76,Low,8.4,Mungbean
26,47,20,29.72,82.83,6.72,49.0,Alluvial,Pulse,71,Low,9.4,Mungbean
15,40,23,29.57,81.92,6.88,59.74,Red,Pulse,74,Low,9.6,Mungbean
14,50,23,29.84,84.39,6.61,51.55,Red,Pulse,78,Low,8.4,Mungbean
25,41,19,27.09,83.84,7.0,48.86,Alluvial,Pulse,84,Low,8.1,Mungbean
21,47,18,28.41,88.38,6.73,41.65,Red,Pulse,71,Low,7.7,Mungbean
21,52,15,28.02,85.43,6.15,41.33,Loamy,Pulse,72,Low,7.5,Mungbean
21,46,18,29.14,90.17,7.19,32.62,Red,Pulse,77,Low,7.9,Mungbean
21,45,20,28.73,83.26,6.43,44.41,Loamy,Pulse,75,Low,8.4,Mungbean
24,44,20,29.94,88.5,6.68,46.23,Loamy,Pulse,75,Low,7.3,Mungbean
20,50,21,28.09,85.65,6.45,53.63,Loamy,Pulse,74,Low,7.8,Mungbean
19,46,18,29.49,83.81,7.18,59.72,Red,Pulse,71,Low,8.0,Mungbean
18,45,26,28.04,86.08,6.86,39.99,Alluvial,Pulse,71,Low,7.3,Mungbean
17,32,21,31.58,85.44,6.28,42.86,Alluvial,Pulse,73,Low,7.4,Mungbean
24,51,16,29.59,89.58,7.27,70.92,Red,Pulse,71,Low,9.7,Mungbean
19,44,20,27.63,86.2,6.3,46.09,Loamy,Pulse,79,Low,8.0,Mungbean
21,49,23,26.02,86.75,6.62,49.33,Red,Pulse,78,Low,7.3,Mungbean
16,37,18,30.5,84.64,6.3,44.11,Alluvial,Pulse,69,Low,7.3,Mungbean
22,41,23,28.39,85.26,6.62,54.18,Red,Pulse,77,Low,8.2,Mungbean
23,45,21,27.99,85.01,6.62,44.34,Red,Pulse,72,Low,8.3,Mungbean
26,52,16,30.43,84.05,6.88,40.75,Alluvial,Pulse,75,Low,8.2,Mungbean
15,50,24,28.24,89.08,6.64,54.8,Alluvial,Pulse,66,Low,9.5,Mungbean
26,45,14,28.93,80.67,6.83,51.29,Loamy,Pulse,71,Low,8.7,Mungbean
24,51,20,26.38,87.93,6.62,36.88,Loamy,Pulse,80,Low,9.3,Mungbean
20,57,20,27.93,83.11,7.19,41.76,Alluvial,Pulse,77,Low,7.7,Mungbean
19,52,18,27.89,88.4,7.18,53.16,Loamy,Pulse,72,Low,7.7,Mungbean
21,48,17,29.58,85.26,6.19,40.57,Alluvial,Pulse,73,Low,8.0,Mungbean
28,48,17,28.83,83.94,6.8,52.64,Red,Pulse,79,Low,8.0,Mungbean
27,51,17,31.81,85.98,6.45,61.22,Loamy,Pulse,82,Low,8.0,Mungbean
18,46,22,30.42,86.71,6.73,59.98,Alluvial,Pulse,73,Low,8.6,Mungbean
19,49,19,28.42,83.87,7.1,42.14,Red,Pulse,72,Low,9.3,Mungbean
24,35,18,25.78,82.15,5.76,46.9,Red,Pulse,70,Low,8.0,Mungbean
14,47,18,30.75,89.23,6.94,45.39,Alluvial,Pulse,82,Low,7.1,Mungbean
15,46,26,28.2,84.45,6.27,55.57,Alluvial,Pulse,78,Low,8.5,Mungbean
18,43,16,28.63,81.76,6.35,44.61,Red,Pulse,73,Low,7.7,Mungbean
22,47,19,28.77,82.03,6.73,49.2,Red,Pulse,69,Low,8.6,Mungbean
17,47,23,29.89,85.1,6.59,55.58,Alluvial,Pulse,77,Low,7.6,Mungbean
17,36,20,28.38,88.41,6.81,58.67,Alluvial,Pulse,72,Low,8.7,Mungbean
18,50,15,28.85,79.05,6.62,51.52,Red,Pulse,73,Low,7.4,Mungbean
24,46,18,28.56,92.91,7.05,57.3,Red,Pulse,76,Low,8.1,Mungbean
11,43,18,25.69,81.53,6.11,47.69,Alluvial,Pulse,78,Low,8.7,Mungbean
22,42,14,25.86,81.19,6.43,46.72,Alluvial,Pulse,71,Low,8.2,Mungbean
20,47,23,26.73,86.26,6.7,45.33,Red,Pulse,78,Low,8.5,Mungbean
17,46,20,28.09,86.76,6.78,62.66,Alluvial,Pulse,69,Low,7.9,Mungbean
17,50,15,29.02,83.11,6.48,36.43,Alluvial,Pulse,73,Low,8.7,Mungbean
20,50,24,28.9,83.32,6.84,43.65,Alluvial,Pulse,73,Low,7.1,Mungbean
24,45,20,26.95,86.31,6.47,46.87,Alluvial,Pulse,78,Low,8.5,Mungbean
20,38,28,31.12,87.17,6.47,47.09,Loamy,Pulse,72,Low,8.8,Mungbean
22,43,18,30.18,89.8,7.16,54.06,Loamy,Pulse,74,Low,6.1,Mungbean
22,46,20,28.58,81.02,6.87,53.06,Red,Pulse,77,Low,8.6,Mungbean
21,65,18,24.76,65.43,7.3,49.86,Loamy,Pulse,126,Low,8.3,Lentil
19,44,22,22.99,61.79,6.74,43.32,Clayey,Pulse,118,Low,6.1,Lentil
14,70,20,26.3,61.85,6.51,42.96,Loamy,Pulse,116,Low,7.9,Lentil
10,66,15,19.87,68.87,7.12,48.7,Alluvial,Pulse,120,Low,6.7,Lentil
17,81,18,26.56,65.03,6.16,33.73,Alluvial,Pulse,111,Low,7.6,Lentil
22,73,16,29.02,61.14,6.99,45.94,Alluvial,Pulse,114,Low,7.8,Lentil
16,59,19,23.38,78.51,7.17,43.54,Loamy,Pulse,108,Low,5.9,Lentil
14,68,23,27.64,65.92,6.77,47.61,Loamy,Pulse,112,Low,8.0,Lentil
18,67,12,23.95,68.35,6.47,41.5,Loamy,Pulse,119,Low,6.1,Lentil
23,64,17,21.35,66.51,7.88,50.69,Alluvial,Pulse,110,Low,7.7,Lentil
17,76,21,16.26,60.98,7.28,46.91,Clayey,Pulse,109,Low,6.6,Lentil
11,67,25,26.75,73.76,7.25,52.16,Clayey,Pulse,126,Low,7.2,Lentil
18,74,23,23.16,62.11,6.96,50.99,Alluvial,Pulse,119,Low,6.1,Lentil
26,64,18,21.97,75.79,7.0,40.89,Alluvial,Pulse,119,Low,7.5,Lentil
18,73,16,23.12,56.96,6.37,56.85,Alluvial,Pulse,124,Low,7.0,Lentil
25,67,18,24.66,64.5,6.81,52.86,Alluvial,Pulse,115,Low,7.4,Lentil
23,70,16,20.71,65.6,6.83,46.52,Clayey,Pulse,114,Low,8.6,Lentil
13,56,19,23.45,66.26,7.13,53.7,Loamy,Pulse,106,Low,6.7,Lentil
20,72,25,27.18,64.77,6.54,42.61,Loamy,Pulse,111,Low,7.4,Lentil
20,60,17,26.96,66.41,7.13,48.3,Clayey,Pulse,124,Low,7.1,Lentil
17,62,19,17.67,64.26,6.82,37.81,Loamy,Pulse,109,Low,7.5,Lentil
19,68,19,24.76,69.97,6.95,37.25,Clayey,Pulse,124,Low,7.2,Lentil
16,60,20,24.17,71.3,6.76,40.98,Loamy,Pulse,120,Low,7.6,Lentil
19,72,18,25.15,69.66,7.15,44.98,Clayey,Pulse,122,Low,5.6,Lentil
27,57,17,24.39,64.41,7.3,39.65,Loamy,Pulse,116,Low,6.7,Lentil
20,67,19,22.96,62.96,7.01,51.66,Alluvial,Pulse,111,Low,6.5,Lentil
21,67,21,21.96,57.88,6.69,41.4,Alluvial,Pulse,114,Low,6.6,Lentil
21,66,19,24.94,65.78,6.89,49.06,Loamy,Pulse,110,Low,7.8,Lentil
18,60,19,22.12,67.66,7.78,41.28,Clayey,Pulse,116,Low,5.9,Lentil
20,62,17,21.42,67.93,7.3,46.14,Loamy,Pulse,110,Low,8.0,Lentil
15,55,20,21.41,68.95,6.75,49.62,Loamy,Pulse,123,Low,6.3,Lentil
16,67,23,22.66,62.62,7.09,42.54,Alluvial,Pulse,115,Low,6.1,Lentil
27,59,18,24.41,72.65,6.37,57.9,Clayey,Pulse,119,Low,7.3,Lentil
15,71,16,28.05,61.12,6.85,42.67,Alluvial,Pulse,109,Low,7.4,Lentil
21,75,13,27.48,75.02,6.72,57.37,Loamy,Pulse,113,Low,6.2,Lentil
17,74,16,22.82,67.37,6.9,49.51,Alluvial,Pulse,116,Low,7.3,Lentil
17,69,16,28.11,62.46,7.35,44.6,Clayey,Pulse,116,Low,6.7,Lentil
14,57,15,23.59,65.85,7.3,43.33,Loamy,Pulse,109,Low,6.1,Lentil
20,76,22,26.49,67.55,7.58,47.99,Loamy,Pulse,118,Low,6.8,Lentil
13,63,18,24.67,72.71,6.93,53.07,Alluvial,Pulse,112,Low,6.8,Lentil
13,63,20,24.52,68.77,6.97,43.89,Clayey,Pulse,127,Low,6.9,Lentil
23,65,21,27.1,65.83,5.96,46.11,Clayey,Pulse,122,Low,7.3,Lentil
20,57,16,25.65,66.64,7.39,45.13,Clayey,Pulse,117,Low,7.0,Lentil
15,54,20,24.99,62.53,6.25,49.78,Clayey,Pulse,113,Low,7.3,Lentil
26,55,16,23.91,70.82,6.25,57.62,Clayey,Pulse,115,Low,6.9,Lentil
18,65,22,21.51,66.38,6.75,41.43,Loamy,Pulse,129,Low,7.3,Lentil
21,74,14,29.41,54.96,6.59,43.25,Loamy,Pulse,118,Low,7.1,Lentil
18,67,16,20.31,67.91,7.18,55.51,Clayey,Pulse,110,Low,7.4,Lentil
17,75,22,25.09,63.64,7.28,49.88,Clayey,Pulse,111,Low,6.2,Lentil
17,77,22,21.39,60.33,7.41,39.19,Loamy,Pulse,117,Low,6.6,Lentil
25,63,22,25.02,66.01,6.11,32.78,Loamy,Pulse,113,Low,7.1,Lentil
14,61,20,26.08,64.45,7.21,38.95,Clayey,Pulse,112,Low,8.0,Lentil
19,68,25,20.58,68.19,7.57,44.05,Clayey,Pulse,119,Low,6.4,Lentil
16,70,21,27.64,71.28,6.87,53.16,Loamy,Pulse,113,Low,7.5,Lentil
19,70,20,20.01,60.5,6.94,35.88,Alluvial,Pulse,119,Low,7.5,Lentil
20,61,23,30.2,65.59,7.1,47.21,Alluvial,Pulse,118,Low,6.9,Lentil
18,73,26,20.58,64.58,6.43,55.55,Alluvial,Pulse,111,Low,6.1,Lentil
21,78,20,25.07,66.64,7.47,40.75,Loamy,Pulse,114,Low,6.7,Lentil
14,66,22,26.09,67.58,6.96,49.14,Loamy,Pulse,110,Low,6.8,Lentil
19,69,19,24.11,63.49,8.16,51.44,Loamy,Pulse,117,Low,6.9,Lentil
17,67,19,19.23,58.72,6.65,47.24,Alluvial,Pulse,113,Low,7.9,Lentil
13,63,23,24.87,68.54,7.72,41.84,Clayey,Pulse,114,Low,6.8,Lentil
11,66,21,26.01,67.48,6.75,42.06,Loamy,Pulse,122,Low,6.7,Lentil
20,68,23,27.22,59.82,6.42,49.47,Loamy,Pulse,114,Low,6.7,Lentil
23,69,19,26.68,63.5,7.53,41.27,Loamy,Pulse,118,Low,7.9,Lentil
13,65,22,27.74,64.31,6.61,51.74,Alluvial,Pulse,121,Low,6.3,Lentil
14,69,20,23.66,67.72,6.62,33.31,Clayey,Pulse,112,Low,7.0,Lentil
17,61,13,23.06,68.59,7.4,53.13,Alluvial,Pulse,110,Low,6.3,Lentil
20,71,20,18.86,61.53,6.89,48.92,Alluvial,Pulse,119,Low,7.1,Lentil
20,68,21,25.38,65.26,6.79,46.49,Alluvial,Pulse,117,Low,7.2,Lentil
22,54,20,26.57,58.3,5.71,40.19,Sandy,Pulse,76,Low,9.3,Mothbean
16,46,18,26.93,58.66,7.37,50.81,Loamy,Pulse,72,Low,8.2,Mothbean
26,50,17,29.58,52.58,6.57,55.35,Loamy,Pulse,72,Low,8.8,Mothbean
21,45,22,32.11,48.47,5.47,30.98,Loamy,Pulse,74,Low,8.6,Mothbean
21,48,15,24.01,54.78,6.91,46.74,Loamy,Pulse,68,Low,9.3,Mothbean
26,49,17,28.1,44.8,7.65,51.82,Loamy,Pulse,68,Low,8.8,Mothbean
22,46,19,25.31,56.4,6.28,29.44,Loamy,Pulse,73,Low,9.6,Mothbean
19,56,21,28.75,52.23,6.75,48.37,Sandy,Pulse,73,Low,9.3,Mothbean
17,42,16,32.5,56.18,7.04,40.42,Sandy,Pulse,77,Low,8.9,Mothbean
21,43,20,27.07,48.41,7.39,35.62,Sandy,Pulse,77,Low,9.4,Mothbean
17,43,19,28.62,52.08,7.15,68.63,Sandy,Pulse,73,Low,8.0,Mothbean
24,56,21,25.61,52.26,5.91,57.43,Loamy,Pulse,69,Low,8.8,Mothbean
16,48,18,28.39,53.13,6.01,57.27,Sandy,Pulse,74,Low,8.4,Mothbean
29,50,19,31.11,64.05,6.68,54.47,Sandy,Pulse,71,Low,8.9,Mothbean
20,48,20,29.23,54.43,5.83,41.62,Sandy,Pulse,72,Low,8.8,Mothbean
25,42,18,30.1,51.2,7.17,49.6,Sandy,Pulse,75,Low,8.9,Mothbean
23,40,18,28.65,56.2,7.99,47.09,Sandy,Pulse,80,Low,8.6,Mothbean
26,52,17,28.68,52.69,7.3,48.77,Sandy,Pulse,73,Low,9.8,Mothbean
20,52,19,31.67,48.93,6.31,66.25,Sandy,Pulse,73,Low,10.0,Mothbean
24,47,14,27.96,53.61,7.73,66.88,Loamy,Pulse,72,Low,9.5,Mothbean
24,53,21,23.73,52.07,5.88,48.97,Loamy,Pulse,78,Low,9.2,Mothbean
25,49,16,22.45,53.89,6.63,41.23,Loamy,Pulse,68,Low,8.6,Mothbean
20,51,20,31.54,46.79,7.5,51.47,Loamy,Pulse,77,Low,8.7,Mothbean
25,49,17,27.97,51.56,7.19,39.2,Sandy,Pulse,74,Low,9.2,Mothbean
21,54,22,27.98,54.3,7.04,55.03,Sandy,Pulse,68,Low,8.8,Mothbean
15,54,19,27.57,58.38,7.14,39.71,Loamy,Pulse,74,Low,8.8,Mothbean
14,44,19,27.75,44.11,7.72,49.98,Loamy,Pulse,75,Low,9.2,Mothbean
17,50,18,26.03,56.44,7.99,58.25,Loamy,Pulse,78,Low,8.7,Mothbean
14,55,26,31.39,50.99,5.88,40.34,Sandy,Pulse,68,Low,8.9,Mothbean
27,47,20,31.03,50.58,8.43,70.92,Sandy,Pulse,74,Low,8.7,Mothbean
23,46,16,30.82,60.3,6.92,38.37,Loamy,Pulse,70,Low,9.1,Mothbean
19,46,23,29.61,61.27,6.01,47.57,Sandy,Pulse,77,Low,9.3,Mothbean
27,50,25,29.19,59.37,6.54,51.14,Loamy,Pulse,78,Low,10.0,Mothbean
23,47,24,23.18,44.47,7.35,51.14,Sandy,Pulse,77,Low,9.0,Mothbean
23,43,21,30.19,60.32,8.41,53.44,Sandy,Pulse,76,Low,8.1,Mothbean
18,47,23,26.66,57.78,6.8,49.23,Sandy,Pulse,75,Low,8.8,Mothbean
19,39,19,26.94,49.9,7.13,57.59,Loamy,Pulse,75,Low,9.6,Mothbean
23,46,18,28.69,56.44,7.92,62.91,Sandy,Pulse,72,Low,8.9,Mothbean
23,53,22,27.86,45.48,6.0,53.73,Sandy,Pulse,76,Low,8.3,Mothbean
21,51,16,30.43,50.73,7.81,45.67,Sandy,Pulse,71,Low,8.7,Mothbean
20,46,19,28.73,51.97,6.75,33.91,Sandy,Pulse,76,Low,8.9,Mothbean
27,43,14,29.36,55.08,5.99,35.7,Loamy,Pulse,80,Low,9.8,Mothbean
11,45,24,26.95,50.06,6.57,39.79,Loamy,Pulse,68,Low,9.6,Mothbean
13,49,22,24.81,47.45,7.77,56.33,Loamy,Pulse,72,Low,9.7,Mothbean
25,49,17,27.09,54.72,6.65,60.39,Sandy,Pulse,69,Low,8.1,Mothbean
21,45,18,24.11,53.12,6.76,57.53,Loamy,Pulse,75,Low,8.9,Mothbean
25,41,21,24.32,47.97,5.83,58.82,Loamy,Pulse,74,Low,9.0,Mothbean
16,46,17,28.84,47.05,7.86,34.24,Loamy,Pulse,71,Low,10.0,Mothbean
19,41,20,26.95,47.98,5.92,78.68,Loamy,Pulse,74,Low,7.8,Mothbean
26,51,17,25.95,57.04,6.6,31.74,Loamy,Pulse,81,Low,8.7,Mothbean
26,54,16,30.27,49.09,5.31,46.75,Loamy,Pulse,76,Low,8.7,Mothbean
19,53,20,26.14,57.21,6.96,25.78,Sandy,Pulse,76,Low,9.2,Mothbean
21,52,17,28.74,43.6,7.13,70.53,Sandy,Pulse,71,Low,8.5,Mothbean
18,48,16,28.93,58.08,7.23,33.32,Loamy,Pulse,78,Low,9.6,Mothbean
24,49,20,30.27,64.54,6.04,61.78,Loamy,Pulse,74,Low,8.9,Mothbean
14,46,17,26.98,46.41,6.44,46.94,Loamy,Pulse,75,Low,8.0,Mothbean
15,49,17,30.36,54.35,7.29,65.11,Sandy,Pulse,73,Low,8.7,Mothbean
24,50,19,31.06,51.73,6.83,51.21,Sandy,Pulse,71,Low,9.0,Mothbean
26,50,20,27.64,54.99,7.4,57.09,Sandy,Pulse,73,Low,9.2,Mothbean
22,42,20,23.25,55.9,7.33,58.48,Sandy,Pulse,73,Low,9.2,Mothbean
26,55,19,28.31,59.67,5.6,47.77,Loamy,Pulse,80,Low,9.6,Mothbean
22,40,19,26.7,54.99,6.15,40.74,Sandy,Pulse,67,Low,9.7,Mothbean
19,48,19,25.65,45.45,6.0,43.77,Sandy,Pulse,76,Low,8.5,Mothbean
27,53,22,27.74,62.09,6.63,50.69,Loamy,Pulse,75,Low,9.4,Mothbean
23,45,18,29.41,57.29,6.49,35.13,Loamy,Pulse,74,Low,9.4,Mothbean
28,42,18,27.14,61.13,6.77,41.93,Loamy,Pulse,77,Low,8.8,Mothbean
16,43,25,28.85,53.65,6.6,53.92,Sandy,Pulse,76,Low,9.2,Mothbean
21,52,20,25.85,49.33,5.22,71.27,Loamy,Pulse,78,Low,8.5,Mothbean
19,44,24,24.88,53.69,6.71,59.27,Loamy,Pulse,74,Low,7.9,Mothbean
19,43,20,31.16,42.56,6.16,45.47,Sandy,Pulse,73,Low,9.4,Mothbean
29,57,37,17.46,71.89,6.21,72.81,Alluvial,Pulse,90,Medium,7.1,Peas
28,57,39,16.81,69.29,6.71,52.5,Alluvial,Pulse,96,Medium,5.4,Peas
26,54,41,20.15,58.71,6.3,43.73,Alluvial,Pulse,90,Medium,6.7,Peas
37,55,44,18.17,65.82,5.94,67.75,Alluvial,Pulse,83,Medium,7.3,Peas
29,62,38,17.54,69.05,6.48,60.67,Alluvial,Pulse,91,Medium,5.9,Peas
23,62,42,17.13,76.33,6.39,78.23,Loamy,Pulse,90,Medium,5.9,Peas
39,60,39,18.45,65.98,6.83,41.09,Loamy,Pulse,85,Medium,7.1,Peas
28,56,34,20.7,73.95,6.42,60.95,Alluvial,Pulse,94,Medium,7.7,Peas
34,68,36,15.36,62.06,6.68,66.76,Alluvial,Pulse,89,Medium,7.0,Peas
36,45,37,18.64,65.66,6.18,75.19,Alluvial,Pulse,84,Medium,6.3,Peas
31,51,43,15.86,75.04,6.45,71.71,Alluvial,Pulse,93,Medium,6.1,Peas
19,57,40,18.11,66.87,6.33,85.08,Alluvial,Pulse,83,Medium,6.9,Peas
27,52,38,15.39,70.86,7.06,69.7,Loamy,Pulse,90,Medium,5.9,Peas
32,67,38,16.25,65.19,6.3,37.55,Alluvial,Pulse,91,Medium,6.0,Peas
21,59,35,16.32,75.33,5.94,49.67,Loamy,Pulse,91,Medium,7.2,Peas
22,57,42,12.88,71.99,6.85,61.88,Alluvial,Pulse,95,Medium,7.2,Peas
30,52,36,16.92,70.85,6.37,43.02,Alluvial,Pulse,95,Medium,6.6,Peas
28,60,46,11.4,70.17,5.93,69.99,Alluvial,Pulse,90,Medium,6.9,Peas
27,43,38,17.81,73.08,6.03,75.27,Loamy,Pulse,87,Medium,6.7,Peas
27,56,43,14.55,64.6,6.57,89.02,Alluvial,Pulse,86,Medium,7.7,Peas
40,54,38,15.62,67.66,5.94,64.24,Loamy,Pulse,96,Medium,6.1,Peas
28,44,41,17.53,68.32,6.41,62.07,Alluvial,Pulse,92,Medium,6.5,Peas
31,56,44,18.35,68.96,7.11,69.2,Alluvial,Pulse,95,Medium,6.9,Peas
20,62,40,16.9,69.41,6.36,67.27,Loamy,Pulse,87,Medium,7.3,Peas
29,52,36,17.54,68.94,6.66,54.73,Loamy,Pulse,82,Medium,6.9,Peas
37,48,46,17.57,67.96,6.34,51.15,Alluvial,Pulse,94,Medium,6.0,Peas
26,60,32,13.95,67.91,6.62,69.85,Alluvial,Pulse,88,Medium,8.0,Peas
28,53,36,17.25,71.07,6.98,50.11,Alluvial,Pulse,88,Medium,6.8,Peas
32,55,42,15.38,75.79,6.9,51.55,Loamy,Pulse,85,Medium,5.9,Peas
33,47,38,17.91,67.67,6.6,54.34,Loamy,Pulse,92,Medium,6.1,Peas
28,56,40,17.05,64.25,6.38,65.02,Alluvial,Pulse,83,Medium,6.2,Peas
31,47,44,19.54,61.77,7.04,63.56,Loamy,Pulse,91,Medium,6.2,Peas
34,57,36,14.67,60.7,6.58,70.72,Alluvial,Pulse,92,Medium,6.4,Peas
24,50,44,16.03,68.72,6.07,68.37,Alluvial,Pulse,87,Medium,7.1,Peas
33,52,39,15.9,60.9,6.16,66.98,Alluvial,Pulse,91,Medium,6.6,Peas
28,60,40,18.41,59.13,4.93,67.84,Loamy,Pulse,83,Medium,6.4,Peas
28,64,41,17.33,72.18,6.65,60.42,Loamy,Pulse,94,Medium,5.8,Peas
31,45,40,17.39,76.38,5.87,58.99,Loamy,Pulse,93,Medium,6.7,Peas
30,49,37,19.49,67.74,6.65,63.85,Loamy,Pulse,84,Medium,7.1,Peas
32,68,35,18.65,61.44,6.56,74.77,Alluvial,Pulse,80,Medium,6.4,Peas
27,50,41,19.24,67.33,6.58,66.14,Loamy,Pulse,90,Medium,5.8,Peas
35,56,41,15.39,65.7,6.43,49.66,Alluvial,Pulse,82,Medium,6.1,Peas
32,51,35,15.37,65.72,6.36,86.66,Loamy,Pulse,94,Medium,7.1,Peas
35,49,35,14.79,74.67,6.28,52.49,Loamy,Pulse,88,Medium,6.4,Peas
31,56,36,18.37,64.8,6.44,71.87,Loamy,Pulse,87,Medium,6.2,Peas
32,49,38,18.11,78.27,6.74,69.73,Alluvial,Pulse,92,Medium,5.9,Peas
30,54,41,17.23,69.9,6.38,65.59,Loamy,Pulse,84,Medium,6.3,Peas
36,56,39,20.79,61.2,6.06,82.13,Loamy,Pulse,90,Medium,6.4,Peas
24,57,42,14.81,67.3,6.37,67.56,Alluvial,Pulse,84,Medium,7.3,Peas
34,52,39,16.73,64.11,6.32,62.3,Alluvial,Pulse,97,Medium,7.1,Peas
34,57,35,16.92,72.85,6.0,71.37,Alluvial,Pulse,100,Medium,7.1,Peas
37,56,43,15.56,71.98,6.76,67.9,Alluvial,Pulse,95,Medium,6.2,Peas
29,55,35,17.45,59.41,6.92,65.47,Alluvial,Pulse,87,Medium,6.0,Peas
28,59,42,15.59,63.77,6.76,57.78,Alluvial,Pulse,90,Medium,6.6,Peas
31,60,34,13.18,65.16,7.22,85.22,Loamy,Pulse,98,Medium,6.4,Peas
21,40,37,16.6,74.5,6.85,67.27,Alluvial,Pulse,85,Medium,5.9,Peas
31,59,41,14.93,71.25,6.67,54.29,Loamy,Pulse,86,Medium,6.9,Peas
28,64,42,16.03,67.95,6.53,57.72,Alluvial,Pulse,85,Medium,6.9,Peas
34,58,46,15.92,76.37,6.14,54.87,Loamy,Pulse,82,Medium,6.2,Peas
27,58,40,14.61,66.04,6.35,47.24,Loamy,Pulse,85,Medium,6.0,Peas
37,56,42,14.0,73.97,7.02,45.02,Loamy,Pulse,86,Medium,6.8,Peas
33,50,38,15.81,68.55,6.98,57.29,Alluvial,Pulse,94,Medium,6.0,Peas
25,59,43,18.7,61.42,6.31,73.23,Alluvial,Pulse,90,Medium,5.9,Peas
32,50,47,20.09,71.02,7.04,65.65,Alluvial,Pulse,93,Medium,7.4,Peas
31,53,33,16.83,72.12,6.88,70.04,Alluvial,Pulse,87,Medium,5.3,Peas
27,53,38,18.24,77.93,6.55,62.83,Loamy,Pulse,88,Medium,6.6,Peas
25,55,41,17.42,70.29,6.67,47.28,Alluvial,Pulse,92,Medium,6.1,Peas
24,48,41,16.55,59.59,6.69,50.6,Alluvial,Pulse,90,Medium,6.6,Peas
34,65,34,16.9,66.62,6.67,67.16,Alluvial,Pulse,88,Medium,6.2,Peas
24,60,41,18.84,66.45,6.24,54.22,Loamy,Pulse,91,Medium,5.9,Peas
56,52,46,29.92,75.0,6.67,80.47,Loamy,Pulse,97,Medium,8.5,Soybean
54,57,40,19.85,67.1,6.55,118.99,Clayey,Pulse,108,Medium,8.2,Soybean
42,56,50,26.5,61.49,6.33,82.13,Loamy,Pulse,102,Medium,8.3,Soybean
44,59,50,24.26,81.32,6.33,96.34,Loamy,Pulse,103,Medium,8.1,Soybean
47,62,41,23.19,84.52,6.41,105.49,Loamy,Pulse,96,Medium,7.8,Soybean
44,62,34,26.42,66.25,6.73,79.46,Clayey,Pulse,100,Medium,7.8,Soybean
38,57,40,21.42,77.09,6.08,92.32,Clayey,Pulse,108,Medium,7.6,Soybean
40,61,49,23.08,71.25,5.91,89.1,Loamy,Pulse,105,Medium,7.5,Soybean
42,51,45,28.64,66.51,6.35,102.54,Loamy,Pulse,111,Medium,7.1,Soybean
43,61,44,19.81,74.51,7.21,96.75,Loamy,Pulse,99,Medium,7.7,Soybean
55,65,47,26.89,68.69,6.52,93.83,Black,Pulse,107,Medium,8.9,Soybean
51,51,45,27.84,75.09,6.35,138.71,Clayey,Pulse,98,Medium,7.4,Soybean
46,72,41,25.34,77.39,6.59,89.98,Black,Pulse,107,Medium,8.2,Soybean
51,67,46,26.73,73.07,6.8,95.83,Clayey,Pulse,104,Medium,8.7,Soybean
54,50,45,24.28,70.45,6.76,105.04,Loamy,Pulse,104,Medium,6.9,Soybean
39,65,34,28.97,74.61,7.13,92.02,Black,Pulse,94,Medium,8.3,Soybean
52,65,42,26.22,69.34,6.27,109.33,Loamy,Pulse,98,Medium,7.5,Soybean
38,51,45,28.9,71.08,6.0,107.6,Black,Pulse,113,Medium,7.6,Soybean
42,63,51,24.7,65.34,6.85,106.99,Loamy,Pulse,105,Medium,7.7,Soybean
50,63,41,26.12,65.24,6.87,91.07,Clayey,Pulse,102,Medium,8.0,Soybean
45,65,47,25.61,75.82,6.76,88.6,Loamy,Pulse,104,Medium,7.9,Soybean
48,57,43,30.92,76.7,6.3,103.56,Clayey,Pulse,105,Medium,8.2,Soybean
45,67,46,25.84,77.21,6.69,96.82,Loamy,Pulse,106,Medium,7.9,Soybean
45,56,41,23.5,65.04,6.25,92.39,Loamy,Pulse,105,Medium,7.8,Soybean
30,69,49,27.11,81.54,6.21,123.31,Clayey,Pulse,99,Medium,8.1,Soybean
37,60,46,25.61,75.57,6.64,87.16,Clayey,Pulse,102,Medium,8.5,Soybean
41,65,49,21.83,77.66,7.42,98.78,Black,Pulse,108,Medium,8.6,Soybean
43,61,39,26.35,74.49,6.81,110.98,Loamy,Pulse,100,Medium,7.7,Soybean
56,59,45,25.83,67.89,7.25,87.08,Black,Pulse,99,Medium,7.7,Soybean
32,56,41,27.54,68.63,6.96,115.98,Black,Pulse,109,Medium,7.9,Soybean
45,50,44,23.85,75.47,7.63,102.5,Clayey,Pulse,94,Medium,7.8,Soybean
45,60,42,26.61,65.79,6.22,104.69,Clayey,Pulse,99,Medium,8.3,Soybean
36,70,41,25.44,73.65,6.37,97.15,Loamy,Pulse,108,Medium,8.6,Soybean
49,58,44,31.87,76.75,6.23,96.5,Black,Pulse,103,Medium,7.9,Soybean
37,57,52,27.45,59.54,7.09,111.34,Loamy,Pulse,103,Medium,8.4,Soybean
39,57,50,25.32,62.65,6.57,93.82,Black,Pulse,111,Medium,8.0,Soybean
42,66,45,24.12,77.77,6.68,95.04,Clayey,Pulse,105,Medium,7.4,Soybean
41,60,44,29.18,73.09,6.94,95.14,Loamy,Pulse,110,Medium,8.2,Soybean
45,59,41,27.27,71.8,6.4,111.6,Black,Pulse,98,Medium,7.7,Soybean
51,61,44,26.63,72.9,5.99,89.76,Clayey,Pulse,113,Medium,7.6,Soybean
43,56,44,24.54,74.43,6.68,106.6,Black,Pulse,99,Medium,7.8,Soybean
43,62,41,28.29,77.93,6.2,87.64,Loamy,Pulse,102,Medium,9.6,Soybean
42,70,39,23.53,68.57,6.26,90.98,Clayey,Pulse,101,Medium,7.5,Soybean
51,67,48,27.31,72.46,6.4,80.7,Black,Pulse,106,Medium,7.3,Soybean
39,66,52,26.98,77.53,6.5,74.93,Black,Pulse,108,Medium,8.3,Soybean
45,58,48,23.54,68.13,6.2,96.27,Loamy,Pulse,99,Medium,7.6,Soybean
40,58,39,26.22,78.24,6.65,118.12,Loamy,Pulse,112,Medium,8.5,Soybean
45,60,48,25.02,62.59,6.8,78.03,Loamy,Pulse,99,Medium,8.0,Soybean
44,51,45,28.42,66.36,7.11,71.6,Clayey,Pulse,116,Medium,7.8,Soybean
45,48,44,26.57,71.57,6.37,80.8,Clayey,Pulse,110,Medium,8.0,Soybean
54,56,43,28.04,63.89,6.11,111.46,Loamy,Pulse,98,Medium,6.9,Soybean
56,51,45,26.17,57.95,6.49,101.73,Clayey,Pulse,106,Medium,8.5,Soybean
42,64,42,22.47,65.51,6.02,110.14,Black,Pulse,97,Medium,8.2,Soybean
43,59,50,24.9,75.06,6.62,92.72,Loamy,Pulse,117,Medium,7.1,Soybean
52,63,43,30.07,62.76,6.39,76.87,Clayey,Pulse,107,Medium,7.3,Soybean
47,58,43,26.97,70.66,6.16,137.02,Clayey,Pulse,102,Medium,6.7,Soybean
39,52,48,26.8,73.99,6.45,90.81,Loamy,Pulse,103,Medium,8.0,Soybean
50,62,47,27.25,76.42,6.72,100.38,Loamy,Pulse,111,Medium,7.6,Soybean
39,52,45,21.37,74.31,6.56,112.02,Clayey,Pulse,101,Medium,7.9,Soybean
51,68,42,26.45,73.47,6.75,91.06,Clayey,Pulse,111,Medium,6.9,Soybean
42,62,46,29.38,77.99,6.49,114.5,Loamy,Pulse,101,Medium,8.6,Soybean
55,67,45,25.17,64.36,6.72,78.27,Clayey,Pulse,100,Medium,7.3,Soybean
42,59,46,24.5,77.35,6.52,83.18,Black,Pulse,106,Medium,9.2,Soybean
47,57,38,25.45,73.17,6.44,70.02,Clayey,Pulse,100,Medium,8.9,Soybean
53,54,47,23.05,79.02,6.7,109.24,Black,Pulse,95,Medium,8.4,Soybean
44,65,48,26.16,69.0,6.91,94.1,Black,Pulse,100,Medium,7.4,Soybean
36,56,49,26.44,69.35,6.92,82.51,Clayey,Pulse,105,Medium,7.9,Soybean
49,50,41,21.9,70.7,7.08,87.42,Clayey,Pulse,102,Medium,8.5,Soybean
51,59,47,23.31,78.89,7.46,102.82,Loamy,Pulse,94,Medium,7.7,Soybean
48,57,50,27.47,68.47,6.61,81.59,Black,Pulse,104,Medium,7.7,Soybean
24,37,25,26.19,49.14,4.89,95.37,Alluvial,Fruit,378,Medium,9.4,Mango
20,26,24,31.07,50.25,6.18,89.33,Red,Fruit,357,Medium,7.6,Mango
10,21,25,31.84,48.19,5.48,87.12,Alluvial,Fruit,306,Medium,9.4,Mango
15,24,25,33.43,50.5,5.3,91.86,Alluvial,Fruit,395,Medium,8.5,Mango
19,22,24,30.6,51.14,6.46,77.01,Red,Fruit,344,Medium,8.2,Mango
19,26,29,32.02,46.84,6.36,98.47,Loamy,Fruit,359,Medium,9.5,Mango
26,31,20,34.95,52.78,7.0,104.9,Laterite,Fruit,393,Medium,9.0,Mango
25,36,30,27.07,48.92,6.03,95.6,Alluvial,Fruit,342,Medium,7.5,Mango
17,31,34,33.29,53.7,5.75,81.06,Alluvial,Fruit,356,Medium,8.3,Mango
18,27,31,33.13,49.03,4.66,91.14,Laterite,Fruit,365,Medium,9.2,Mango
17,29,30,31.11,53.26,5.4,90.4,Alluvial,Fruit,364,Medium,8.1,Mango
22,23,30,30.75,50.75,5.52,92.29,Laterite,Fruit,366,Medium,8.6,Mango
19,35,27,30.84,44.49,6.02,86.08,Laterite,Fruit,359,Medium,8.3,Mango
21,24,28,34.59,51.0,5.46,92.99,Laterite,Fruit,395,Medium,8.4,Mango
17,23,28,29.51,45.52,5.13,88.37,Red,Fruit,375,Medium,8.3,Mango
19,33,33,30.29,47.79,5.28,100.54,Loamy,Fruit,361,Medium,8.3,Mango
16,23,30,27.71,53.48,5.48,93.8,Loamy,Fruit,340,Medium,8.5,Mango
18,26,34,31.44,47.22,5.37,99.76,Red,Fruit,388,Medium,8.7,Mango
22,30,34,26.13,52.34,6.39,84.29,Loamy,Fruit,348,Medium,8.0,Mango
17,24,30,33.16,53.78,5.3,88.24,Loamy,Fruit,389,Medium,8.9,Mango
20,29,29,32.31,48.82,5.96,82.92,Loamy,Fruit,352,Medium,8.1,Mango
18,22,28,27.21,51.92,5.75,81.36,Alluvial,Fruit,349,Medium,8.7,Mango
17,23,29,31.86,44.97,6.13,88.6,Red,Fruit,364,Medium,8.5,Mango
17,21,29,35.06,45.23,6.82,92.92,Loamy,Fruit,365,Medium,7.8,Mango
16,24,26,30.48,48.58,6.91,85.67,Red,Fruit,366,Medium,8.6,Mango
15,30,28,24.77,52.31,5.13,86.62,Loamy,Fruit,377,Medium,8.3,Mango
23,33,28,32.98,47.36,7.14,89.46,Loamy,Fruit,383,Medium,9.0,Mango
21,23,29,25.62,50.79,6.01,96.07,Red,Fruit,310,Medium,7.7,Mango
17,28,30,30.57,52.22,5.18,99.88,Laterite,Fruit,373,Medium,8.7,Mango
19,36,31,28.58,50.87,6.25,90.3,Red,Fruit,384,Medium,8.7,Mango
10,28,28,32.34,53.3,5.92,108.32,Laterite,Fruit,361,Medium,8.9,Mango
23,26,32,29.51,48.52,5.01,96.93,Alluvial,Fruit,370,Medium,9.2,Mango
23,25,26,32.08,53.89,6.25,103.68,Red,Fruit,361,Medium,8.2,Mango
17,26,29,31.52,49.55,5.72,88.79,Laterite,Fruit,382,Medium,8.5,Mango
19,23,26,34.27,51.94,4.83,101.11,Loamy,Fruit,381,Medium,8.6,Mango
26,28,25,31.91,50.86,5.44,99.59,Alluvial,Fruit,334,Medium,9.1,Mango
16,22,29,32.08,50.57,5.35,90.95,Red,Fruit,344,Medium,8.4,Mango
24,26,32,34.64,47.94,5.69,112.37,Laterite,Fruit,391,Medium,7.5,Mango
21,27,32,29.14,47.06,5.39,90.42,Laterite,Fruit,379,Medium,7.8,Mango
17,18,33,34.18,48.86,5.62,98.63,Red,Fruit,391,Medium,8.7,Mango
17,18,26,31.18,47.71,5.92,90.58,Laterite,Fruit,345,Medium,7.8,Mango
26,31,35,32.35,48.5,6.59,94.74,Red,Fruit,369,Medium,8.5,Mango
8,35,31,31.82,49.78,5.9,90.22,Laterite,Fruit,376,Medium,7.7,Mango
20,29,29,31.93,46.53,5.22,96.89,Loamy,Fruit,377,Medium,7.4,Mango
22,24,29,27.65,47.02,6.38,95.26,Red,Fruit,358,Medium,8.4,Mango
21,29,29,33.73,53.4,6.05,95.44,Red,Fruit,376,Medium,8.7,Mango
24,31,26,28.29,47.55,6.39,82.39,Alluvial,Fruit,372,Medium,8.7,Mango
24,27,25,28.6,45.86,5.48,93.54,Loamy,Fruit,343,Medium,9.4,Mango
14,33,33,33.25,47.57,6.01,84.78,Red,Fruit,381,Medium,8.5,Mango
18,20,22,28.4,53.89,5.56,93.65,Laterite,Fruit,376,Medium,9.6,Mango
25,22,24,36.9,57.94,5.91,84.84,Laterite,Fruit,382,Medium,8.4,Mango
19,31,31,28.04,48.86,6.2,99.08,Laterite,Fruit,369,Medium,9.1,Mango
18,27,19,29.88,52.67,5.57,91.27,Alluvial,Fruit,345,Medium,9.1,Mango
22,31,24,30.6,49.02,5.63,90.07,Red,Fruit,358,Medium,9.0,Mango
12,35,31,30.89,53.17,4.93,89.68,Laterite,Fruit,362,Medium,9.3,Mango
19,29,28,32.22,55.87,6.4,94.35,Alluvial,Fruit,377,Medium,8.8,Mango
22,32,33,30.68,52.25,5.57,87.62,Alluvial,Fruit,360,Medium,8.5,Mango
13,31,21,37.79,55.26,5.64,95.08,Red,Fruit,370,Medium,8.1,Mango
20,26,29,31.45,45.4,5.82,96.31,Laterite,Fruit,367,Medium,8.4,Mango
24,25,30,34.24,49.72,5.93,94.23,Loamy,Fruit,387,Medium,8.3,Mango
25,26,27,32.7,48.93,6.17,73.16,Laterite,Fruit,365,Medium,8.2,Mango
15,24,28,30.88,45.21,5.99,105.93,Loamy,Fruit,370,Medium,9.0,Mango
24,33,35,29.75,47.49,6.27,100.67,Loamy,Fruit,379,Medium,9.6,Mango
20,29,27,36.34,48.82,5.62,92.23,Laterite,Fruit,353,Medium,8.1,Mango
17,20,27,35.87,52.57,6.36,104.42,Loamy,Fruit,398,Medium,7.4,Mango
15,22,28,30.25,48.44,5.93,95.28,Alluvial,Fruit,351,Medium,7.2,Mango
16,24,29,28.18,48.28,5.12,93.99,Alluvial,Fruit,345,Medium,8.0,Mango
14,26,27,33.27,51.42,5.76,88.62,Laterite,Fruit,371,Medium,8.9,Mango
20,35,31,33.28,50.47,6.21,88.63,Red,Fruit,356,Medium,8.7,Mango
21,29,33,27.44,46.59,5.94,89.21,Alluvial,Fruit,426,Medium,8.8,Mango
99,78,48,27.55,80.39,5.72,101.72,Clayey,Fruit,352,High,8.3,Banana
102,72,52,30.3,84.79,6.19,122.07,Alluvial,Fruit,330,High,7.9,Banana
93,84,55,26.44,76.98,5.94,102.28,Clayey,Fruit,340,High,7.2,Banana
117,72,55,26.12,73.71,6.0,101.94,Loamy,Fruit,311,High,6.5,Banana
99,88,52,27.6,81.68,5.89,87.84,Loamy,Fruit,306,High,7.4,Banana
98,87,53,28.59,79.02,5.35,109.94,Alluvial,Fruit,338,High,6.1,Banana
91,77,50,26.05,79.87,5.82,103.09,Alluvial,Fruit,318,High,7.1,Banana
89,84,52,26.11,85.32,5.77,123.36,Clayey,Fruit,319,High,6.3,Banana
104,83,50,26.34,79.88,5.7,101.37,Alluvial,Fruit,343,High,7.6,Banana
106,80,48,25.42,78.7,4.57,97.92,Loamy,Fruit,328,High,7.8,Banana
97,84,41,27.4,74.12,5.42,102.75,Loamy,Fruit,351,High,7.7,Banana
100,81,47,26.52,81.5,5.35,112.12,Loamy,Fruit,323,High,8.0,Banana
109,70,47,25.96,73.66,5.49,134.3,Clayey,Fruit,340,High,8.7,Banana
108,76,48,28.56,81.53,5.67,86.88,Alluvial,Fruit,384,High,7.4,Banana
96,82,49,27.72,84.5,5.85,91.05,Clayey,Fruit,327,High,7.2,Banana
114,90,50,25.2,75.71,5.91,109.04,Clayey,Fruit,323,High,7.2,Banana
94,81,40,25.52,77.81,6.38,95.23,Alluvial,Fruit,332,High,7.6,Banana
112,90,49,26.64,77.68,5.8,99.79,Loamy,Fruit,339,High,7.8,Banana
105,90,57,27.72,83.85,5.76,119.22,Alluvial,Fruit,347,High,8.1,Banana
100,77,44,27.43,85.37,5.78,114.42,Alluvial,Fruit,343,High,7.3,Banana
113,61,45,25.85,77.13,6.03,108.48,Alluvial,Fruit,336,High,7.9,Banana
90,73,51,26.37,74.5,6.29,121.74,Clayey,Fruit,355,High,7.6,Banana
106,91,47,29.5,80.96,6.27,107.23,Alluvial,Fruit,351,High,7.6,Banana
85,92,46,29.76,79.68,6.37,118.62,Loamy,Fruit,337,High,7.8,Banana
104,67,50,25.49,80.6,5.44,90.78,Alluvial,Fruit,356,High,8.1,Banana
99,83,49,28.53,77.63,6.3,101.96,Loamy,Fruit,323,High,7.5,Banana
94,84,47,28.34,84.26,5.61,103.43,Loamy,Fruit,337,High,7.2,Banana
104,85,54,26.41,76.7,5.78,93.39,Loamy,Fruit,339,High,6.8,Banana
123,91,50,29.06,74.27,6.91,97.92,Clayey,Fruit,328,High,6.4,Banana
104,74,50,26.52,76.23,5.58,107.71,Clayey,Fruit,308,High,7.1,Banana
106,100,51,25.85,78.72,5.91,100.81,Clayey,Fruit,344,High,7.6,Banana
109,79,55,27.2,76.6,6.77,83.1,Alluvial,Fruit,317,High,7.1,Banana
125,94,55,26.9,88.49,6.05,116.73,Clayey,Fruit,332,High,7.5,Banana
97,80,52,28.16,79.89,6.5,69.4,Alluvial,Fruit,338,High,7.9,Banana
111,81,50,29.27,85.22,5.78,108.2,Loamy,Fruit,357,High,6.2,Banana
93,92,54,28.44,78.43,5.55,97.91,Alluvial,Fruit,355,High,7.1,Banana
101,76,53,26.53,79.66,5.23,85.64,Loamy,Fruit,330,High,6.7,Banana
121,67,46,27.53,78.72,5.46,93.5,Alluvial,Fruit,313,High,7.3,Banana
119,82,54,28.41,83.9,4.78,101.35,Clayey,Fruit,351,High,7.2,Banana
117,92,48,26.59,76.45,5.65,90.21,Loamy,Fruit,337,High,6.6,Banana
106,86,43,30.29,81.8,6.2,95.9,Alluvial,Fruit,340,High,8.2,Banana
99,96,50,29.55,81.03,6.13,84.94,Alluvial,Fruit,336,High,7.1,Banana
91,94,49,25.69,78.74,5.38,122.21,Clayey,Fruit,318,High,7.8,Banana
113,78,52,25.65,88.56,6.27,102.69,Clayey,Fruit,317,High,7.4,Banana
96,95,45,27.74,79.94,5.85,103.7,Clayey,Fruit,328,High,8.0,Banana
106,84,37,28.04,74.21,6.16,122.69,Alluvial,Fruit,314,High,7.3,Banana
94,90,50,30.61,81.45,6.0,105.82,Clayey,Fruit,343,High,6.5,Banana
100,81,52,27.16,76.36,5.9,92.01,Alluvial,Fruit,298,High,7.9,Banana
105,85,55,26.3,74.99,5.87,100.83,Clayey,Fruit,316,High,7.5,Banana
93,69,48,25.45,80.81,5.64,118.34,Alluvial,Fruit,356,High,7.9,Banana
84,92,56,27.53,84.63,5.68,82.61,Loamy,Fruit,317,High,8.5,Banana
85,81,50,26.58,78.45,5.93,98.25,Clayey,Fruit,306,High,7.6,Banana
110,88,46,25.25,79.01,6.53,112.75,Loamy,Fruit,341,High,8.0,Banana
104,82,52,26.52,75.05,6.19,119.85,Alluvial,Fruit,311,High,8.0,Banana
116,81,46,27.72,78.07,5.65,110.2,Loamy,Fruit,303,High,6.6,Banana
100,81,51,30.88,80.37,6.14,93.29,Clayey,Fruit,342,High,7.2,Banana
100,81,54,25.14,72.01,5.81,110.62,Clayey,Fruit,332,High,8.2,Banana
104,78,40,27.07,83.6,5.74,105.34,Alluvial,Fruit,336,High,6.9,Banana
106,93,49,25.47,79.77,5.01,109.04,Clayey,Fruit,337,High,8.5,Banana
98,84,46,26.86,74.66,5.82,101.34,Loamy,Fruit,334,High,7.1,Banana
100,79,48,27.64,80.14,6.2,103.55,Clayey,Fruit,324,High,7.4,Banana
92,79,58,25.86,79.02,5.75,102.03,Loamy,Fruit,324,High,7.7,Banana
82,89,52,25.26,72.06,5.51,102.09,Clayey,Fruit,372,High,7.8,Banana
81,77,49,27.96,75.4,5.85,96.39,Alluvial,Fruit,311,High,7.7,Banana
107,87,52,26.6,82.5,6.02,106.61,Clayey,Fruit,319,High,7.2,Banana
100,99,51,26.4,77.09,5.7,131.13,Alluvial,Fruit,323,High,8.0,Banana
96,83,53,26.47,77.76,6.56,116.82,Clayey,Fruit,343,High,8.0,Banana
104,96,50,28.54,74.92,5.57,90.59,Alluvial,Fruit,351,High,6.0,Banana
95,61,46,26.62,84.85,6.06,95.0,Loamy,Fruit,347,High,7.5,Banana
100,73,46,26.01,80.16,5.93,123.53,Loamy,Fruit,336,High,5.9,Banana
22,123,195,21.28,91.0,5.49,114.63,Loamy,Fruit,339,Medium,6.7,Apple
29,124,198,18.71,91.55,6.09,118.77,Loamy,Fruit,366,Medium,7.0,Apple
31,145,197,20.32,91.39,5.62,116.61,Clayey,Fruit,343,Medium,6.5,Apple
24,133,195,24.26,89.18,5.8,112.67,Clayey,Fruit,365,Medium,6.6,Apple
23,133,198,21.89,91.08,6.14,107.83,Loamy,Fruit,380,Medium,6.5,Apple
18,138,196,23.46,92.32,5.72,117.23,Loamy,Fruit,374,Medium,7.2,Apple
24,137,194,26.17,89.89,6.18,116.45,Loamy,Fruit,343,Medium,6.4,Apple
20,143,196,22.11,88.5,6.42,104.44,Loamy,Fruit,370,Medium,6.4,Apple
20,139,208,22.88,92.98,6.0,121.14,Clayey,Fruit,356,Medium,7.1,Apple
25,141,196,22.25,92.36,5.49,125.76,Clayey,Fruit,364,Medium,6.7,Apple
18,124,196,22.83,93.01,5.95,115.77,Clayey,Fruit,358,Medium,6.8,Apple
26,138,204,22.94,89.75,5.59,116.64,Clayey,Fruit,364,Medium,6.8,Apple
27,139,206,22.64,90.79,5.88,106.56,Loamy,Fruit,393,Medium,7.0,Apple
23,142,189,23.38,90.03,5.9,110.51,Clayey,Fruit,377,Medium,6.6,Apple
26,129,203,22.74,89.55,5.62,111.8,Loamy,Fruit,385,Medium,6.8,Apple
16,133,210,22.67,91.51,6.05,119.11,Clayey,Fruit,356,Medium,6.8,Apple
19,139,200,23.22,90.86,5.65,120.56,Clayey,Fruit,363,Medium,6.7,Apple
19,140,196,22.3,93.18,6.25,108.81,Clayey,Fruit,400,Medium,6.7,Apple
16,136,198,23.15,91.94,5.92,105.71,Loamy,Fruit,383,Medium,5.8,Apple
16,136,208,21.97,93.05,6.22,119.52,Clayey,Fruit,359,Medium,5.8,Apple
12,132,205,20.81,93.05,5.61,113.85,Loamy,Fruit,377,Medium,6.1,Apple
21,131,203,22.85,92.08,6.37,118.3,Clayey,Fruit,352,Medium,6.4,Apple
20,134,212,23.06,88.95,5.74,97.54,Clayey,Fruit,358,Medium,5.3,Apple
17,123,201,22.5,92.45,5.87,101.85,Loamy,Fruit,374,Medium,7.7,Apple
22,131,192,21.14,92.68,6.22,115.09,Clayey,Fruit,379,Medium,6.9,Apple
23,129,200,21.23,92.03,6.0,126.43,Loamy,Fruit,341,Medium,6.8,Apple
26,139,204,23.38,93.95,5.57,101.91,Clayey,Fruit,364,Medium,5.2,Apple
25,142,197,21.94,91.89,5.92,114.02,Clayey,Fruit,375,Medium,6.4,Apple
24,137,196,24.5,89.96,5.87,120.74,Loamy,Fruit,351,Medium,6.7,Apple
23,127,199,22.27,91.17,6.59,106.9,Clayey,Fruit,383,Medium,6.3,Apple
16,134,203,23.88,94.34,6.78,115.0,Clayey,Fruit,352,Medium,6.8,Apple
19,140,193,26.05,93.28,5.39,107.33,Loamy,Fruit,379,Medium,7.2,Apple
15,138,190,22.37,93.67,5.73,100.94,Loamy,Fruit,367,Medium,6.1,Apple
23,127,196,19.47,92.25,5.85,103.49,Clayey,Fruit,368,Medium,7.1,Apple
20,135,201,20.69,95.08,5.76,118.25,Loamy,Fruit,379,Medium,6.4,Apple
23,135,192,22.0,91.08,5.76,102.57,Loamy,Fruit,385,Medium,7.5,Apple
24,142,198,21.55,90.83,6.09,114.82,Loamy,Fruit,363,Medium,7.3,Apple
22,128,196,23.52,93.56,6.07,128.18,Loamy,Fruit,394,Medium,6.8,Apple
17,124,198,23.63,94.74,6.03,122.35,Clayey,Fruit,360,Medium,6.9,Apple
24,120,197,23.92,92.41,5.54,93.56,Loamy,Fruit,358,Medium,6.5,Apple
17,135,202,23.51,88.47,5.51,110.56,Loamy,Fruit,375,Medium,6.8,Apple
22,131,198,21.41,93.15,5.62,119.8,Loamy,Fruit,368,Medium,6.5,Apple
18,124,196,22.0,88.45,5.84,120.39,Loamy,Fruit,375,Medium,6.2,Apple
21,130,200,24.81,93.45,6.06,109.06,Loamy,Fruit,378,Medium,5.5,Apple
19,138,203,23.5,92.44,5.84,117.3,Loamy,Fruit,347,Medium,6.0,Apple
21,135,190,23.18,93.16,5.88,132.0,Loamy,Fruit,352,Medium,6.3,Apple
19,133,198,20.39,91.18,5.87,122.83,Clayey,Fruit,405,Medium,7.3,Apple
17,129,199,25.18,91.75,5.5,108.99,Loamy,Fruit,378,Medium,6.9,Apple
20,138,188,22.66,93.29,5.65,106.31,Loamy,Fruit,330,Medium,7.5,Apple
18,135,203,24.77,91.77,5.74,114.38,Clayey,Fruit,388,Medium,6.4,Apple
17,123,193,23.8,91.52,5.72,107.27,Loamy,Fruit,366,Medium,6.4,Apple
19,143,207,20.08,92.49,5.67,111.01,Loamy,Fruit,370,Medium,6.4,Apple
21,138,201,21.53,91.06,5.47,106.17,Clayey,Fruit,400,Medium,6.0,Apple
16,136,199,22.21,94.11,6.06,108.76,Loamy,Fruit,357,Medium,6.2,Apple
24,131,191,22.43,89.69,6.56,105.27,Loamy,Fruit,362,Medium,6.7,Apple
19,131,202,24.79,93.15,6.34,104.63,Loamy,Fruit,370,Medium,6.6,Apple
22,143,198,21.89,92.8,5.37,111.11,Loamy,Fruit,362,Medium,5.9,Apple
25,126,199,22.94,94.03,5.9,120.49,Loamy,Fruit,377,Medium,6.6,Apple
16,123,200,21.69,93.38,6.12,111.52,Clayey,Fruit,343,Medium,6.8,Apple
16,128,195,22.29,93.76,5.9,109.45,Loamy,Fruit,337,Medium,6.8,Apple
17,134,198,23.76,91.76,5.88,116.89,Clayey,Fruit,403,Medium,7.0,Apple
20,134,197,21.08,91.17,5.67,118.23,Loamy,Fruit,345,Medium,7.3,Apple
24,134,200,21.66,92.41,6.23,107.37,Loamy,Fruit,337,Medium,6.9,Apple
22,126,196,21.21,90.91,5.8,110.87,Clayey,Fruit,353,Medium,6.0,Apple
20,135,198,24.24,92.76,5.42,117.19,Loamy,Fruit,376,Medium,6.2,Apple
15,134,199,20.82,89.82,5.87,111.14,Loamy,Fruit,357,Medium,6.4,Apple
16,130,202,21.98,89.49,5.76,104.44,Clayey,Fruit,369,Medium,6.7,Apple
14,139,194,24.84,91.93,5.53,103.86,Loamy,Fruit,371,Medium,6.3,Apple
20,145,196,22.59,94.13,5.98,100.15,Loamy,Fruit,374,Medium,5.8,Apple
26,128,214,24.7,90.81,5.91,119.03,Clayey,Fruit,379,Medium,6.8,Apple
25,16,9,21.61,93.72,7.18,112.33,Black,Fruit,379,Medium,6.8,Orange
21,17,13,16.89,95.11,7.04,113.91,Black,Fruit,395,Medium,8.3,Orange
21,17,9,22.89,90.57,6.98,91.31,Alluvial,Fruit,372,Medium,7.9,Orange
18,17,7,30.72,91.79,6.93,102.28,Alluvial,Fruit,365,Medium,8.8,Orange
24,20,11,21.57,89.1,6.9,108.11,Loamy,Fruit,384,Medium,8.2,Orange
26,21,9,15.82,94.77,7.68,99.07,Black,Fruit,392,Medium,8.2,Orange
20,23,12,25.61,92.95,7.31,106.8,Alluvial,Fruit,363,Medium,7.5,Orange
18,15,8,23.55,91.35,7.25,97.02,Loamy,Fruit,362,Medium,8.1,Orange
18,16,6,24.43,93.3,7.25,118.31,Alluvial,Fruit,368,Medium,8.3,Orange
20,19,6,19.43,95.17,5.77,108.88,Loamy,Fruit,386,Medium,7.9,Orange
18,17,9,23.12,90.63,7.55,121.39,Alluvial,Fruit,362,Medium,7.2,Orange
17,16,11,18.97,90.46,7.26,117.51,Alluvial,Fruit,353,Medium,7.2,Orange
33,20,9,26.48,91.75,7.43,111.28,Alluvial,Fruit,366,Medium,7.9,Orange
14,24,8,17.56,91.57,6.52,109.59,Black,Fruit,377,Medium,8.6,Orange
23,15,10,24.63,88.48,7.29,98.34,Black,Fruit,402,Medium,7.8,Orange
19,13,8,32.1,93.88,6.23,122.03,Alluvial,Fruit,386,Medium,7.8,Orange
21,16,13,19.81,92.29,6.79,98.54,Loamy,Fruit,404,Medium,7.3,Orange
20,10,9,24.69,90.35,7.29,107.85,Loamy,Fruit,386,Medium,8.8,Orange
17,17,10,25.48,92.03,7.1,108.05,Black,Fruit,367,Medium,8.8,Orange
22,19,11,22.38,92.64,6.46,120.15,Black,Fruit,314,Medium,7.9,Orange
24,11,10,20.28,91.26,7.47,111.58,Black,Fruit,327,Medium,7.4,Orange
23,18,13,29.73,91.32,8.25,110.2,Alluvial,Fruit,347,Medium,7.6,Orange
10,23,13,18.94,91.54,7.05,102.32,Loamy,Fruit,332,Medium,7.9,Orange
18,15,10,28.72,91.39,7.09,115.81,Black,Fruit,375,Medium,7.6,Orange
20,19,7,28.05,94.86,6.64,111.55,Alluvial,Fruit,376,Medium,7.7,Orange
21,17,7,24.84,89.8,7.47,104.63,Black,Fruit,362,Medium,8.8,Orange
21,12,7,20.6,92.79,7.18,103.26,Loamy,Fruit,343,Medium,8.2,Orange
19,25,10,30.26,89.66,6.21,101.04,Loamy,Fruit,386,Medium,9.1,Orange
16,15,7,15.75,93.44,7.11,110.08,Black,Fruit,339,Medium,9.0,Orange
17,19,7,22.24,92.58,7.16,111.24,Alluvial,Fruit,374,Medium,7.3,Orange
20,17,10,23.29,89.45,6.34,92.29,Loamy,Fruit,379,Medium,8.5,Orange
23,18,5,18.89,92.34,7.07,108.22,Loamy,Fruit,371,Medium,8.0,Orange
20,14,11,21.28,89.34,6.61,107.21,Loamy,Fruit,383,Medium,8.0,Orange
19,12,11,20.39,91.8,7.74,114.07,Black,Fruit,335,Medium,6.9,Orange
19,12,11,23.17,92.33,6.65,123.93,Alluvial,Fruit,416,Medium,7.8,Orange
21,17,9,19.67,89.83,6.43,113.24,Alluvial,Fruit,355,Medium,6.5,Orange
21,16,12,24.49,89.04,5.89,104.24,Alluvial,Fruit,353,Medium,8.6,Orange
19,21,7,26.86,93.44,5.99,120.58,Alluvial,Fruit,366,Medium,8.2,Orange
16,22,7,26.33,93.64,6.51,125.87,Alluvial,Fruit,369,Medium,8.4,Orange
13,25,7,27.1,90.01,6.69,116.31,Black,Fruit,383,Medium,7.2,Orange
24,21,8,29.39,89.09,6.69,113.83,Black,Fruit,349,Medium,8.2,Orange
20,16,11,22.09,92.46,7.57,116.33,Alluvial,Fruit,379,Medium,7.3,Orange
22,13,7,22.71,90.19,7.4,116.52,Alluvial,Fruit,330,Medium,7.5,Orange
14,15,10,22.03,90.82,7.65,91.56,Black,Fruit,387,Medium,7.7,Orange
19,14,13,18.08,92.02,7.26,97.11,Black,Fruit,348,Medium,7.9,Orange
16,13,9,25.6,91.31,7.54,102.02,Alluvial,Fruit,342,Medium,9.2,Orange
17,11,6,27.3,91.32,6.87,108.73,Alluvial,Fruit,383,Medium,7.9,Orange
29,17,12,26.22,91.93,6.71,112.66,Black,Fruit,374,Medium,7.7,Orange
20,21,14,26.42,95.73,6.69,115.62,Loamy,Fruit,389,Medium,7.5,Orange
18,23,8,17.64,95.06,7.6,113.46,Alluvial,Fruit,364,Medium,7.7,Orange
21,23,10,31.67,90.2,6.99,107.02,Loamy,Fruit,345,Medium,7.9,Orange
21,19,14,24.86,94.3,7.03,123.42,Alluvial,Fruit,408,Medium,8.3,Orange
16,14,10,24.83,93.4,7.23,110.06,Alluvial,Fruit,353,Medium,8.2,Orange
27,21,11,27.12,91.26,6.75,104.02,Alluvial,Fruit,362,Medium,7.7,Orange
24,15,8,30.77,91.1,7.08,113.61,Alluvial,Fruit,344,Medium,8.7,Orange
22,23,8,23.4,92.08,7.13,98.36,Loamy,Fruit,367,Medium,7.1,Orange
21,8,6,26.27,90.91,6.51,120.17,Black,Fruit,370,Medium,8.5,Orange
19,27,8,29.98,91.88,6.17,113.86,Black,Fruit,370,Medium,7.4,Orange
16,16,10,13.12,94.11,6.75,99.35,Loamy,Fruit,382,Medium,8.0,Orange
24,18,9,22.39,92.97,6.79,103.18,Black,Fruit,376,Medium,7.9,Orange
20,21,9,23.06,90.8,7.22,112.8,Black,Fruit,381,Medium,7.7,Orange
18,20,10,19.38,94.61,6.15,116.27,Black,Fruit,341,Medium,9.1,Orange
13,21,9,21.53,92.37,7.32,102.76,Black,Fruit,350,Medium,8.4,Orange
13,14,16,19.13,94.3,6.71,114.07,Black,Fruit,376,Medium,8.7,Orange
19,24,8,23.94,92.49,6.44,107.71,Alluvial,Fruit,367,Medium,7.7,Orange
29,13,12,26.43,91.97,6.57,103.85,Loamy,Fruit,355,Medium,6.9,Orange
15,11,12,25.47,93.57,7.29,111.34,Black,Fruit,391,Medium,7.6,Orange
20,19,7,35.39,92.06,7.07,120.06,Black,Fruit,381,Medium,8.0,Orange
20,10,8,25.07,92.89,7.61,109.04,Black,Fruit,339,Medium,8.6,Orange
25,20,9,27.18,98.86,7.06,99.51,Alluvial,Fruit,354,Medium,8.4,Orange
16,134,201,31.68,85.28,6.26,61.35,Loamy,Fruit,381,Medium,8.9,Grapes
24,120,196,18.17,76.96,6.0,66.81,Loamy,Fruit,412,Medium,8.4,Grapes
28,122,197,24.48,79.73,5.87,69.13,Sandy,Fruit,360,Medium,9.6,Grapes
24,136,202,27.06,81.79,5.9,70.67,Red,Fruit,386,Medium,9.2,Grapes
22,138,199,24.17,80.82,5.95,75.37,Loamy,Fruit,366,Medium,8.6,Grapes
17,130,199,19.85,82.05,5.87,70.32,Sandy,Fruit,367,Medium,7.9,Grapes
21,133,204,25.28,80.35,6.12,76.83,Sandy,Fruit,381,Medium,8.8,Grapes
25,143,204,26.83,84.67,5.68,63.99,Sandy,Fruit,367,Medium,8.5,Grapes
20,138,192,21.33,80.79,5.51,75.98,Sandy,Fruit,340,Medium,8.1,Grapes
26,137,195,27.41,82.72,6.7,71.62,Loamy,Fruit,362,Medium,8.0,Grapes
20,127,205,24.09,83.41,6.45,60.57,Sandy,Fruit,388,Medium,8.5,Grapes
24,127,196,26.44,87.96,6.3,75.06,Red,Fruit,361,Medium,8.1,Grapes
19,129,191,20.38,80.6,5.95,70.53,Red,Fruit,371,Medium,8.5,Grapes
20,119,197,19.14,83.17,6.27,73.75,Loamy,Fruit,378,Medium,8.4,Grapes
20,127,193,28.96,81.56,5.63,66.69,Sandy,Fruit,349,Medium,8.5,Grapes
27,130,190,23.05,81.61,5.93,67.49,Red,Fruit,368,Medium,8.5,Grapes
22,135,198,21.57,85.45,6.17,73.31,Sandy,Fruit,387,Medium,8.8,Grapes
26,121,200,23.09,86.19,6.28,67.48,Red,Fruit,371,Medium,8.6,Grapes
24,125,201,22.86,82.71,5.78,67.66,Red,Fruit,386,Medium,7.9,Grapes
19,132,196,19.57,82.26,5.55,65.97,Red,Fruit,402,Medium,8.8,Grapes
20,135,202,28.97,81.68,6.29,61.85,Loamy,Fruit,345,Medium,8.6,Grapes
24,126,201,20.88,81.31,6.31,73.64,Red,Fruit,346,Medium,7.9,Grapes
21,132,197,29.2,82.87,6.12,64.93,Sandy,Fruit,386,Medium,6.8,Grapes
26,139,198,30.36,81.84,6.02,71.36,Loamy,Fruit,423,Medium,9.3,Grapes
25,126,200,19.93,84.06,6.04,65.5,Loamy,Fruit,366,Medium,8.0,Grapes
23,126,200,27.75,81.87,5.88,70.81,Red,Fruit,377,Medium,7.8,Grapes
24,142,202,24.29,83.6,6.14,73.01,Loamy,Fruit,328,Medium,7.6,Grapes
27,122,201,22.24,79.51,6.1,70.8,Red,Fruit,403,Medium,8.1,Grapes
28,135,197,28.0,83.41,6.01,71.07,Sandy,Fruit,354,Medium,8.0,Grapes
26,131,199,25.4,82.66,5.57,75.15,Loamy,Fruit,367,Medium,8.4,Grapes
24,134,203,26.69,83.79,6.41,73.53,Red,Fruit,362,Medium,7.8,Grapes
29,131,198,15.32,82.85,6.04,63.94,Loamy,Fruit,373,Medium,8.2,Grapes
33,129,198,19.63,85.19,5.89,67.1,Loamy,Fruit,377,Medium,7.7,Grapes
25,145,202,27.19,84.18,6.51,74.84,Sandy,Fruit,373,Medium,9.0,Grapes
19,138,195,22.16,74.29,6.12,67.42,Red,Fruit,385,Medium,8.7,Grapes
27,125,204,34.53,83.91,6.24,70.68,Red,Fruit,355,Medium,9.0,Grapes
16,130,192,20.48,83.61,6.15,70.2,Sandy,Fruit,368,Medium,7.4,Grapes
21,128,197,27.0,79.85,5.82,61.65,Sandy,Fruit,359,Medium,7.8,Grapes
23,126,200,23.28,86.18,6.15,62.64,Red,Fruit,341,Medium,8.5,Grapes
19,112,205,27.6,83.3,5.82,71.71,Loamy,Fruit,352,Medium,8.6,Grapes
19,143,193,30.16,82.1,5.85,70.67,Sandy,Fruit,378,Medium,9.3,Grapes
24,126,200,33.08,85.37,6.27,73.18,Sandy,Fruit,377,Medium,9.2,Grapes
21,123,200,19.91,79.36,5.78,79.94,Loamy,Fruit,367,Medium,8.7,Grapes
18,120,196,31.19,82.84,6.18,72.95,Red,Fruit,354,Medium,9.3,Grapes
20,142,201,15.05,80.13,5.46,74.65,Loamy,Fruit,364,Medium,7.2,Grapes
24,129,194,32.39,82.27,5.91,68.4,Sandy,Fruit,337,Medium,7.7,Grapes
28,129,200,13.78,78.7,6.18,71.51,Loamy,Fruit,396,Medium,9.3,Grapes
22,136,198,34.27,84.87,6.05,70.8,Red,Fruit,391,Medium,8.8,Grapes
29,117,201,21.42,86.39,6.46,70.13,Sandy,Fruit,393,Medium,9.6,Grapes
23,150,199,22.93,84.16,5.89,70.34,Loamy,Fruit,390,Medium,8.5,Grapes
16,135,197,28.33,83.74,6.44,73.63,Red,Fruit,384,Medium,8.1,Grapes
26,146,197,33.0,80.63,5.74,71.18,Red,Fruit,378,Medium,9.0,Grapes
19,136,197,16.56,79.68,5.77,72.09,Red,Fruit,386,Medium,7.6,Grapes
24,124,202,20.89,79.37,6.24,67.65,Red,Fruit,359,Medium,7.2,Grapes
26,138,200,16.36,85.02,5.8,68.19,Red,Fruit,407,Medium,8.1,Grapes
25,136,201,25.41,82.94,6.08,69.79,Red,Fruit,392,Medium,7.7,Grapes
27,138,202,29.58,81.77,5.44,69.71,Sandy,Fruit,346,Medium,8.1,Grapes
18,129,197,12.11,83.75,6.67,72.42,Red,Fruit,361,Medium,8.5,Grapes
21,133,199,19.79,86.21,5.55,72.87,Red,Fruit,363,Medium,9.6,Grapes
24,130,199,24.2,79.14,5.77,62.86,Red,Fruit,348,Medium,8.6,Grapes
24,119,199,26.82,81.59,5.81,68.35,Loamy,Fruit,355,Medium,8.1,Grapes
23,149,197,22.41,81.87,5.79,74.39,Sandy,Fruit,321,Medium,8.2,Grapes
26,130,196,26.2,84.27,6.06,66.8,Sandy,Fruit,373,Medium,8.3,Grapes
25,143,189,24.56,77.66,6.73,68.13,Loamy,Fruit,378,Medium,8.5,Grapes
19,126,206,28.78,86.86,6.02,71.15,Red,Fruit,360,Medium,8.3,Grapes
18,133,196,26.21,82.43,6.09,76.7,Loamy,Fruit,364,Medium,9.0,Grapes
31,142,204,22.47,82.57,5.6,72.0,Loamy,Fruit,370,Medium,8.5,Grapes
27,124,206,28.51,81.82,5.96,71.92,Loamy,Fruit,392,Medium,8.6,Grapes
23,133,207,22.16,81.93,6.44,70.59,Sandy,Fruit,385,Medium,8.0,Grapes
22,143,197,23.24,82.64,5.7,68.34,Sandy,Fruit,367,Medium,8.5,Grapes
60,68,46,33.83,93.35,7.15,163.55,Loamy,Fruit,273,Medium,8.4,Papaya
55,53,50,37.88,91.59,6.74,134.72,Sandy,Fruit,238,Medium,8.0,Papaya
52,55,45,30.86,93.53,7.29,183.47,Sandy,Fruit,251,Medium,8.5,Papaya
44,55,48,35.62,93.92,6.67,139.57,Alluvial,Fruit,276,Medium,8.3,Papaya
59,51,50,30.3,91.9,6.63,140.6,Loamy,Fruit,259,Medium,7.1,Papaya
33,58,48,31.47,94.65,6.44,184.51,Loamy,Fruit,291,Medium,6.8,Papaya
50,56,38,29.17,93.55,7.31,169.08,Sandy,Fruit,274,Medium,8.0,Papaya
63,71,47,27.5,87.8,7.1,140.59,Sandy,Fruit,272,Medium,6.9,Papaya
43,57,50,32.3,89.93,6.46,178.25,Loamy,Fruit,273,Medium,8.4,Papaya
42,41,47,30.9,92.7,7.69,162.85,Loamy,Fruit,306,Medium,8.3,Papaya
44,61,57,38.99,90.85,6.78,99.12,Sandy,Fruit,281,Medium,8.9,Papaya
50,54,51,34.75,92.16,6.75,136.79,Sandy,Fruit,283,Medium,8.4,Papaya
42,52,48,35.71,92.3,6.51,149.85,Loamy,Fruit,265,Medium,8.5,Papaya
52,57,50,37.45,90.86,6.82,139.89,Alluvial,Fruit,275,Medium,7.6,Papaya
50,65,46,29.51,89.42,6.35,159.86,Alluvial,Fruit,251,Medium,7.8,Papaya
54,61,48,34.07,92.21,6.63,135.67,Alluvial,Fruit,300,Medium,8.5,Papaya
69,56,49,29.5,90.38,7.27,126.34,Alluvial,Fruit,295,Medium,7.3,Papaya
41,56,49,36.27,92.9,6.58,138.0,Loamy,Fruit,265,Medium,7.5,Papaya
42,65,42,38.35,91.31,6.47,164.19,Alluvial,Fruit,290,Medium,8.7,Papaya
54,65,43,31.93,90.18,7.07,130.5,Alluvial,Fruit,281,Medium,8.3,Papaya
43,55,55,31.17,92.25,6.47,132.58,Sandy,Fruit,269,Medium,7.5,Papaya
42,60,46,31.07,90.12,6.68,170.31,Alluvial,Fruit,290,Medium,7.6,Papaya
67,52,54,31.33,90.26,6.48,140.43,Sandy,Fruit,277,Medium,8.4,Papaya
42,53,46,33.17,91.58,6.41,150.09,Sandy,Fruit,300,Medium,7.7,Papaya
46,62,47,35.51,90.56,7.25,152.34,Loamy,Fruit,261,Medium,7.6,Papaya
45,67,44,31.5,90.88,6.7,133.87,Loamy,Fruit,249,Medium,7.8,Papaya
49,55,52,36.26,91.84,6.77,77.17,Loamy,Fruit,264,Medium,8.6,Papaya
46,54,59,38.96,92.94,7.04,75.22,Loamy,Fruit,259,Medium,7.7,Papaya
48,56,39,34.66,93.09,7.18,118.35,Sandy,Fruit,258,Medium,6.4,Papaya
47,64,47,39.93,91.49,6.74,101.11,Loamy,Fruit,273,Medium,6.8,Papaya
55,63,55,30.44,92.32,6.87,155.27,Sandy,Fruit,258,Medium,6.6,Papaya
52,58,47,35.79,91.91,6.3,84.06,Loamy,Fruit,254,Medium,9.4,Papaya
55,60,49,32.76,94.33,6.55,159.31,Alluvial,Fruit,265,Medium,9.2,Papaya
55,66,47,36.67,91.37,6.73,191.05,Alluvial,Fruit,255,Medium,8.1,Papaya
53,62,48,39.76,89.41,7.14,178.45,Sandy,Fruit,295,Medium,7.0,Papaya
43,67,42,28.68,91.02,6.76,189.77,Alluvial,Fruit,267,Medium,7.6,Papaya
52,61,51,32.97,88.09,6.42,184.61,Alluvial,Fruit,272,Medium,7.8,Papaya
58,52,49,33.91,91.12,6.73,136.37,Sandy,Fruit,251,Medium,8.1,Papaya
39,59,55,32.66,89.66,6.66,117.04,Alluvial,Fruit,278,Medium,7.9,Papaya
63,65,49,35.65,91.21,6.71,131.16,Alluvial,Fruit,280,Medium,8.9,Papaya
56,64,53,35.15,89.72,7.21,196.13,Alluvial,Fruit,266,Medium,7.8,Papaya
54,62,49,29.75,92.61,6.87,163.77,Loamy,Fruit,274,Medium,7.8,Papaya
57,59,48,32.96,88.51,6.65,162.65,Sandy,Fruit,274,Medium,8.9,Papaya
47,61,53,40.53,92.29,6.39,167.44,Loamy,Fruit,295,Medium,7.8,Papaya
56,66,54,33.88,90.6,6.68,155.76,Alluvial,Fruit,282,Medium,8.2,Papaya
46,62,53,34.64,90.33,6.65,170.43,Alluvial,Fruit,251,Medium,6.7,Papaya
62,62,52,30.27,93.48,6.78,94.47,Loamy,Fruit,289,Medium,8.1,Papaya
46,56,41,35.28,92.52,6.64,180.35,Alluvial,Fruit,251,Medium,7.6,Papaya
43,57,50,34.79,91.31,6.44,192.58,Sandy,Fruit,302,Medium,8.1,Papaya
43,67,44,32.5,90.61,6.35,133.6,Sandy,Fruit,258,Medium,8.0,Papaya
50,55,48,32.81,93.62,6.66,166.74,Sandy,Fruit,277,Medium,8.3,Papaya
61,52,48,38.79,91.49,5.86,135.91,Alluvial,Fruit,271,Medium,6.4,Papaya
60,54,51,32.82,89.42,6.38,113.95,Sandy,Fruit,284,Medium,7.9,Papaya
45,53,54,37.89,94.37,6.85,150.69,Sandy,Fruit,253,Medium,7.9,Papaya
44,48,54,31.41,94.39,6.96,158.7,Alluvial,Fruit,278,Medium,7.6,Papaya
64,59,51,31.55,90.14,6.84,148.53,Loamy,Fruit,259,Medium,7.1,Papaya
39,66,47,32.48,94.9,6.36,120.19,Loamy,Fruit,259,Medium,9.0,Papaya
65,63,53,31.76,95.89,6.78,167.59,Alluvial,Fruit,268,Medium,7.8,Papaya
63,62,55,34.27,90.3,6.52,145.09,Sandy,Fruit,261,Medium,7.3,Papaya
59,55,50,34.39,90.82,7.14,108.49,Loamy,Fruit,273,Medium,8.1,Papaya
49,51,53,35.73,90.65,6.91,153.25,Loamy,Fruit,252,Medium,7.5,Papaya
59,60,47,30.92,90.97,6.57,116.62,Loamy,Fruit,246,Medium,8.7,Papaya
57,51,50,30.79,91.48,6.6,129.16,Alluvial,Fruit,297,Medium,7.7,Papaya
43,54,54,28.54,90.47,7.13,149.32,Loamy,Fruit,272,Medium,9.3,Papaya
51,54,48,30.09,94.51,6.87,175.73,Loamy,Fruit,286,Medium,7.8,Papaya
42,58,46,33.99,94.26,6.65,146.5,Alluvial,Fruit,268,Medium,8.5,Papaya
44,45,51,36.46,92.89,6.51,107.95,Alluvial,Fruit,276,Medium,8.1,Papaya
48,69,46,38.83,92.06,6.15,136.62,Alluvial,Fruit,282,Medium,7.8,Papaya
38,58,46,34.98,93.55,6.38,120.83,Loamy,Fruit,280,Medium,7.5,Papaya
41,51,51,34.43,90.63,6.7,187.81,Loamy,Fruit,256,Medium,6.8,Papaya
20,18,37,23.43,92.1,5.52,104.08,Black,Fruit,407,Low,8.9,Pomegranate
21,23,40,23.75,91.8,6.62,106.07,Alluvial,Fruit,368,Low,8.1,Pomegranate
19,14,37,21.38,87.64,6.2,107.02,Black,Fruit,372,Low,9.1,Pomegranate
17,24,42,23.11,90.38,6.53,115.12,Loamy,Fruit,387,Low,9.3,Pomegranate
19,21,44,20.63,89.2,6.41,113.4,Loamy,Fruit,381,Low,8.4,Pomegranate
12,19,37,18.72,86.84,6.53,116.17,Black,Fruit,365,Low,8.6,Pomegranate
23,12,41,21.97,91.42,6.21,103.09,Alluvial,Fruit,367,Low,9.5,Pomegranate
22,16,35,18.3,93.29,6.02,106.05,Alluvial,Fruit,389,Low,7.5,Pomegranate
24,17,36,21.46,88.19,6.58,104.11,Loamy,Fruit,330,Low,8.4,Pomegranate
13,19,36,20.93,90.46,6.32,109.5,Alluvial,Fruit,377,Low,7.8,Pomegranate
18,5,40,21.34,87.54,6.53,115.04,Alluvial,Fruit,356,Low,7.9,Pomegranate
19,13,38,24.69,90.16,5.65,97.22,Alluvial,Fruit,367,Low,9.0,Pomegranate
12,20,43,26.15,90.83,6.6,95.2,Black,Fruit,403,Low,8.2,Pomegranate
15,17,44,26.86,90.31,6.8,108.26,Loamy,Fruit,346,Low,9.4,Pomegranate
16,25,43,23.35,94.57,7.29,106.95,Black,Fruit,350,Low,7.4,Pomegranate
27,17,43,20.37,93.85,6.12,100.85,Alluvial,Fruit,361,Low,8.2,Pomegranate
21,18,41,21.36,88.34,6.17,120.27,Loamy,Fruit,369,Low,7.3,Pomegranate
16,19,45,24.26,87.7,7.37,107.81,Black,Fruit,387,Low,7.8,Pomegranate
9,13,30,26.65,90.54,6.03,110.72,Loamy,Fruit,368,Low,8.9,Pomegranate
23,17,37,23.82,92.01,6.44,121.07,Black,Fruit,357,Low,8.0,Pomegranate
20,16,41,20.17,89.0,7.16,105.57,Loamy,Fruit,350,Low,9.2,Pomegranate
14,16,41,24.06,93.05,6.1,111.58,Black,Fruit,356,Low,8.1,Pomegranate
23,16,40,22.34,87.32,6.79,111.36,Alluvial,Fruit,328,Low,8.7,Pomegranate
15,23,35,21.22,90.91,6.42,112.58,Black,Fruit,337,Low,9.5,Pomegranate
21,24,42,21.97,86.79,6.17,117.54,Alluvial,Fruit,390,Low,8.1,Pomegranate
7,18,39,21.45,91.32,6.75,113.94,Black,Fruit,373,Low,7.4,Pomegranate
17,28,41,22.81,90.9,6.57,93.7,Alluvial,Fruit,360,Low,8.5,Pomegranate
24,19,35,22.95,87.99,5.91,103.0,Alluvial,Fruit,374,Low,9.3,Pomegranate
20,21,41,22.22,91.74,5.43,108.67,Black,Fruit,345,Low,9.2,Pomegranate
18,19,35,24.24,91.57,6.62,103.12,Black,Fruit,350,Low,8.6,Pomegranate
16,20,33,20.93,94.49,6.58,109.0,Loamy,Fruit,401,Low,7.1,Pomegranate
15,17,42,23.93,87.83,6.8,105.58,Black,Fruit,387,Low,7.9,Pomegranate
18,17,43,20.85,89.89,6.6,111.27,Loamy,Fruit,381,Low,8.6,Pomegranate
17,17,40,22.55,89.63,6.41,98.9,Black,Fruit,377,Low,8.6,Pomegranate
23,19,34,21.21,89.5,6.7,95.58,Loamy,Fruit,365,Low,8.8,Pomegranate
16,19,38,20.39,88.98,6.12,112.1,Alluvial,Fruit,351,Low,8.0,Pomegranate
26,22,34,20.32,90.61,6.53,99.06,Black,Fruit,386,Low,9.0,Pomegranate
20,24,41,22.99,93.89,6.84,102.95,Alluvial,Fruit,376,Low,8.1,Pomegranate
21,20,35,21.73,90.66,6.23,109.89,Black,Fruit,379,Low,8.5,Pomegranate
19,24,41,22.44,87.6,6.67,109.98,Loamy,Fruit,388,Low,8.5,Pomegranate
11,12,42,20.75,91.09,6.45,107.0,Black,Fruit,363,Low,8.0,Pomegranate
18,16,38,21.29,89.43,6.77,107.22,Loamy,Fruit,383,Low,9.4,Pomegranate
22,21,40,23.9,90.22,6.79,111.68,Loamy,Fruit,358,Low,9.0,Pomegranate
19,18,38,22.37,92.49,6.76,110.12,Black,Fruit,375,Low,9.3,Pomegranate
18,14,43,20.83,88.27,5.68,111.43,Alluvial,Fruit,335,Low,8.0,Pomegranate
21,21,38,21.7,87.82,6.18,109.6,Black,Fruit,355,Low,8.4,Pomegranate
13,23,41,23.74,93.23,6.07,105.85,Alluvial,Fruit,330,Low,10.4,Pomegranate
18,23,36,24.19,94.64,6.38,101.93,Loamy,Fruit,362,Low,7.2,Pomegranate
18,22,39,21.37,91.32,6.64,98.04,Black,Fruit,366,Low,10.0,Pomegranate
13,18,45,24.43,88.72,6.48,107.99,Black,Fruit,351,Low,8.5,Pomegranate
17,19,37,19.19,89.9,7.09,108.49,Alluvial,Fruit,358,Low,9.0,Pomegranate
18,26,39,23.54,88.11,6.6,109.65,Black,Fruit,363,Low,8.2,Pomegranate
16,20,41,21.72,90.72,6.38,108.59,Loamy,Fruit,361,Low,8.5,Pomegranate
29,20,41,22.96,89.34,6.92,106.25,Black,Fruit,384,Low,8.3,Pomegranate
15,20,36,23.18,87.01,6.27,99.41,Loamy,Fruit,416,Low,7.5,Pomegranate
19,23,43,23.87,89.21,6.94,113.48,Loamy,Fruit,368,Low,8.6,Pomegranate
17,15,43,24.89,87.79,6.34,107.14,Alluvial,Fruit,364,Low,8.5,Pomegranate
22,16,37,24.72,88.84,5.89,105.09,Alluvial,Fruit,358,Low,9.4,Pomegranate
22,23,42,24.08,88.28,6.32,102.06,Loamy,Fruit,361,Low,8.9,Pomegranate
19,24,36,23.1,86.88,6.44,112.44,Alluvial,Fruit,361,Low,8.8,Pomegranate
15,12,41,25.84,87.51,6.89,108.26,Alluvial,Fruit,340,Low,7.8,Pomegranate
19,17,36,18.27,87.88,6.48,107.96,Loamy,Fruit,355,Low,8.6,Pomegranate
23,20,39,24.04,87.6,6.31,106.79,Black,Fruit,342,Low,8.2,Pomegranate
10,26,37,25.49,90.1,6.63,105.07,Black,Fruit,368,Low,8.9,Pomegranate
21,22,38,20.94,86.01,6.61,114.49,Alluvial,Fruit,394,Low,8.7,Pomegranate
15,12,43,18.05,89.15,6.31,107.58,Alluvial,Fruit,365,Low,8.6,Pomegranate
9,19,33,23.61,88.61,5.54,103.11,Loamy,Fruit,354,Low,9.2,Pomegranate
19,20,43,21.79,91.89,6.67,100.28,Loamy,Fruit,391,Low,7.6,Pomegranate
22,12,41,26.1,89.47,6.3,111.66,Loamy,Fruit,358,Low,9.6,Pomegranate
19,17,38,19.95,88.43,6.26,105.07,Loamy,Fruit,352,Low,9.8,Pomegranate
29,25,32,27.58,69.71,6.38,96.77,Alluvial,Fruit,369,Medium,7.8,Guava
27,23,25,24.33,70.17,6.68,116.71,Loamy,Fruit,355,Medium,8.5,Guava
36,30,32,23.48,61.38,6.66,82.07,Loamy,Fruit,347,Medium,7.2,Guava
35,31,28,27.48,69.49,5.86,101.02,Clayey,Fruit,345,Medium,8.0,Guava
33,28,25,26.98,65.8,6.24,35.47,Loamy,Fruit,403,Medium,8.3,Guava
31,20,28,27.79,60.54,6.43,116.56,Clayey,Fruit,344,Medium,8.0,Guava
46,27,30,27.27,68.0,7.15,84.01,Loamy,Fruit,329,Medium,7.8,Guava
30,23,28,28.99,73.48,6.63,89.96,Loamy,Fruit,345,Medium,6.7,Guava
35,28,29,24.66,72.32,6.46,115.29,Clayey,Fruit,387,Medium,8.6,Guava
38,19,32,26.94,73.03,6.75,96.79,Alluvial,Fruit,414,Medium,8.0,Guava
39,23,33,28.35,71.82,7.33,76.74,Alluvial,Fruit,356,Medium,8.1,Guava
39,25,35,24.35,64.3,6.65,88.84,Clayey,Fruit,374,Medium,8.0,Guava
33,24,30,25.24,68.98,6.3,102.85,Clayey,Fruit,368,Medium,9.4,Guava
35,22,40,27.03,74.95,6.8,99.35,Alluvial,Fruit,374,Medium,7.3,Guava
36,19,29,24.19,71.79,6.67,97.22,Clayey,Fruit,370,Medium,7.6,Guava
33,28,34,23.13,62.35,6.14,105.68,Clayey,Fruit,387,Medium,7.4,Guava
36,32,31,29.55,74.99,6.04,87.15,Clayey,Fruit,365,Medium,8.1,Guava
39,26,18,22.72,59.06,6.59,93.61,Clayey,Fruit,370,Medium,7.4,Guava
38,27,24,22.33,70.0,7.4,115.5,Clayey,Fruit,375,Medium,7.6,Guava
39,23,26,20.64,70.51,6.19,91.45,Alluvial,Fruit,323,Medium,8.1,Guava
22,29,32,25.3,72.81,6.01,91.09,Clayey,Fruit,379,Medium,6.1,Guava
32,24,29,29.64,64.38,6.19,61.26,Alluvial,Fruit,392,Medium,7.9,Guava
32,24,32,26.87,83.24,6.73,83.02,Loamy,Fruit,354,Medium,7.8,Guava
27,25,33,24.47,65.96,7.26,68.6,Alluvial,Fruit,327,Medium,7.3,Guava
27,26,28,25.45,75.76,6.15,101.63,Loamy,Fruit,392,Medium,7.7,Guava
38,24,33,22.07,61.77,6.3,76.67,Alluvial,Fruit,355,Medium,7.9,Guava
38,23,26,25.12,66.15,6.03,65.8,Alluvial,Fruit,366,Medium,7.7,Guava
39,19,27,30.53,65.3,6.38,71.76,Clayey,Fruit,340,Medium,8.9,Guava
35,25,23,26.9,75.79,7.07,100.02,Alluvial,Fruit,344,Medium,8.2,Guava
38,17,25,28.22,74.38,5.73,101.93,Alluvial,Fruit,366,Medium,8.5,Guava
31,27,33,25.12,70.09,6.18,114.77,Clayey,Fruit,362,Medium,7.4,Guava
31,25,33,22.66,79.24,6.65,97.0,Loamy,Fruit,363,Medium,8.0,Guava
34,29,29,27.92,67.83,6.6,77.94,Alluvial,Fruit,387,Medium,7.5,Guava
33,23,28,27.81,68.42,7.2,77.72,Clayey,Fruit,368,Medium,7.5,Guava
37,24,29,28.97,66.73,6.79,78.47,Loamy,Fruit,367,Medium,7.3,Guava
31,24,37,26.25,78.27,6.61,84.19,Alluvial,Fruit,393,Medium,8.3,Guava
31,26,28,21.03,74.68,7.05,117.57,Alluvial,Fruit,372,Medium,7.9,Guava
39,28,36,25.89,69.17,6.14,98.06,Alluvial,Fruit,336,Medium,8.5,Guava
37,27,30,29.83,74.36,6.2,81.16,Loamy,Fruit,348,Medium,8.3,Guava
29,29,35,23.8,69.07,6.51,103.26,Loamy,Fruit,394,Medium,7.0,Guava
33,23,24,24.79,72.14,6.36,66.83,Alluvial,Fruit,417,Medium,8.2,Guava
35,20,31,25.59,60.56,5.96,101.92,Alluvial,Fruit,400,Medium,8.2,Guava
40,24,29,28.73,78.31,7.15,74.0,Loamy,Fruit,363,Medium,8.2,Guava
33,26,33,28.51,78.43,6.34,69.54,Clayey,Fruit,371,Medium,9.1,Guava
32,27,32,26.48,70.03,6.04,55.78,Loamy,Fruit,344,Medium,7.8,Guava
40,24,27,23.77,73.28,7.18,105.95,Clayey,Fruit,376,Medium,7.1,Guava
33,32,34,22.16,69.72,6.68,78.57,Clayey,Fruit,322,Medium,8.1,Guava
31,21,28,25.67,69.95,6.06,86.7,Clayey,Fruit,332,Medium,8.2,Guava
20,23,33,23.35,73.58,7.08,40.38,Alluvial,Fruit,362,Medium,6.3,Guava
34,24,20,30.81,71.43,6.08,111.98,Alluvial,Fruit,332,Medium,7.3,Guava
23,32,31,27.65,71.51,6.79,91.17,Clayey,Fruit,369,Medium,8.1,Guava
31,24,31,26.28,62.61,5.83,106.24,Clayey,Fruit,359,Medium,8.4,Guava
29,19,26,25.44,66.67,7.15,92.69,Clayey,Fruit,398,Medium,8.2,Guava
22,29,23,26.58,66.13,7.57,111.59,Loamy,Fruit,351,Medium,7.9,Guava
36,28,30,23.44,66.41,6.5,108.52,Alluvial,Fruit,372,Medium,7.5,Guava
38,23,33,32.32,68.21,6.9,78.82,Clayey,Fruit,362,Medium,8.0,Guava
34,34,28,27.47,60.35,6.72,107.13,Clayey,Fruit,355,Medium,6.5,Guava
34,25,32,31.03,68.1,6.07,72.5,Loamy,Fruit,368,Medium,8.3,Guava
32,28,31,26.11,65.49,6.26,53.55,Alluvial,Fruit,369,Medium,8.0,Guava
35,27,31,25.72,70.24,5.8,81.24,Clayey,Fruit,365,Medium,7.6,Guava
39,22,30,26.29,73.73,6.95,100.41,Alluvial,Fruit,326,Medium,8.7,Guava
42,23,30,23.77,60.26,6.13,81.9,Clayey,Fruit,358,Medium,7.4,Guava
31,24,26,27.36,73.41,7.69,106.89,Loamy,Fruit,369,Medium,7.6,Guava
36,26,27,27.96,63.01,6.38,98.34,Loamy,Fruit,359,Medium,7.9,Guava
34,21,34,23.45,71.59,6.71,75.77,Alluvial,Fruit,366,Medium,7.5,Guava
41,20,27,22.94,63.21,7.3,98.14,Loamy,Fruit,367,Medium,7.6,Guava
39,21,33,23.82,66.78,6.88,102.96,Alluvial,Fruit,375,Medium,7.4,Guava
32,25,26,29.43,57.99,6.11,82.36,Clayey,Fruit,313,Medium,7.2,Guava
38,25,36,29.86,72.17,6.66,90.99,Loamy,Fruit,316,Medium,7.2,Guava
35,27,31,23.77,74.69,7.24,104.07,Clayey,Fruit,383,Medium,7.7,Guava
46,30,62,27.73,79.51,4.86,157.95,Loamy,Fruit,472,Medium,6.7,Pineapple
45,32,58,29.78,78.58,5.8,170.85,Laterite,Fruit,449,Medium,6.5,Pineapple
39,29,53,26.56,76.78,5.43,192.66,Laterite,Fruit,422,Medium,8.0,Pineapple
39,26,63,26.11,79.67,5.04,139.58,Laterite,Fruit,466,Medium,6.8,Pineapple
31,32,53,24.69,84.77,4.72,102.09,Loamy,Fruit,464,Medium,6.8,Pineapple
38,28,61,25.49,85.9,4.61,171.12,Sandy,Fruit,464,Medium,6.5,Pineapple
33,34,55,25.79,83.55,5.21,115.07,Sandy,Fruit,489,Medium,6.7,Pineapple
37,31,63,30.92,73.36,5.53,178.58,Loamy,Fruit,446,Medium,7.5,Pineapple
45,24,68,23.88,75.46,5.1,208.12,Loamy,Fruit,443,Medium,7.0,Pineapple
48,28,54,26.17,85.48,5.23,208.27,Loamy,Fruit,466,Medium,6.6,Pineapple
40,26,56,35.96,84.07,5.54,144.42,Laterite,Fruit,485,Medium,7.7,Pineapple
51,37,52,24.78,75.98,4.82,168.09,Sandy,Fruit,437,Medium,8.2,Pineapple
51,29,69,29.98,78.2,4.4,154.55,Sandy,Fruit,435,Medium,7.1,Pineapple
40,30,62,24.57,81.65,5.02,165.0,Sandy,Fruit,471,Medium,6.3,Pineapple
38,29,57,28.8,77.12,4.98,142.25,Sandy,Fruit,474,Medium,6.7,Pineapple
42,37,59,29.22,86.69,5.61,159.58,Sandy,Fruit,464,Medium,6.2,Pineapple
35,27,71,25.37,76.69,4.78,174.0,Sandy,Fruit,453,Medium,7.7,Pineapple
44,24,55,29.73,79.19,5.68,156.26,Loamy,Fruit,428,Medium,6.8,Pineapple
34,27,61,28.02,73.64,5.19,145.33,Loamy,Fruit,435,Medium,7.1,Pineapple
36,35,65,29.36,78.02,4.82,162.05,Laterite,Fruit,446,Medium,6.6,Pineapple
32,29,57,28.38,82.66,5.64,128.52,Loamy,Fruit,459,Medium,6.6,Pineapple
32,28,65,26.26,86.26,5.42,150.15,Loamy,Fruit,476,Medium,7.3,Pineapple
34,37,61,27.04,76.58,5.67,172.93,Sandy,Fruit,464,Medium,6.7,Pineapple
45,33,56,24.17,82.33,4.57,163.8,Laterite,Fruit,439,Medium,7.7,Pineapple
37,34,57,29.0,88.24,4.77,167.3,Sandy,Fruit,511,Medium,7.0,Pineapple
40,33,60,23.59,84.53,4.4,149.58,Laterite,Fruit,477,Medium,6.8,Pineapple
35,33,55,24.56,81.1,5.13,128.91,Loamy,Fruit,464,Medium,7.3,Pineapple
37,28,62,29.38,78.87,5.46,174.13,Loamy,Fruit,469,Medium,7.0,Pineapple
34,28,61,30.64,78.06,5.52,151.8,Sandy,Fruit,452,Medium,7.9,Pineapple
44,25,57,29.51,80.57,4.74,139.53,Sandy,Fruit,465,Medium,7.6,Pineapple
40,39,64,26.51,76.74,4.81,168.39,Sandy,Fruit,439,Medium,8.0,Pineapple
48,32,54,25.66,85.02,4.97,188.05,Loamy,Fruit,460,Medium,7.0,Pineapple
35,29,60,29.07,76.46,5.09,161.12,Loamy,Fruit,464,Medium,6.5,Pineapple
32,32,52,29.57,79.38,4.58,147.99,Loamy,Fruit,458,Medium,6.7,Pineapple
40,32,58,25.13,78.8,5.77,202.13,Laterite,Fruit,404,Medium,7.7,Pineapple
41,33,57,23.46,82.34,4.82,125.29,Sandy,Fruit,420,Medium,7.4,Pineapple
40,33,63,26.16,79.72,5.0,154.74,Laterite,Fruit,428,Medium,7.2,Pineapple
46,26,66,27.23,80.96,4.52,114.82,Loamy,Fruit,453,Medium,7.5,Pineapple
35,36,63,25.18,80.12,6.19,128.94,Loamy,Fruit,461,Medium,6.8,Pineapple
44,35,58,29.24,88.88,5.23,179.62,Laterite,Fruit,436,Medium,7.0,Pineapple
38,33,66,26.78,86.13,5.81,181.17,Sandy,Fruit,438,Medium,6.6,Pineapple
35,33,53,28.35,75.68,5.53,160.43,Sandy,Fruit,480,Medium,7.7,Pineapple
48,35,60,24.68,75.79,4.37,132.91,Loamy,Fruit,451,Medium,6.7,Pineapple
38,31,58,24.76,79.79,4.84,153.23,Loamy,Fruit,480,Medium,6.8,Pineapple
50,35,57,24.78,79.79,5.66,147.75,Loamy,Fruit,470,Medium,7.7,Pineapple
35,27,63,27.3,77.26,5.06,158.24,Sandy,Fruit,414,Medium,7.5,Pineapple
37,18,59,25.52,86.76,4.97,132.56,Laterite,Fruit,461,Medium,6.6,Pineapple
35,32,54,24.09,86.9,5.43,153.39,Loamy,Fruit,449,Medium,7.3,Pineapple
45,26,61,25.99,79.24,5.26,159.83,Loamy,Fruit,466,Medium,7.3,Pineapple
30,24,58,30.66,76.59,5.12,146.59,Laterite,Fruit,437,Medium,7.1,Pineapple
48,31,55,32.51,80.31,4.97,195.3,Sandy,Fruit,439,Medium,8.0,Pineapple
34,35,61,29.58,87.61,4.75,191.89,Loamy,Fruit,418,Medium,6.4,Pineapple
35,32,60,26.67,80.58,5.44,176.71,Sandy,Fruit,474,Medium,8.1,Pineapple
39,27,63,24.71,77.29,5.6,156.9,Loamy,Fruit,422,Medium,6.1,Pineapple
40,34,65,27.22,88.04,5.16,156.54,Sandy,Fruit,392,Medium,6.7,Pineapple
45,36,55,27.92,84.19,5.2,102.92,Laterite,Fruit,455,Medium,7.5,Pineapple
34,28,54,21.86,84.11,5.2,199.94,Loamy,Fruit,469,Medium,6.8,Pineapple
39,32,64,27.65,84.42,5.08,135.07,Loamy,Fruit,448,Medium,7.1,Pineapple
32,24,62,26.19,79.34,5.06,198.02,Loamy,Fruit,478,Medium,6.3,Pineapple
36,33,63,26.92,75.45,4.93,147.08,Loamy,Fruit,456,Medium,8.0,Pineapple
35,25,59,29.06,74.21,5.78,155.7,Loamy,Fruit,433,Medium,6.0,Pineapple
44,29,60,25.2,78.72,5.01,157.49,Laterite,Fruit,434,Medium,6.1,Pineapple
56,24,60,23.46,72.01,5.24,164.36,Loamy,Fruit,478,Medium,7.2,Pineapple
39,26,67,28.86,75.01,5.22,163.6,Loamy,Fruit,442,Medium,7.5,Pineapple
44,29,58,30.0,83.73,5.23,119.27,Sandy,Fruit,457,Medium,7.4,Pineapple
23,31,57,26.56,76.37,5.14,194.8,Loamy,Fruit,439,Medium,7.6,Pineapple
35,33,60,27.7,80.03,5.46,95.81,Sandy,Fruit,418,Medium,7.3,Pineapple
27,27,59,25.34,77.23,5.31,185.23,Laterite,Fruit,428,Medium,6.7,Pineapple
35,20,60,28.87,84.07,4.85,128.71,Sandy,Fruit,450,Medium,7.5,Pineapple
40,31,65,25.52,79.12,5.85,155.08,Sandy,Fruit,421,Medium,6.6,Pineapple
25,21,22,25.81,60.58,5.44,78.68,Loamy,Fruit,367,Low,8.3,Lemon
26,16,26,29.56,65.07,6.71,71.14,Loamy,Fruit,336,Low,8.6,Lemon
34,22,24,26.79,70.36,7.31,86.86,Black,Fruit,366,Low,7.2,Lemon
30,21,27,29.06,64.43,7.55,53.89,Black,Fruit,372,Low,7.5,Lemon
20,19,20,24.52,65.21,7.06,56.91,Loamy,Fruit,381,Low,8.1,Lemon
35,18,21,21.35,57.25,6.74,92.72,Loamy,Fruit,354,Low,8.4,Lemon
22,20,27,20.66,63.78,6.86,39.79,Loamy,Fruit,389,Low,8.2,Lemon
33,18,19,26.6,64.5,6.52,88.05,Loamy,Fruit,378,Low,9.2,Lemon
30,17,24,26.25,71.1,5.77,75.1,Loamy,Fruit,394,Low,7.9,Lemon
34,21,27,22.57,60.17,6.51,56.61,Black,Fruit,360,Low,8.2,Lemon
38,21,26,28.49,59.21,6.42,104.1,Loamy,Fruit,363,Low,8.7,Lemon
34,14,25,25.44,66.98,6.12,61.6,Sandy,Fruit,356,Low,7.9,Lemon
35,27,29,27.58,58.97,6.3,77.52,Sandy,Fruit,353,Low,8.3,Lemon
33,22,28,22.29,70.6,6.15,63.71,Sandy,Fruit,374,Low,8.7,Lemon
32,20,25,25.41,58.24,5.88,74.05,Sandy,Fruit,366,Low,8.0,Lemon
33,19,26,24.57,75.94,6.54,103.09,Loamy,Fruit,371,Low,7.9,Lemon
25,14,22,22.36,67.37,6.24,77.24,Sandy,Fruit,388,Low,7.9,Lemon
40,15,24,23.38,70.62,5.38,57.68,Black,Fruit,363,Low,8.9,Lemon
31,14,21,30.02,61.27,6.03,92.73,Sandy,Fruit,383,Low,8.8,Lemon
25,13,25,26.01,67.19,7.24,54.19,Loamy,Fruit,380,Low,7.3,Lemon
34,18,22,23.17,56.33,6.52,65.73,Sandy,Fruit,379,Low,8.4,Lemon
38,21,26,29.2,61.23,5.76,77.4,Black,Fruit,339,Low,9.5,Lemon
37,28,25,26.65,62.24,6.94,60.41,Loamy,Fruit,318,Low,7.5,Lemon
22,25,30,20.79,72.75,6.98,56.16,Loamy,Fruit,357,Low,7.7,Lemon
33,15,24,22.94,67.84,6.39,68.58,Loamy,Fruit,361,Low,9.2,Lemon
27,15,26,24.57,56.51,7.62,70.77,Sandy,Fruit,358,Low,8.1,Lemon
38,13,25,31.26,65.77,5.88,67.58,Sandy,Fruit,368,Low,8.8,Lemon
28,23,20,20.67,62.1,7.22,75.83,Loamy,Fruit,370,Low,8.2,Lemon
35,17,27,22.51,76.9,6.1,64.41,Sandy,Fruit,375,Low,8.0,Lemon
31,20,21,29.84,70.36,7.18,68.66,Black,Fruit,372,Low,8.1,Lemon
35,24,25,20.45,75.68,6.78,67.7,Loamy,Fruit,372,Low,7.1,Lemon
35,14,24,25.73,71.23,6.55,82.62,Black,Fruit,364,Low,8.0,Lemon
30,19,19,22.7,66.47,6.38,73.13,Black,Fruit,359,Low,7.5,Lemon
27,18,25,26.18,63.92,5.99,58.22,Sandy,Fruit,412,Low,7.3,Lemon
27,22,26,26.56,62.34,6.62,75.74,Sandy,Fruit,359,Low,8.1,Lemon
35,19,24,28.2,70.77,7.29,53.93,Loamy,Fruit,381,Low,8.4,Lemon
25,21,28,22.51,67.66,6.94,62.15,Black,Fruit,362,Low,8.2,Lemon
26,16,24,27.4,68.86,6.07,82.83,Sandy,Fruit,349,Low,7.0,Lemon
28,24,26,25.0,62.5,6.31,76.31,Black,Fruit,345,Low,7.8,Lemon
28,14,22,26.23,65.06,6.35,64.06,Sandy,Fruit,393,Low,7.5,Lemon
31,18,25,26.37,56.78,6.5,89.29,Black,Fruit,397,Low,7.9,Lemon
30,28,28,23.15,61.29,6.98,62.87,Loamy,Fruit,384,Low,8.2,Lemon
32,18,23,29.39,63.52,6.29,74.04,Sandy,Fruit,368,Low,7.4,Lemon
27,17,27,22.34,54.47,5.52,57.36,Loamy,Fruit,389,Low,8.0,Lemon
32,22,25,24.78,71.27,6.57,91.79,Black,Fruit,376,Low,7.6,Lemon
27,17,28,23.78,60.21,6.66,73.83,Black,Fruit,370,Low,9.1,Lemon
34,20,20,23.5,69.27,5.91,100.69,Loamy,Fruit,365,Low,8.0,Lemon
26,21,21,31.49,72.9,6.99,58.31,Black,Fruit,368,Low,8.7,Lemon
32,15,23,23.64,61.38,7.26,51.95,Sandy,Fruit,376,Low,7.2,Lemon
25,11,23,29.53,66.59,5.9,87.21,Sandy,Fruit,387,Low,8.1,Lemon
40,23,27,22.59,68.76,6.61,81.24,Black,Fruit,352,Low,8.1,Lemon
25,11,27,20.49,65.64,6.67,78.92,Black,Fruit,359,Low,8.2,Lemon
32,22,30,25.7,65.38,6.05,80.23,Black,Fruit,377,Low,7.9,Lemon
32,18,27,27.74,70.39,6.56,62.52,Black,Fruit,353,Low,8.4,Lemon
42,18,26,23.33,59.16,6.16,50.01,Sandy,Fruit,389,Low,6.7,Lemon
28,15,22,29.13,66.21,6.02,67.93,Sandy,Fruit,351,Low,8.0,Lemon
30,27,19,24.9,63.11,6.97,79.26,Black,Fruit,375,Low,8.2,Lemon
25,24,27,27.75,72.58,6.71,92.77,Loamy,Fruit,371,Low,7.9,Lemon
29,19,23,29.9,66.78,6.55,79.66,Loamy,Fruit,419,Low,7.3,Lemon
25,14,24,25.74,62.21,6.23,76.71,Sandy,Fruit,355,Low,8.2,Lemon
35,22,27,28.26,66.7,6.42,65.73,Loamy,Fruit,357,Low,7.7,Lemon
33,21,27,21.52,73.59,6.29,61.8,Black,Fruit,356,Low,9.5,Lemon
28,18,24,24.55,60.31,6.57,87.91,Loamy,Fruit,370,Low,7.3,Lemon
28,17,25,28.99,64.11,6.46,96.33,Sandy,Fruit,380,Low,8.3,Lemon
39,21,19,27.5,55.45,6.73,54.44,Black,Fruit,356,Low,7.8,Lemon
26,18,28,22.86,68.27,6.02,72.73,Black,Fruit,370,Low,7.4,Lemon
23,21,28,24.76,62.26,6.58,75.67,Sandy,Fruit,369,Low,6.5,Lemon
24,16,25,25.56,68.82,6.63,59.39,Loamy,Fruit,391,Low,8.8,Lemon
23,21,23,25.42,71.32,7.57,84.02,Sandy,Fruit,370,Low,7.8,Lemon
30,25,24,22.34,55.28,6.76,77.97,Sandy,Fruit,353,Low,8.6,Lemon
94,16,49,25.07,85.71,6.85,44.15,Sandy,Fruit,92,Medium,9.1,Watermelon
100,20,50,26.32,87.15,6.35,52.8,Alluvial,Fruit,88,Medium,8.9,Watermelon
95,18,50,26.19,84.95,6.02,51.19,Sandy,Fruit,90,Medium,9.1,Watermelon
93,12,52,25.19,85.51,6.42,50.96,Sandy,Fruit,87,Medium,8.4,Watermelon
103,14,50,26.22,83.24,6.14,65.56,Alluvial,Fruit,87,Medium,9.4,Watermelon
118,20,48,25.5,82.5,6.76,54.4,Alluvial,Fruit,87,Medium,8.4,Watermelon
85,20,50,25.92,82.53,6.06,56.78,Sandy,Fruit,90,Medium,9.5,Watermelon
95,16,52,26.7,87.39,6.41,54.69,Alluvial,Fruit,94,Medium,8.9,Watermelon
93,22,47,26.54,84.82,5.95,57.77,Sandy,Fruit,77,Medium,7.8,Watermelon
104,19,47,25.82,77.41,6.71,52.5,Sandy,Fruit,89,Medium,9.0,Watermelon
103,16,42,28.89,88.6,6.11,48.93,Alluvial,Fruit,88,Medium,9.6,Watermelon
77,15,42,25.17,83.58,6.52,47.37,Alluvial,Fruit,86,Medium,9.4,Watermelon
103,19,49,24.74,84.64,6.65,37.94,Sandy,Fruit,91,Medium,9.2,Watermelon
99,16,39,24.94,90.37,6.5,49.16,Alluvial,Fruit,90,Medium,9.2,Watermelon
105,16,51,28.11,88.02,7.2,47.06,Sandy,Fruit,97,Medium,8.5,Watermelon
102,19,47,25.73,87.73,6.29,61.02,Alluvial,Fruit,83,Medium,10.2,Watermelon
109,16,48,24.84,84.59,6.49,58.53,Alluvial,Fruit,98,Medium,9.1,Watermelon
90,14,49,24.05,81.46,7.13,52.82,Sandy,Fruit,86,Medium,9.5,Watermelon
87,12,46,28.08,84.24,5.77,58.26,Alluvial,Fruit,88,Medium,7.9,Watermelon
95,19,51,28.3,82.44,6.51,46.8,Sandy,Fruit,83,Medium,9.5,Watermelon
103,18,51,24.57,81.98,6.51,57.97,Alluvial,Fruit,97,Medium,9.5,Watermelon
99,18,50,24.06,85.07,6.1,50.26,Sandy,Fruit,97,Medium,9.5,Watermelon
89,16,46,25.51,88.12,6.7,65.9,Sandy,Fruit,95,Medium,9.1,Watermelon
105,16,45,27.56,88.03,6.43,52.64,Alluvial,Fruit,95,Medium,9.5,Watermelon
84,17,49,27.27,88.09,6.9,44.29,Sandy,Fruit,86,Medium,9.7,Watermelon
93,10,52,24.78,90.37,6.59,51.96,Alluvial,Fruit,88,Medium,10.0,Watermelon
102,15,46,25.49,82.07,6.81,40.15,Sandy,Fruit,89,Medium,9.4,Watermelon
102,14,52,24.27,84.93,6.7,53.78,Sandy,Fruit,86,Medium,9.7,Watermelon
99,19,56,27.28,88.36,6.56,55.76,Sandy,Fruit,90,Medium,8.3,Watermelon
102,18,52,25.41,82.72,6.7,43.12,Alluvial,Fruit,96,Medium,8.9,Watermelon
101,19,52,23.49,87.47,6.59,47.19,Alluvial,Fruit,86,Medium,8.8,Watermelon
86,23,55,26.28,84.33,6.44,55.55,Sandy,Fruit,97,Medium,8.7,Watermelon
87,23,42,24.09,84.26,6.03,57.67,Alluvial,Fruit,93,Medium,8.7,Watermelon
111,22,49,24.92,91.78,6.72,52.54,Alluvial,Fruit,96,Medium,9.2,Watermelon
93,17,54,22.61,84.14,6.91,47.93,Sandy,Fruit,96,Medium,9.8,Watermelon
98,14,48,29.6,90.62,6.54,47.35,Sandy,Fruit,90,Medium,9.1,Watermelon
86,17,55,22.9,87.48,6.91,47.64,Sandy,Fruit,97,Medium,8.6,Watermelon
103,15,48,24.67,87.1,6.75,50.61,Alluvial,Fruit,83,Medium,9.2,Watermelon
103,16,57,23.25,78.35,6.28,55.26,Sandy,Fruit,85,Medium,8.4,Watermelon
108,18,51,26.77,83.72,6.39,55.86,Sandy,Fruit,83,Medium,7.7,Watermelon
94,20,51,26.89,78.95,6.59,54.92,Alluvial,Fruit,83,Medium,9.5,Watermelon
97,29,41,27.65,83.82,6.01,47.84,Sandy,Fruit,91,Medium,9.6,Watermelon
116,22,46,27.3,86.17,6.3,49.73,Alluvial,Fruit,86,Medium,9.0,Watermelon
91,12,51,26.54,84.44,6.91,49.44,Sandy,Fruit,88,Medium,9.4,Watermelon
97,17,39,25.63,79.52,6.13,42.99,Alluvial,Fruit,85,Medium,8.7,Watermelon
94,19,50,22.75,85.25,6.6,49.03,Sandy,Fruit,89,Medium,9.1,Watermelon
106,10,49,27.86,89.25,6.76,54.22,Sandy,Fruit,97,Medium,10.2,Watermelon
97,13,48,30.25,80.29,6.36,42.52,Sandy,Fruit,90,Medium,8.3,Watermelon
97,9,52,27.43,83.85,6.46,50.02,Alluvial,Fruit,90,Medium,9.0,Watermelon
106,21,46,25.14,87.7,6.07,39.18,Alluvial,Fruit,91,Medium,9.3,Watermelon
91,14,46,24.3,87.08,6.15,49.41,Sandy,Fruit,85,Medium,8.1,Watermelon
107,14,50,23.34,82.77,6.73,66.52,Sandy,Fruit,81,Medium,8.9,Watermelon
103,14,53,24.3,85.46,6.34,58.32,Alluvial,Fruit,86,Medium,8.8,Watermelon
108,12,50,22.87,81.74,6.61,45.06,Sandy,Fruit,87,Medium,9.3,Watermelon
93,20,50,26.25,88.72,6.6,60.23,Sandy,Fruit,94,Medium,8.7,Watermelon
111,18,48,26.02,88.34,6.64,61.93,Sandy,Fruit,94,Medium,9.3,Watermelon
88,16,50,26.64,86.91,6.55,51.72,Alluvial,Fruit,93,Medium,8.5,Watermelon
115,8,55,25.53,88.01,6.61,53.08,Alluvial,Fruit,92,Medium,9.5,Watermelon
95,21,45,25.59,87.51,6.8,53.76,Sandy,Fruit,88,Medium,9.5,Watermelon
92,24,49,23.29,81.42,6.51,51.84,Alluvial,Fruit,98,Medium,8.4,Watermelon
99,12,48,28.13,81.59,6.68,53.36,Sandy,Fruit,89,Medium,9.3,Watermelon
87,23,57,25.67,92.27,6.38,53.4,Alluvial,Fruit,96,Medium,8.7,Watermelon
85,10,58,24.81,84.44,6.17,56.69,Sandy,Fruit,86,Medium,8.7,Watermelon
101,12,49,27.7,86.28,6.54,52.29,Sandy,Fruit,88,Medium,10.2,Watermelon
90,17,50,27.11,88.31,6.49,52.74,Alluvial,Fruit,91,Medium,7.6,Watermelon
83,14,47,23.8,87.25,6.5,49.71,Sandy,Fruit,84,Medium,9.0,Watermelon
72,16,50,25.96,80.31,6.57,44.75,Sandy,Fruit,86,Medium,9.4,Watermelon
119,17,46,25.88,87.82,6.69,67.46,Alluvial,Fruit,86,Medium,9.2,Watermelon
114,22,42,25.59,89.45,7.37,55.22,Alluvial,Fruit,88,Medium,8.4,Watermelon
121,19,46,25.3,85.93,6.66,45.6,Sandy,Fruit,87,Medium,8.0,Watermelon
110,16,51,30.31,92.4,6.37,25.78,Loamy,Fruit,85,Low,9.7,Muskmelon
103,15,54,30.08,89.59,6.86,26.46,Loamy,Fruit,86,Low,9.6,Muskmelon
94,21,48,26.83,90.2,6.57,21.22,Loamy,Fruit,91,Low,9.7,Muskmelon
113,18,51,27.17,93.79,6.51,27.27,Sandy,Fruit,92,Low,8.6,Muskmelon
98,19,46,28.37,92.89,6.3,30.24,Loamy,Fruit,78,Low,9.7,Muskmelon
106,15,46,26.1,90.57,6.71,24.78,Sandy,Fruit,89,Low,8.6,Muskmelon
107,15,46,28.47,90.8,5.94,24.27,Loamy,Fruit,85,Low,9.8,Muskmelon
109,22,52,29.0,89.79,6.44,27.39,Sandy,Fruit,91,Low,9.4,Muskmelon
112,13,48,29.12,94.09,6.36,24.67,Sandy,Fruit,87,Low,8.3,Muskmelon
116,14,42,28.61,95.06,6.58,28.0,Loamy,Fruit,85,Low,8.9,Muskmelon
84,8,50,30.18,92.62,6.59,31.33,Sandy,Fruit,86,Low,8.9,Muskmelon
91,26,52,27.47,89.89,6.78,20.85,Sandy,Fruit,92,Low,7.3,Muskmelon
114,19,50,28.39,95.4,6.61,21.39,Loamy,Fruit,77,Low,9.1,Muskmelon
99,11,49,27.91,92.02,6.62,30.97,Loamy,Fruit,88,Low,8.6,Muskmelon
103,18,44,29.08,95.34,6.41,18.62,Sandy,Fruit,85,Low,8.3,Muskmelon
108,20,49,28.2,91.62,6.4,21.91,Loamy,Fruit,79,Low,9.7,Muskmelon
96,18,51,28.99,89.89,5.9,22.65,Loamy,Fruit,86,Low,8.6,Muskmelon
96,26,42,27.69,95.41,6.39,22.18,Sandy,Fruit,89,Low,9.0,Muskmelon
96,18,47,27.38,91.8,6.1,25.04,Sandy,Fruit,86,Low,9.5,Muskmelon
111,16,51,29.19,92.59,6.26,20.89,Sandy,Fruit,87,Low,8.0,Muskmelon
97,7,44,27.55,93.97,6.61,22.78,Loamy,Fruit,88,Low,9.5,Muskmelon
98,12,49,28.48,89.78,6.51,26.12,Sandy,Fruit,86,Low,9.2,Muskmelon
107,17,50,28.12,90.95,6.8,16.82,Loamy,Fruit,88,Low,8.6,Muskmelon
92,19,44,27.62,90.47,6.33,21.78,Sandy,Fruit,91,Low,10.1,Muskmelon
79,20,53,29.25,90.82,6.33,22.01,Sandy,Fruit,83,Low,8.3,Muskmelon
98,11,49,27.1,92.37,6.2,26.16,Sandy,Fruit,89,Low,10.0,Muskmelon
74,14,48,29.15,89.03,6.11,25.52,Sandy,Fruit,85,Low,9.2,Muskmelon
104,19,50,28.67,93.2,5.73,31.18,Loamy,Fruit,75,Low,8.4,Muskmelon
97,20,38,28.57,93.43,6.7,22.21,Loamy,Fruit,83,Low,8.6,Muskmelon
96,13,46,29.12,92.24,6.55,25.86,Loamy,Fruit,87,Low,9.5,Muskmelon
82,14,49,28.57,90.79,6.67,32.92,Loamy,Fruit,85,Low,9.1,Muskmelon
108,10,50,29.77,90.84,6.03,24.26,Loamy,Fruit,84,Low,8.5,Muskmelon
120,16,45,28.49,93.63,6.41,26.94,Sandy,Fruit,81,Low,9.9,Muskmelon
105,22,51,29.59,90.43,6.25,30.39,Sandy,Fruit,91,Low,8.3,Muskmelon
102,16,47,28.94,94.05,6.54,23.72,Loamy,Fruit,87,Low,8.8,Muskmelon
104,23,41,29.56,89.23,6.77,22.45,Loamy,Fruit,79,Low,9.4,Muskmelon
103,14,44,28.38,89.83,6.08,25.46,Sandy,Fruit,80,Low,9.3,Muskmelon
114,17,50,31.02,89.86,6.76,29.28,Loamy,Fruit,88,Low,9.8,Muskmelon
102,15,54,29.96,93.99,6.41,22.14,Loamy,Fruit,85,Low,9.6,Muskmelon
110,16,51,27.03,93.77,6.17,28.14,Sandy,Fruit,80,Low,9.6,Muskmelon
103,14,52,27.89,93.35,6.32,18.12,Loamy,Fruit,80,Low,8.7,Muskmelon
113,21,56,30.58,91.04,6.34,23.35,Loamy,Fruit,82,Low,7.9,Muskmelon
99,12,49,31.14,91.08,6.46,28.63,Loamy,Fruit,86,Low,9.2,Muskmelon
96,17,46,29.62,88.87,6.69,19.39,Loamy,Fruit,89,Low,8.8,Muskmelon
87,20,53,28.07,93.3,5.71,19.72,Loamy,Fruit,90,Low,8.9,Muskmelon
81,15,46,28.4,91.33,6.45,24.72,Loamy,Fruit,90,Low,9.3,Muskmelon
104,22,48,27.09,94.17,6.44,25.56,Sandy,Fruit,82,Low,8.6,Muskmelon
108,21,53,29.55,93.02,6.44,24.3,Loamy,Fruit,90,Low,8.8,Muskmelon
103,14,47,28.32,90.55,6.64,19.61,Loamy,Fruit,85,Low,9.1,Muskmelon
81,16,51,29.11,91.63,6.6,24.56,Loamy,Fruit,85,Low,9.2,Muskmelon
109,15,48,27.8,91.4,6.83,27.29,Loamy,Fruit,80,Low,8.6,Muskmelon
103,14,47,30.21,90.9,6.69,30.02,Sandy,Fruit,81,Low,8.5,Muskmelon
97,13,50,28.35,92.65,6.82,28.27,Loamy,Fruit,87,Low,7.8,Muskmelon
104,24,37,29.43,91.71,6.15,28.2,Sandy,Fruit,92,Low,9.5,Muskmelon
96,14,50,29.65,91.3,6.31,36.29,Loamy,Fruit,89,Low,9.7,Muskmelon
85,15,50,27.4,94.88,6.82,22.87,Sandy,Fruit,92,Low,9.0,Muskmelon
125,18,52,30.28,94.3,6.55,24.44,Loamy,Fruit,87,Low,8.5,Muskmelon
101,13,42,28.66,94.27,6.68,24.67,Loamy,Fruit,92,Low,8.7,Muskmelon
80,9,45,29.58,90.86,6.54,31.59,Sandy,Fruit,80,Low,9.3,Muskmelon
105,14,55,28.25,91.31,7.03,27.09,Sandy,Fruit,88,Low,9.8,Muskmelon
93,22,47,27.95,91.51,6.21,28.29,Loamy,Fruit,86,Low,8.7,Muskmelon
106,16,48,28.66,92.83,6.52,23.55,Loamy,Fruit,88,Low,8.9,Muskmelon
93,12,53,28.61,92.38,6.71,23.09,Loamy,Fruit,79,Low,9.0,Muskmelon
103,16,55,25.62,94.02,6.64,26.83,Loamy,Fruit,70,Low,9.8,Muskmelon
89,15,49,29.09,93.15,6.67,28.26,Loamy,Fruit,86,Low,9.2,Muskmelon
89,14,53,29.6,93.3,6.25,28.64,Sandy,Fruit,80,Low,9.6,Muskmelon
97,24,43,30.72,91.35,6.29,25.78,Loamy,Fruit,82,Low,9.0,Muskmelon
92,15,51,27.52,90.62,5.99,22.98,Loamy,Fruit,90,Low,8.5,Muskmelon
92,18,48,31.27,91.71,6.5,28.78,Loamy,Fruit,88,Low,9.1,Muskmelon
98,26,49,28.07,90.84,5.88,28.29,Sandy,Fruit,75,Low,9.0,Muskmelon
21,25,24,26.15,94.73,5.94,161.26,Sandy,Fruit,363,High,6.7,Coconut
23,7,29,26.6,97.03,6.53,166.72,Red,Fruit,390,High,7.3,Coconut
18,23,31,27.51,96.37,6.08,173.27,Sandy,Fruit,340,High,7.3,Coconut
24,16,32,28.08,93.24,5.6,171.07,Laterite,Fruit,355,High,7.7,Coconut
19,14,33,27.72,93.59,6.01,209.47,Laterite,Fruit,370,High,7.9,Coconut
18,21,36,26.31,92.64,6.05,196.89,Red,Fruit,363,High,6.9,Coconut
21,19,28,28.41,97.33,6.07,174.3,Sandy,Fruit,380,High,7.0,Coconut
18,15,28,26.29,98.66,6.65,166.16,Alluvial,Fruit,366,High,7.4,Coconut
26,22,24,28.21,92.39,6.53,186.01,Laterite,Fruit,349,High,7.4,Coconut
20,19,33,25.78,98.68,6.48,153.12,Alluvial,Fruit,366,High,8.5,Coconut
26,15,32,32.0,95.21,5.81,179.31,Red,Fruit,369,High,7.2,Coconut
23,11,28,28.64,91.49,6.27,124.7,Laterite,Fruit,333,High,7.2,Coconut
23,22,30,27.13,96.16,5.74,178.49,Alluvial,Fruit,343,High,7.5,Coconut
21,13,30,27.74,97.35,5.52,173.1,Laterite,Fruit,351,High,8.0,Coconut
25,19,27,28.83,91.94,5.48,143.1,Alluvial,Fruit,364,High,7.9,Coconut
10,22,30,25.15,95.2,6.33,189.99,Sandy,Fruit,385,High,6.7,Coconut
20,13,35,28.46,100.0,5.86,156.88,Sandy,Fruit,362,High,8.3,Coconut
20,17,30,27.56,93.7,5.96,170.5,Red,Fruit,364,High,8.1,Coconut
29,13,28,26.26,95.37,5.84,180.99,Laterite,Fruit,385,High,6.0,Coconut
23,15,31,26.16,97.39,6.27,189.21,Alluvial,Fruit,379,High,7.1,Coconut
19,20,27,29.67,94.35,6.15,227.48,Red,Fruit,352,High,7.5,Coconut
26,20,29,26.72,94.53,6.43,168.02,Sandy,Fruit,366,High,7.2,Coconut
24,17,26,26.05,91.0,5.75,194.85,Sandy,Fruit,389,High,7.9,Coconut
24,16,32,27.93,98.61,5.97,208.58,Red,Fruit,380,High,7.9,Coconut
13,20,29,26.83,92.03,6.0,175.84,Laterite,Fruit,341,High,6.6,Coconut
23,20,30,29.23,94.83,5.98,152.07,Alluvial,Fruit,336,High,8.6,Coconut
26,11,30,27.35,94.45,5.88,184.53,Sandy,Fruit,379,High,7.7,Coconut
21,16,32,28.2,95.15,5.99,183.63,Red,Fruit,356,High,8.0,Coconut
17,15,31,25.8,91.85,6.02,132.59,Sandy,Fruit,341,High,8.0,Coconut
21,22,26,27.36,95.8,5.65,200.79,Sandy,Fruit,374,High,6.5,Coconut
21,18,28,25.28,95.56,6.66,165.33,Alluvial,Fruit,393,High,7.0,Coconut
22,20,29,27.05,96.45,6.57,182.51,Laterite,Fruit,355,High,7.4,Coconut
32,17,28,25.78,91.35,6.11,191.37,Laterite,Fruit,357,High,7.5,Coconut
17,17,31,26.7,98.38,5.75,182.09,Alluvial,Fruit,380,High,7.5,Coconut
21,11,34,27.25,96.07,6.2,159.29,Red,Fruit,361,High,8.3,Coconut
17,25,27,25.73,95.26,6.66,127.23,Red,Fruit,362,High,7.8,Coconut
22,18,27,26.6,94.7,5.66,173.88,Laterite,Fruit,357,High,7.2,Coconut
23,9,29,30.98,92.83,6.39,176.37,Sandy,Fruit,353,High,6.7,Coconut
22,22,28,27.38,97.02,6.1,135.69,Sandy,Fruit,366,High,8.4,Coconut
21,6,31,27.2,91.34,5.5,199.38,Red,Fruit,351,High,7.0,Coconut
21,14,30,27.2,92.6,5.85,186.07,Alluvial,Fruit,365,High,7.5,Coconut
29,19,32,27.25,95.44,5.87,194.44,Sandy,Fruit,362,High,7.6,Coconut
22,16,38,26.5,93.65,6.21,160.12,Red,Fruit,359,High,6.8,Coconut
23,19,29,28.57,91.28,5.79,170.75,Alluvial,Fruit,343,High,6.5,Coconut
20,19,33,26.68,96.47,6.19,205.47,Laterite,Fruit,358,High,6.4,Coconut
22,12,27,27.05,94.32,6.04,192.58,Alluvial,Fruit,358,High,7.7,Coconut
22,20,29,27.38,94.25,5.95,155.41,Laterite,Fruit,348,High,8.0,Coconut
17,15,33,26.97,96.66,5.82,148.72,Red,Fruit,335,High,8.3,Coconut
17,19,27,29.48,99.41,5.49,147.88,Alluvial,Fruit,379,High,7.8,Coconut
25,14,35,27.68,92.57,5.92,144.91,Red,Fruit,394,High,7.1,Coconut
23,15,28,24.63,96.2,6.39,152.1,Laterite,Fruit,336,High,8.0,Coconut
15,21,27,25.85,95.5,5.69,157.32,Sandy,Fruit,371,High,6.0,Coconut
28,17,26,25.97,96.98,6.18,209.67,Sandy,Fruit,352,High,7.7,Coconut
23,19,33,26.42,94.77,5.82,173.68,Laterite,Fruit,377,High,6.5,Coconut
26,12,29,29.37,95.66,6.1,145.48,Sandy,Fruit,345,High,8.1,Coconut
19,15,32,25.93,95.54,6.01,174.93,Sandy,Fruit,355,High,7.2,Coconut
17,18,27,28.95,94.55,5.68,169.05,Alluvial,Fruit,357,High,8.1,Coconut
20,15,34,28.26,98.33,6.38,152.82,Alluvial,Fruit,383,High,8.4,Coconut
28,20,32,27.05,93.33,5.89,133.38,Sandy,Fruit,389,High,7.3,Coconut
27,12,33,26.76,92.43,6.49,202.68,Alluvial,Fruit,368,High,7.5,Coconut
23,17,27,26.88,98.92,6.8,214.07,Laterite,Fruit,373,High,7.3,Coconut
18,14,28,30.73,98.61,6.22,150.98,Alluvial,Fruit,381,High,7.4,Coconut
13,18,27,26.29,94.5,5.85,174.14,Alluvial,Fruit,363,High,6.4,Coconut
28,13,27,27.01,94.78,6.44,181.74,Alluvial,Fruit,375,High,7.7,Coconut
22,18,24,27.13,97.32,7.18,144.89,Red,Fruit,372,High,7.2,Coconut
30,11,31,25.39,94.36,5.99,201.74,Laterite,Fruit,345,High,7.9,Coconut
22,18,32,25.58,96.62,5.83,202.4,Sandy,Fruit,371,High,7.4,Coconut
19,20,33,26.7,92.73,6.21,138.79,Sandy,Fruit,341,High,6.9,Coconut
20,11,24,25.8,96.28,5.62,166.49,Red,Fruit,400,High,7.5,Coconut
23,13,36,26.69,94.54,6.4,170.46,Alluvial,Fruit,365,High,7.3,Coconut
67,52,62,21.89,61.17,6.26,60.99,Alluvial,Vegetable,101,Medium,7.7,Tomato
77,55,48,22.89,59.49,6.56,70.82,Loamy,Vegetable,113,Medium,7.5,Tomato
54,44,60,23.73,57.97,5.89,75.56,Loamy,Vegetable,102,Medium,6.5,Tomato
66,47,55,21.74,65.07,6.21,75.71,Red,Vegetable,107,Medium,7.6,Tomato
77,55,66,25.6,66.19,6.33,71.12,Red,Vegetable,105,Medium,7.5,Tomato
75,45,59,21.81,66.05,6.28,67.6,Alluvial,Vegetable,106,Medium,7.8,Tomato
69,47,61,22.46,70.63,6.11,73.13,Alluvial,Vegetable,102,Medium,7.3,Tomato
56,54,63,25.46,65.14,6.15,67.0,Red,Vegetable,118,Medium,8.4,Tomato
70,46,66,21.76,66.14,7.04,66.64,Alluvial,Vegetable,114,Medium,7.8,Tomato
69,44,56,24.22,57.88,6.55,80.41,Red,Vegetable,115,Medium,6.7,Tomato
80,60,62,20.9,63.36,6.48,77.7,Red,Vegetable,110,Medium,7.7,Tomato
69,51,57,22.65,62.12,7.27,89.64,Alluvial,Vegetable,113,Medium,8.3,Tomato
76,51,52,22.84,63.32,6.05,60.14,Loamy,Vegetable,112,Medium,7.7,Tomato
60,45,65,21.31,65.85,6.42,80.06,Loamy,Vegetable,105,Medium,7.6,Tomato
71,51,60,24.36,75.96,7.52,68.61,Red,Vegetable,97,Medium,7.9,Tomato
71,56,61,23.65,70.64,7.01,61.13,Alluvial,Vegetable,105,Medium,7.4,Tomato
70,48,62,25.99,73.61,6.73,66.48,Loamy,Vegetable,109,Medium,7.5,Tomato
74,52,70,22.35,66.92,7.44,69.15,Red,Vegetable,110,Medium,6.9,Tomato
70,45,65,23.87,60.32,6.84,76.8,Red,Vegetable,115,Medium,6.8,Tomato
72,54,57,20.35,64.79,6.99,86.26,Alluvial,Vegetable,107,Medium,6.7,Tomato
66,47,62,23.24,61.23,6.94,76.4,Alluvial,Vegetable,112,Medium,6.5,Tomato
50,41,57,24.94,53.29,7.14,76.71,Red,Vegetable,117,Medium,7.0,Tomato
74,50,64,22.92,67.37,6.94,68.49,Loamy,Vegetable,111,Medium,6.4,Tomato
75,61,53,23.27,69.4,6.51,76.65,Alluvial,Vegetable,107,Medium,7.2,Tomato
69,50,54,23.33,72.84,6.33,62.63,Alluvial,Vegetable,109,Medium,7.1,Tomato
59,50,56,21.94,65.77,5.89,57.58,Alluvial,Vegetable,113,Medium,6.3,Tomato
62,39,57,24.57,65.56,7.46,85.87,Loamy,Vegetable,104,Medium,6.8,Tomato
91,56,62,23.69,66.37,5.91,76.57,Loamy,Vegetable,110,Medium,7.0,Tomato
65,59,59,28.68,56.3,6.29,59.53,Red,Vegetable,103,Medium,7.0,Tomato
72,51,56,17.93,72.39,6.39,63.84,Alluvial,Vegetable,111,Medium,7.6,Tomato
67,50,54,25.4,60.02,6.26,81.49,Loamy,Vegetable,116,Medium,8.5,Tomato
78,48,52,27.01,71.85,6.23,84.21,Loamy,Vegetable,108,Medium,8.4,Tomato
65,61,63,27.99,62.68,6.66,65.31,Alluvial,Vegetable,114,Medium,8.0,Tomato
89,52,63,22.32,67.71,6.35,76.16,Loamy,Vegetable,110,Medium,7.3,Tomato
70,47,58,26.19,65.88,6.64,60.43,Red,Vegetable,112,Medium,7.8,Tomato
66,62,48,25.46,68.56,6.72,76.76,Loamy,Vegetable,113,Medium,8.0,Tomato
64,51,59,20.77,68.59,6.27,60.02,Loamy,Vegetable,107,Medium,7.0,Tomato
78,50,66,21.83,69.37,7.64,78.56,Red,Vegetable,114,Medium,7.9,Tomato
58,53,61,22.85,60.58,6.78,65.28,Alluvial,Vegetable,121,Medium,7.6,Tomato
60,46,58,29.53,60.58,6.45,69.62,Loamy,Vegetable,112,Medium,7.2,Tomato
60,48,58,22.02,62.31,6.97,71.8,Red,Vegetable,103,Medium,7.2,Tomato
70,41,68,25.67,72.15,6.66,54.06,Alluvial,Vegetable,118,Medium,7.0,Tomato
63,50,66,26.13,69.53,6.38,71.72,Red,Vegetable,111,Medium,7.4,Tomato
77,54,62,17.19,65.64,6.46,76.68,Loamy,Vegetable,105,Medium,6.7,Tomato
73,47,62,21.82,72.08,6.9,77.97,Red,Vegetable,108,Medium,8.0,Tomato
73,51,65,27.07,58.74,6.08,67.2,Loamy,Vegetable,101,Medium,7.5,Tomato
74,49,57,26.32,65.7,6.64,86.54,Alluvial,Vegetable,109,Medium,8.7,Tomato
66,61,55,24.79,61.79,6.95,70.22,Alluvial,Vegetable,111,Medium,7.1,Tomato
77,46,68,21.01,58.27,6.88,69.08,Red,Vegetable,109,Medium,7.3,Tomato
59,49,66,26.01,66.16,6.94,64.4,Loamy,Vegetable,108,Medium,7.7,Tomato
68,48,53,18.3,69.09,6.6,84.02,Alluvial,Vegetable,107,Medium,7.1,Tomato
70,55,58,25.5,59.97,6.44,74.3,Red,Vegetable,116,Medium,7.6,Tomato
83,41,60,23.95,68.1,6.17,91.84,Alluvial,Vegetable,110,Medium,6.8,Tomato
69,48,73,26.12,65.25,6.46,84.51,Alluvial,Vegetable,115,Medium,5.8,Tomato
75,50,53,25.7,76.23,6.72,86.0,Loamy,Vegetable,119,Medium,7.0,Tomato
55,53,58,20.06,64.61,6.79,73.51,Alluvial,Vegetable,105,Medium,7.4,Tomato
69,38,59,20.14,68.3,5.88,85.13,Alluvial,Vegetable,107,Medium,7.2,Tomato
72,44,61,21.67,62.22,6.66,63.61,Loamy,Vegetable,103,Medium,7.6,Tomato
69,51,61,23.64,68.04,6.54,54.93,Alluvial,Vegetable,100,Medium,8.7,Tomato
70,55,58,23.35,62.73,7.49,77.53,Alluvial,Vegetable,107,Medium,6.5,Tomato
85,49,63,25.64,62.69,6.77,68.96,Loamy,Vegetable,104,Medium,8.2,Tomato
68,53,62,25.09,57.22,6.27,71.76,Loamy,Vegetable,105,Medium,7.8,Tomato
79,58,58,24.23,67.23,6.75,66.22,Alluvial,Vegetable,120,Medium,8.1,Tomato
77,57,62,20.93,64.31,5.84,79.15,Alluvial,Vegetable,109,Medium,7.5,Tomato
79,47,58,23.55,55.8,6.39,50.14,Alluvial,Vegetable,106,Medium,8.0,Tomato
73,46,60,20.81,64.99,7.67,93.46,Alluvial,Vegetable,110,Medium,7.6,Tomato
62,45,61,22.19,69.52,7.13,78.33,Red,Vegetable,110,Medium,6.5,Tomato
75,43,57,25.9,70.15,6.31,70.91,Alluvial,Vegetable,106,Medium,6.8,Tomato
64,40,63,24.49,67.8,6.12,63.05,Loamy,Vegetable,110,Medium,7.5,Tomato
68,48,68,24.57,74.85,7.01,92.03,Loamy,Vegetable,104,Medium,7.9,Tomato
85,50,111,17.91,65.78,5.43,57.04,Loamy,Vegetable,91,Medium,6.4,Potato
107,56,113,20.2,71.59,5.9,65.14,Loamy,Vegetable,101,Medium,6.8,Potato
73,61,106,17.92,70.51,5.35,51.22,Sandy,Vegetable,87,Medium,5.6,Potato
96,45,94,16.97,68.87,4.86,69.04,Sandy,Vegetable,88,Medium,7.2,Potato
83,59,100,18.99,70.15,5.43,68.43,Alluvial,Vegetable,97,Medium,6.0,Potato
94,67,105,20.36,70.69,5.23,56.9,Sandy,Vegetable,96,Medium,7.1,Potato
117,65,90,16.97,79.11,5.51,65.48,Loamy,Vegetable,90,Medium,7.4,Potato
95,55,92,19.11,70.18,5.93,70.47,Sandy,Vegetable,93,Medium,6.2,Potato
88,56,98,18.53,66.41,5.85,61.3,Alluvial,Vegetable,91,Medium,6.3,Potato
92,60,103,20.3,75.22,5.71,54.31,Sandy,Vegetable,93,Medium,5.9,Potato
106,71,105,20.22,71.0,5.75,49.03,Sandy,Vegetable,94,Medium,6.0,Potato
92,59,115,20.33,71.14,5.49,81.76,Loamy,Vegetable,94,Medium,6.7,Potato
90,57,100,14.58,63.81,5.74,80.68,Alluvial,Vegetable,96,Medium,6.1,Potato
75,64,95,19.79,71.56,5.79,65.34,Sandy,Vegetable,96,Medium,6.4,Potato
83,54,80,18.14,76.08,5.89,67.28,Sandy,Vegetable,91,Medium,7.1,Potato
88,69,92,17.0,66.61,5.01,55.63,Alluvial,Vegetable,95,Medium,6.1,Potato
51,66,86,19.68,70.12,6.45,74.97,Sandy,Vegetable,92,Medium,6.1,Potato
105,51,101,18.24,68.63,5.74,66.9,Alluvial,Vegetable,97,Medium,6.6,Potato
94,60,94,18.51,67.14,5.29,61.64,Alluvial,Vegetable,94,Medium,6.5,Potato
99,57,101,18.74,67.57,5.63,75.03,Loamy,Vegetable,95,Medium,6.6,Potato
82,71,94,15.16,73.44,5.55,61.97,Sandy,Vegetable,92,Medium,7.6,Potato
93,63,101,19.04,75.59,5.5,50.43,Alluvial,Vegetable,99,Medium,6.8,Potato
91,62,97,18.54,69.47,5.36,76.89,Alluvial,Vegetable,88,Medium,7.9,Potato
98,49,98,18.16,71.57,5.2,65.32,Alluvial,Vegetable,94,Medium,6.1,Potato
81,65,86,19.46,73.19,5.51,65.52,Loamy,Vegetable,100,Medium,6.1,Potato
83,57,109,21.08,64.42,6.0,73.19,Sandy,Vegetable,102,Medium,6.7,Potato
89,66,105,22.99,73.83,5.66,53.26,Loamy,Vegetable,92,Medium,5.6,Potato
87,65,99,20.54,71.35,5.44,65.88,Loamy,Vegetable,97,Medium,6.6,Potato
91,55,96,23.02,74.91,5.01,41.33,Alluvial,Vegetable,95,Medium,7.0,Potato
84,66,100,18.17,73.02,5.39,62.13,Alluvial,Vegetable,98,Medium,6.5,Potato
109,64,105,18.4,73.5,5.47,67.82,Alluvial,Vegetable,90,Medium,7.1,Potato
92,71,119,20.03,70.27,5.22,74.05,Alluvial,Vegetable,95,Medium,6.8,Potato
107,55,92,18.03,73.28,5.82,56.04,Loamy,Vegetable,98,Medium,5.8,Potato
81,59,95,20.28,71.15,6.31,62.53,Alluvial,Vegetable,94,Medium,7.2,Potato
89,68,104,13.79,74.71,5.97,74.51,Sandy,Vegetable,85,Medium,6.1,Potato
84,54,113,18.48,69.85,5.82,70.69,Loamy,Vegetable,79,Medium,6.1,Potato
75,62,97,18.53,61.69,5.48,76.15,Alluvial,Vegetable,101,Medium,6.9,Potato
76,67,105,18.27,61.9,5.98,59.08,Sandy,Vegetable,96,Medium,6.5,Potato
105,59,99,21.66,67.37,5.93,63.01,Alluvial,Vegetable,90,Medium,6.5,Potato
96,68,111,17.91,66.05,5.47,53.18,Sandy,Vegetable,93,Medium,6.3,Potato
97,46,94,17.05,74.75,5.15,67.27,Alluvial,Vegetable,94,Medium,7.1,Potato
95,60,95,14.8,70.99,5.81,49.25,Alluvial,Vegetable,89,Medium,6.7,Potato
93,54,95,14.83,75.51,5.08,70.42,Loamy,Vegetable,94,Medium,7.3,Potato
82,60,86,14.62,72.39,4.89,62.72,Alluvial,Vegetable,99,Medium,6.9,Potato
83,50,104,21.18,67.35,5.28,59.75,Sandy,Vegetable,97,Medium,7.2,Potato
77,51,118,18.15,71.01,5.32,69.9,Sandy,Vegetable,99,Medium,6.7,Potato
107,58,97,18.96,71.86,5.69,52.16,Loamy,Vegetable,96,Medium,6.3,Potato
84,60,92,16.23,59.54,6.3,70.56,Alluvial,Vegetable,94,Medium,6.1,Potato
61,55,105,20.38,72.57,5.66,78.04,Loamy,Vegetable,93,Medium,7.2,Potato
86,54,91,16.37,72.64,5.3,54.67,Alluvial,Vegetable,98,Medium,6.7,Potato
99,63,93,18.65,70.5,5.23,53.95,Loamy,Vegetable,91,Medium,7.7,Potato
85,67,96,20.28,73.61,5.98,68.88,Alluvial,Vegetable,101,Medium,6.7,Potato
107,50,102,19.07,66.25,5.83,50.1,Alluvial,Vegetable,91,Medium,5.3,Potato
105,58,117,20.11,71.79,5.37,54.54,Loamy,Vegetable,97,Medium,6.5,Potato
76,50,92,22.14,78.85,5.68,66.49,Loamy,Vegetable,93,Medium,5.9,Potato
103,71,92,18.33,68.2,5.43,76.86,Loamy,Vegetable,88,Medium,6.8,Potato
97,59,107,18.8,74.87,4.99,61.51,Loamy,Vegetable,94,Medium,4.9,Potato
79,55,107,17.09,66.73,5.93,48.82,Alluvial,Vegetable,85,Medium,6.3,Potato
75,51,104,20.25,73.16,6.04,77.41,Alluvial,Vegetable,84,Medium,6.8,Potato
84,55,104,15.04,63.0,5.85,69.88,Sandy,Vegetable,95,Medium,6.0,Potato
97,64,100,16.15,68.3,5.94,78.27,Alluvial,Vegetable,93,Medium,6.4,Potato
88,61,95,12.71,74.77,6.32,58.88,Loamy,Vegetable,89,Medium,6.4,Potato
88,65,100,16.91,64.73,5.95,71.0,Loamy,Vegetable,100,Medium,5.9,Potato
108,49,105,14.68,66.84,6.22,73.31,Alluvial,Vegetable,92,Medium,6.2,Potato
91,63,110,17.59,63.55,5.66,60.43,Sandy,Vegetable,88,Medium,6.7,Potato
87,61,92,19.47,64.73,5.27,62.57,Sandy,Vegetable,103,Medium,7.0,Potato
100,68,128,18.58,75.68,6.01,74.96,Alluvial,Vegetable,103,Medium,6.2,Potato
85,61,98,19.14,76.25,5.41,61.95,Loamy,Vegetable,95,Medium,6.4,Potato
70,56,105,21.38,65.38,5.14,65.3,Loamy,Vegetable,85,Medium,6.2,Potato
72,68,93,21.81,74.45,5.34,54.28,Alluvial,Vegetable,94,Medium,6.4,Potato
77,41,53,22.66,58.3,6.52,58.15,Clayey,Vegetable,115,Medium,8.0,Onion
75,46,58,21.67,65.02,6.89,57.62,Alluvial,Vegetable,119,Medium,8.0,Onion
77,40,42,23.64,64.49,7.1,61.55,Alluvial,Vegetable,124,Medium,8.4,Onion
81,40,44,21.03,59.91,6.7,41.23,Alluvial,Vegetable,130,Medium,7.8,Onion
76,51,38,20.72,58.06,6.67,58.27,Alluvial,Vegetable,128,Medium,8.4,Onion
82,45,43,16.8,52.35,6.94,60.32,Loamy,Vegetable,118,Medium,7.8,Onion
91,40,54,22.0,59.7,7.27,74.63,Loamy,Vegetable,118,Medium,8.5,Onion
77,45,51,20.28,58.47,6.57,69.01,Alluvial,Vegetable,119,Medium,7.2,Onion
69,29,47,22.09,59.32,7.59,65.75,Clayey,Vegetable,123,Medium,7.0,Onion
72,42,46,20.0,50.96,6.29,68.74,Alluvial,Vegetable,119,Medium,7.7,Onion
74,50,50,23.35,55.77,6.55,63.54,Loamy,Vegetable,131,Medium,8.9,Onion
79,45,57,23.99,48.53,6.38,63.38,Loamy,Vegetable,109,Medium,7.5,Onion
69,43,48,21.28,64.13,6.69,56.15,Clayey,Vegetable,111,Medium,8.6,Onion
69,39,51,20.08,57.37,6.9,56.74,Alluvial,Vegetable,133,Medium,8.0,Onion
79,35,45,19.28,55.23,6.97,70.36,Loamy,Vegetable,122,Medium,7.9,Onion
69,50,60,22.34,64.7,6.94,67.56,Loamy,Vegetable,113,Medium,7.7,Onion
78,51,45,16.92,57.51,7.2,44.16,Alluvial,Vegetable,112,Medium,8.1,Onion
74,47,43,21.19,65.98,6.32,74.77,Alluvial,Vegetable,113,Medium,8.5,Onion
72,39,47,23.36,59.97,7.25,74.36,Clayey,Vegetable,112,Medium,7.2,Onion
64,40,55,23.4,57.27,6.8,74.04,Clayey,Vegetable,131,Medium,8.2,Onion
53,46,54,22.56,63.63,6.94,47.65,Clayey,Vegetable,114,Medium,7.8,Onion
83,41,52,22.76,67.93,6.78,42.45,Alluvial,Vegetable,123,Medium,9.3,Onion
80,41,44,19.62,70.02,6.67,53.37,Alluvial,Vegetable,119,Medium,7.8,Onion
87,39,55,22.31,66.04,7.43,60.85,Clayey,Vegetable,118,Medium,8.0,Onion
74,36,57,22.61,54.18,5.97,36.72,Loamy,Vegetable,124,Medium,7.6,Onion
71,47,47,23.37,60.48,6.77,44.27,Loamy,Vegetable,115,Medium,8.4,Onion
69,51,61,23.64,67.46,7.09,54.66,Alluvial,Vegetable,121,Medium,9.2,Onion
70,39,44,21.46,54.98,7.47,62.16,Loamy,Vegetable,125,Medium,7.8,Onion
65,38,45,22.87,62.6,7.04,45.11,Alluvial,Vegetable,119,Medium,7.4,Onion
78,47,44,24.42,71.69,7.13,58.37,Clayey,Vegetable,118,Medium,7.9,Onion
68,46,44,17.28,61.1,6.81,54.29,Alluvial,Vegetable,112,Medium,8.2,Onion
67,44,58,23.63,53.15,6.29,61.52,Alluvial,Vegetable,111,Medium,6.8,Onion
79,46,52,22.66,59.67,6.54,65.16,Alluvial,Vegetable,129,Medium,7.7,Onion
66,39,45,22.51,49.3,6.98,66.44,Loamy,Vegetable,109,Medium,7.4,Onion
75,44,52,21.65,66.32,6.67,50.17,Alluvial,Vegetable,113,Medium,8.4,Onion
75,48,53,16.95,54.3,6.39,51.84,Loamy,Vegetable,117,Medium,8.6,Onion
84,43,48,20.24,60.45,6.88,68.06,Clayey,Vegetable,124,Medium,6.6,Onion
73,51,47,24.85,58.47,6.87,48.63,Clayey,Vegetable,113,Medium,8.4,Onion
82,45,43,22.11,66.29,7.5,56.83,Loamy,Vegetable,110,Medium,8.5,Onion
72,49,51,19.79,60.29,7.32,58.51,Alluvial,Vegetable,113,Medium,7.0,Onion
68,42,54,19.2,67.77,6.27,83.31,Clayey,Vegetable,130,Medium,8.1,Onion
61,44,48,18.81,61.46,6.47,52.85,Alluvial,Vegetable,118,Medium,7.7,Onion
91,42,52,22.36,61.76,6.97,68.81,Loamy,Vegetable,121,Medium,8.1,Onion
75,44,45,21.85,61.21,6.96,61.8,Alluvial,Vegetable,118,Medium,8.0,Onion
70,46,48,22.45,65.0,6.52,65.97,Clayey,Vegetable,120,Medium,9.2,Onion
73,48,50,18.53,57.4,7.15,55.67,Alluvial,Vegetable,106,Medium,8.0,Onion
66,45,57,23.92,67.68,6.58,58.57,Clayey,Vegetable,113,Medium,7.6,Onion
67,38,56,16.77,66.85,7.3,65.0,Alluvial,Vegetable,113,Medium,7.1,Onion
70,48,50,19.39,65.74,7.47,57.73,Clayey,Vegetable,120,Medium,7.1,Onion
71,47,51,20.73,58.63,6.62,57.22,Clayey,Vegetable,122,Medium,6.8,Onion
74,46,47,20.8,57.75,6.61,60.06,Clayey,Vegetable,120,Medium,6.7,Onion
80,43,59,19.02,55.66,6.72,64.13,Loamy,Vegetable,108,Medium,7.5,Onion
79,40,56,20.87,55.5,7.04,76.08,Loamy,Vegetable,122,Medium,8.8,Onion
88,40,54,18.19,62.12,6.77,72.43,Loamy,Vegetable,127,Medium,8.3,Onion
77,47,50,21.85,67.21,7.43,58.58,Alluvial,Vegetable,121,Medium,8.0,Onion
62,43,57,20.13,70.57,7.27,64.01,Alluvial,Vegetable,123,Medium,7.4,Onion
72,52,46,24.65,53.11,6.32,79.01,Alluvial,Vegetable,119,Medium,7.7,Onion
85,51,54,20.58,58.57,6.92,66.94,Clayey,Vegetable,116,Medium,8.1,Onion
77,51,53,18.23,58.93,6.43,65.68,Alluvial,Vegetable,125,Medium,8.1,Onion
72,45,51,20.4,53.91,5.98,72.67,Loamy,Vegetable,122,Medium,8.2,Onion
85,38,41,22.96,61.47,6.11,63.6,Loamy,Vegetable,117,Medium,7.5,Onion
72,32,47,20.24,62.79,6.74,66.39,Clayey,Vegetable,104,Medium,7.5,Onion
79,43,54,17.49,63.66,6.54,52.64,Clayey,Vegetable,125,Medium,8.7,Onion
83,55,56,20.01,60.71,6.66,80.29,Alluvial,Vegetable,126,Medium,7.9,Onion
82,38,51,19.66,51.56,7.11,69.09,Clayey,Vegetable,122,Medium,7.9,Onion
64,39,45,21.42,65.38,7.22,43.51,Loamy,Vegetable,115,Medium,7.6,Onion
54,47,48,21.72,66.73,6.84,55.69,Loamy,Vegetable,123,Medium,8.6,Onion
77,48,49,21.8,60.57,6.5,54.32,Loamy,Vegetable,128,Medium,9.2,Onion
87,38,42,19.02,60.67,5.68,54.11,Loamy,Vegetable,128,Medium,8.6,Onion
70,42,52,24.34,57.33,6.71,54.34,Clayey,Vegetable,112,Medium,7.9,Onion
62,33,42,19.97,60.78,6.47,39.13,Alluvial,Vegetable,138,Low,6.6,Garlic
58,33,38,22.15,55.98,6.37,60.22,Alluvial,Vegetable,136,Low,5.7,Garlic
69,50,29,16.53,46.61,6.68,62.92,Alluvial,Vegetable,135,Low,7.8,Garlic
70,48,44,18.19,58.27,6.44,53.15,Loamy,Vegetable,135,Low,6.9,Garlic
74,38,36,17.26,60.62,6.28,53.39,Loamy,Vegetable,143,Low,7.2,Garlic
64,39,35,17.29,57.22,6.78,62.59,Alluvial,Vegetable,135,Low,7.8,Garlic
76,43,44,17.02,53.4,6.86,44.27,Alluvial,Vegetable,133,Low,7.5,Garlic
74,38,37,19.64,53.71,6.65,54.94,Loamy,Vegetable,134,Low,7.1,Garlic
59,36,37,15.76,59.37,6.97,61.37,Alluvial,Vegetable,133,Low,6.5,Garlic
70,43,40,22.49,57.89,6.62,51.8,Alluvial,Vegetable,124,Low,7.4,Garlic
64,42,47,18.22,48.65,6.84,56.33,Alluvial,Vegetable,130,Low,7.2,Garlic
70,35,38,21.95,55.11,6.72,34.0,Alluvial,Vegetable,124,Low,7.1,Garlic
73,33,40,18.25,61.81,6.33,58.44,Alluvial,Vegetable,130,Low,7.1,Garlic
65,38,41,19.09,57.47,6.59,55.62,Alluvial,Vegetable,136,Low,6.4,Garlic
62,34,39,17.82,61.08,6.9,47.62,Loamy,Vegetable,134,Low,7.4,Garlic
63,36,35,20.71,61.61,6.64,61.13,Alluvial,Vegetable,114,Low,7.8,Garlic
63,40,38,21.79,53.76,7.14,58.17,Alluvial,Vegetable,139,Low,6.8,Garlic
55,44,41,21.72,57.22,6.57,66.1,Loamy,Vegetable,147,Low,7.0,Garlic
59,44,38,20.2,56.96,7.17,49.4,Alluvial,Vegetable,138,Low,6.7,Garlic
63,37,42,20.84,60.23,6.67,56.12,Alluvial,Vegetable,141,Low,7.6,Garlic
46,38,39,20.34,57.73,6.92,46.37,Loamy,Vegetable,136,Low,7.5,Garlic
54,52,44,19.0,54.69,6.65,55.67,Alluvial,Vegetable,137,Low,7.9,Garlic
61,42,34,18.17,59.51,6.91,48.97,Alluvial,Vegetable,132,Low,7.9,Garlic
73,41,31,24.02,57.92,6.61,50.82,Loamy,Vegetable,137,Low,7.2,Garlic
71,35,38,23.06,58.9,6.65,47.47,Loamy,Vegetable,138,Low,7.6,Garlic
71,38,41,22.34,62.28,6.46,34.63,Alluvial,Vegetable,137,Low,7.5,Garlic
57,39,38,19.21,55.82,7.09,56.18,Loamy,Vegetable,129,Low,7.6,Garlic
56,46,43,21.78,57.37,6.55,55.67,Alluvial,Vegetable,134,Low,6.6,Garlic
61,38,35,20.36,57.79,6.61,46.12,Loamy,Vegetable,127,Low,8.2,Garlic
60,43,40,13.45,65.17,6.91,48.86,Loamy,Vegetable,134,Low,6.3,Garlic
77,35,37,17.54,58.32,7.11,69.31,Loamy,Vegetable,132,Low,7.2,Garlic
65,35,49,21.73,58.76,7.17,64.7,Loamy,Vegetable,135,Low,7.2,Garlic
75,35,46,18.55,64.1,6.7,57.7,Loamy,Vegetable,134,Low,6.7,Garlic
63,46,30,16.52,55.1,6.38,67.08,Loamy,Vegetable,143,Low,7.4,Garlic
60,46,33,23.28,55.26,6.62,51.57,Alluvial,Vegetable,127,Low,8.2,Garlic
70,46,35,19.36,60.08,6.78,45.72,Alluvial,Vegetable,142,Low,7.1,Garlic
58,30,42,23.9,53.94,6.75,63.88,Alluvial,Vegetable,126,Low,6.7,Garlic
58,44,45,19.32,54.63,6.57,49.96,Loamy,Vegetable,128,Low,6.9,Garlic
69,42,39,19.11,57.67,6.31,56.28,Alluvial,Vegetable,131,Low,6.2,Garlic
67,36,40,20.7,54.2,6.73,40.52,Loamy,Vegetable,145,Low,6.2,Garlic
61,46,39,16.61,60.85,6.91,49.93,Alluvial,Vegetable,131,Low,6.7,Garlic
63,30,39,22.57,54.42,6.52,45.53,Alluvial,Vegetable,139,Low,7.7,Garlic
73,33,41,21.87,60.04,6.84,51.23,Loamy,Vegetable,136,Low,7.7,Garlic
67,33,38,21.42,59.3,6.74,50.57,Loamy,Vegetable,143,Low,8.0,Garlic
73,47,38,18.0,57.37,6.71,66.45,Loamy,Vegetable,142,Low,7.3,Garlic
54,31,40,20.76,57.68,7.27,46.34,Alluvial,Vegetable,126,Low,6.6,Garlic
60,42,38,15.9,61.57,6.17,46.43,Alluvial,Vegetable,124,Low,7.1,Garlic
66,49,43,21.88,59.15,6.41,56.02,Alluvial,Vegetable,138,Low,7.4,Garlic
61,42,36,16.91,53.54,6.71,45.58,Alluvial,Vegetable,132,Low,7.5,Garlic
57,37,40,19.49,56.0,6.94,59.72,Loamy,Vegetable,142,Low,7.0,Garlic
61,36,41,18.25,55.72,6.57,49.53,Alluvial,Vegetable,136,Low,6.2,Garlic
67,43,37,22.84,58.07,6.23,52.75,Alluvial,Vegetable,135,Low,7.3,Garlic
63,34,35,17.69,55.77,6.36,49.14,Alluvial,Vegetable,139,Low,8.0,Garlic
70,46,43,20.67,56.65,6.74,51.64,Alluvial,Vegetable,133,Low,7.0,Garlic
69,42,39,19.11,59.73,6.9,42.85,Alluvial,Vegetable,127,Low,7.7,Garlic
64,37,38,18.47,60.23,6.37,55.2,Loamy,Vegetable,136,Low,7.2,Garlic
66,42,37,17.12,67.83,6.61,53.52,Loamy,Vegetable,139,Low,8.0,Garlic
61,35,35,22.19,53.85,6.69,47.18,Alluvial,Vegetable,125,Low,6.8,Garlic
58,36,48,19.85,61.73,6.95,54.19,Alluvial,Vegetable,132,Low,7.1,Garlic
66,37,40,17.59,57.31,6.6,44.85,Loamy,Vegetable,119,Low,6.4,Garlic
77,38,43,14.75,53.97,6.29,53.38,Alluvial,Vegetable,151,Low,7.3,Garlic
76,38,45,23.15,57.56,6.54,44.46,Alluvial,Vegetable,132,Low,7.0,Garlic
79,33,40,15.37,56.29,6.79,59.1,Loamy,Vegetable,138,Low,7.2,Garlic
69,40,35,15.3,55.81,6.66,65.03,Alluvial,Vegetable,134,Low,6.9,Garlic
67,38,43,22.96,66.76,6.73,57.7,Alluvial,Vegetable,145,Low,6.9,Garlic
69,34,38,21.31,55.13,6.66,42.41,Alluvial,Vegetable,148,Low,7.8,Garlic
66,42,41,21.77,55.92,6.92,63.62,Alluvial,Vegetable,143,Low,5.6,Garlic
60,34,40,14.97,49.82,7.35,59.94,Alluvial,Vegetable,135,Low,7.2,Garlic
66,44,37,19.37,58.91,6.39,65.22,Alluvial,Vegetable,131,Low,7.6,Garlic
65,48,35,16.83,54.38,6.74,67.33,Loamy,Vegetable,145,Low,5.6,Garlic
76,33,74,28.46,79.84,6.03,161.47,Red,Vegetable,230,High,5.8,Ginger
73,54,69,24.11,73.86,5.25,186.25,Red,Vegetable,234,High,5.7,Ginger
89,47,66,25.71,80.12,6.76,191.32,Red,Vegetable,247,High,6.4,Ginger
73,51,68,23.16,84.82,6.21,160.36,Laterite,Vegetable,239,High,4.6,Ginger
67,51,66,25.52,79.58,5.73,140.64,Laterite,Vegetable,220,High,5.4,Ginger
79,41,69,26.62,76.04,6.57,152.29,Laterite,Vegetable,238,High,5.4,Ginger
60,55,64,25.48,82.39,6.58,138.4,Loamy,Vegetable,234,High,6.3,Ginger
78,53,63,25.17,79.33,5.66,126.51,Laterite,Vegetable,233,High,6.3,Ginger
75,56,71,24.32,85.11,6.08,179.24,Loamy,Vegetable,227,High,6.1,Ginger
83,51,65,25.9,82.45,6.09,172.02,Laterite,Vegetable,252,High,5.1,Ginger
65,49,68,27.73,75.7,6.41,187.07,Red,Vegetable,240,High,5.5,Ginger
68,47,67,29.17,79.71,5.47,165.11,Loamy,Vegetable,249,High,5.5,Ginger
86,53,63,24.79,80.9,5.33,166.73,Laterite,Vegetable,218,High,6.1,Ginger
82,52,65,26.37,77.95,5.59,153.23,Laterite,Vegetable,248,High,5.5,Ginger
86,53,73,22.46,78.86,5.57,156.34,Red,Vegetable,231,High,5.3,Ginger
83,52,76,22.48,80.23,6.39,190.13,Laterite,Vegetable,221,High,5.3,Ginger
83,49,64,22.59,76.21,5.32,161.17,Red,Vegetable,250,High,4.7,Ginger
77,54,69,22.46,81.54,5.98,156.87,Laterite,Vegetable,233,High,5.6,Ginger
79,61,70,29.32,81.43,5.96,162.97,Loamy,Vegetable,225,High,5.7,Ginger
59,45,70,28.63,85.72,5.91,163.11,Loamy,Vegetable,251,High,4.7,Ginger
78,45,68,24.99,81.74,6.22,177.82,Red,Vegetable,244,High,5.6,Ginger
89,42,80,25.36,82.28,5.87,145.95,Laterite,Vegetable,245,High,6.1,Ginger
78,47,91,28.64,83.73,5.86,147.5,Red,Vegetable,236,High,6.1,Ginger
67,44,73,26.7,76.92,5.56,188.76,Red,Vegetable,244,High,4.7,Ginger
64,48,74,27.31,84.53,5.4,164.48,Laterite,Vegetable,257,High,6.3,Ginger
77,61,73,28.29,80.18,5.69,142.5,Loamy,Vegetable,242,High,5.4,Ginger
60,44,68,27.6,79.94,5.97,140.26,Loamy,Vegetable,240,High,6.3,Ginger
76,42,62,27.3,79.1,5.97,147.75,Red,Vegetable,246,High,5.3,Ginger
73,45,75,25.51,82.43,5.52,194.68,Red,Vegetable,255,High,4.4,Ginger
68,52,62,25.71,81.71,5.93,170.78,Red,Vegetable,231,High,4.2,Ginger
82,54,85,21.14,83.0,5.21,195.13,Loamy,Vegetable,245,High,4.9,Ginger
81,47,71,26.45,86.98,6.73,148.05,Loamy,Vegetable,252,High,5.7,Ginger
63,46,84,26.79,84.0,5.92,149.2,Loamy,Vegetable,240,High,5.3,Ginger
63,44,74,25.16,80.1,6.09,166.26,Red,Vegetable,253,High,4.8,Ginger
79,53,75,22.89,81.02,6.69,158.02,Red,Vegetable,245,High,6.0,Ginger
66,59,72,27.14,73.35,6.32,170.13,Loamy,Vegetable,259,High,5.3,Ginger
67,46,66,23.54,85.16,6.53,156.08,Red,Vegetable,235,High,4.4,Ginger
80,58,66,25.74,81.74,6.69,164.0,Loamy,Vegetable,242,High,5.6,Ginger
63,42,65,28.23,78.66,5.79,149.06,Loamy,Vegetable,238,High,6.5,Ginger
73,46,70,29.86,77.99,5.53,149.98,Loamy,Vegetable,241,High,5.9,Ginger
83,44,64,25.29,82.74,5.5,147.85,Laterite,Vegetable,232,High,6.1,Ginger
79,54,78,25.33,75.25,5.53,123.24,Laterite,Vegetable,234,High,5.3,Ginger
81,50,67,25.74,75.84,6.41,144.28,Red,Vegetable,226,High,6.0,Ginger
79,41,75,24.37,78.5,6.07,171.73,Laterite,Vegetable,245,High,5.5,Ginger
71,52,69,29.97,82.35,5.63,150.45,Loamy,Vegetable,240,High,6.3,Ginger
86,48,64,23.66,81.01,6.92,170.78,Red,Vegetable,220,High,5.1,Ginger
70,45,67,26.81,82.73,6.44,170.48,Loamy,Vegetable,216,High,4.9,Ginger
73,50,75,26.1,80.2,6.1,154.9,Loamy,Vegetable,241,High,6.2,Ginger
74,49,69,28.86,75.57,6.71,136.47,Red,Vegetable,232,High,5.9,Ginger
83,42,63,26.61,89.38,6.5,155.04,Loamy,Vegetable,210,High,5.5,Ginger
77,48,64,26.35,76.23,6.75,190.33,Laterite,Vegetable,247,High,5.6,Ginger
69,49,79,27.91,80.81,6.37,170.91,Red,Vegetable,244,High,6.1,Ginger
79,54,70,25.44,77.81,5.73,127.9,Laterite,Vegetable,229,High,4.9,Ginger
70,57,69,26.53,81.09,6.64,148.49,Laterite,Vegetable,237,High,5.4,Ginger
84,56,72,28.71,80.71,5.93,183.57,Red,Vegetable,245,High,5.1,Ginger
82,48,68,27.96,79.64,6.16,173.24,Loamy,Vegetable,230,High,5.7,Ginger
85,45,72,24.18,84.09,6.4,152.91,Laterite,Vegetable,266,High,6.2,Ginger
80,53,75,23.81,80.78,6.15,152.0,Laterite,Vegetable,245,High,6.2,Ginger
71,49,65,22.07,83.12,5.99,160.95,Laterite,Vegetable,228,High,5.4,Ginger
83,50,70,26.46,75.05,6.25,134.9,Red,Vegetable,228,High,4.9,Ginger
73,48,69,24.01,84.02,6.33,156.52,Loamy,Vegetable,234,High,5.2,Ginger
72,42,64,27.89,81.21,6.65,154.02,Loamy,Vegetable,235,High,5.3,Ginger
72,46,71,26.06,77.96,6.5,197.93,Red,Vegetable,253,High,5.8,Ginger
81,59,74,24.71,81.57,6.25,140.11,Red,Vegetable,236,High,6.2,Ginger
60,43,68,26.78,74.57,5.95,183.08,Loamy,Vegetable,240,High,6.1,Ginger
70,45,75,26.81,75.26,5.68,191.29,Red,Vegetable,228,High,6.1,Ginger
71,49,71,21.38,74.15,6.03,145.51,Red,Vegetable,251,High,4.5,Ginger
79,43,67,23.66,87.61,5.46,157.56,Red,Vegetable,219,High,6.5,Ginger
78,50,78,26.32,80.88,6.05,171.27,Loamy,Vegetable,234,High,5.4,Ginger
81,51,69,22.92,85.99,5.74,179.74,Loamy,Vegetable,242,High,4.7,Ginger
62,46,71,16.64,64.82,5.77,46.0,Loamy,Vegetable,79,Medium,6.8,Carrot
57,41,69,15.29,65.54,6.69,58.11,Sandy,Vegetable,83,Medium,5.7,Carrot
58,44,60,15.89,67.74,5.96,53.75,Sandy,Vegetable,85,Medium,6.8,Carrot
58,53,63,16.51,64.49,6.58,48.98,Loamy,Vegetable,83,Medium,5.7,Carrot
50,39,68,16.51,60.87,6.3,43.04,Loamy,Vegetable,91,Medium,7.8,Carrot
64,48,64,20.23,59.28,6.04,45.19,Sandy,Vegetable,87,Medium,6.5,Carrot
54,36,67,13.97,58.27,6.67,59.44,Loamy,Vegetable,86,Medium,7.2,Carrot
51,41,63,13.97,63.01,6.31,42.53,Sandy,Vegetable,91,Medium,7.4,Carrot
59,42,64,18.25,62.61,6.78,48.37,Sandy,Vegetable,82,Medium,7.4,Carrot
47,49,58,18.28,59.41,6.44,57.26,Loamy,Vegetable,85,Medium,6.3,Carrot
49,41,55,19.25,62.44,5.96,61.65,Sandy,Vegetable,82,Medium,7.2,Carrot
50,34,58,16.1,65.59,6.4,51.12,Loamy,Vegetable,76,Medium,7.8,Carrot
56,44,70,19.49,66.62,6.23,41.97,Loamy,Vegetable,89,Medium,6.2,Carrot
66,45,59,14.54,56.89,6.34,49.95,Loamy,Vegetable,79,Medium,6.8,Carrot
46,47,64,16.24,56.85,6.21,46.68,Loamy,Vegetable,86,Medium,7.1,Carrot
59,42,55,18.98,58.26,5.97,49.66,Sandy,Vegetable,86,Medium,6.7,Carrot
51,43,72,16.99,58.13,6.01,47.99,Loamy,Vegetable,86,Medium,7.3,Carrot
55,40,62,18.47,57.42,6.16,54.78,Loamy,Vegetable,88,Medium,6.9,Carrot
52,38,67,19.64,72.26,6.42,49.59,Sandy,Vegetable,81,Medium,5.9,Carrot
56,56,71,19.23,62.98,6.41,30.61,Sandy,Vegetable,88,Medium,6.7,Carrot
50,43,63,15.56,62.06,6.13,50.8,Loamy,Vegetable,78,Medium,6.9,Carrot
48,41,65,13.79,58.71,6.47,38.69,Sandy,Vegetable,92,Medium,7.7,Carrot
52,41,66,14.11,53.99,6.16,48.93,Loamy,Vegetable,85,Medium,6.6,Carrot
62,37,59,17.97,57.35,5.94,50.99,Loamy,Vegetable,80,Medium,6.9,Carrot
50,40,54,17.28,57.01,6.25,45.9,Sandy,Vegetable,84,Medium,6.9,Carrot
56,41,71,13.31,61.09,6.55,53.81,Sandy,Vegetable,80,Medium,6.5,Carrot
48,47,61,17.51,63.06,7.01,52.51,Loamy,Vegetable,81,Medium,6.1,Carrot
53,44,53,15.57,63.19,6.14,57.75,Loamy,Vegetable,78,Medium,7.4,Carrot
60,49,57,17.63,59.32,5.88,46.69,Sandy,Vegetable,81,Medium,7.6,Carrot
58,39,61,16.24,61.71,6.6,55.53,Sandy,Vegetable,85,Medium,6.8,Carrot
44,51,62,20.11,62.78,6.91,54.85,Loamy,Vegetable,78,Medium,6.6,Carrot
53,40,63,14.27,62.02,6.37,41.97,Loamy,Vegetable,93,Medium,7.0,Carrot
50,36,65,16.48,65.13,6.26,40.45,Loamy,Vegetable,92,Medium,7.3,Carrot
53,45,67,14.14,62.63,6.16,54.06,Sandy,Vegetable,81,Medium,6.6,Carrot
64,51,48,19.31,61.71,6.09,41.94,Loamy,Vegetable,80,Medium,6.6,Carrot
48,38,59,17.65,62.2,6.47,49.47,Sandy,Vegetable,79,Medium,7.3,Carrot
48,48,59,15.63,60.55,6.5,51.41,Sandy,Vegetable,85,Medium,8.1,Carrot
43,39,59,13.46,59.12,6.51,45.27,Sandy,Vegetable,83,Medium,6.0,Carrot
50,42,68,13.65,60.18,6.63,46.44,Loamy,Vegetable,76,Medium,7.8,Carrot
59,49,56,20.02,58.91,6.15,44.38,Loamy,Vegetable,89,Medium,6.9,Carrot
57,45,64,15.11,69.25,5.86,53.3,Sandy,Vegetable,86,Medium,7.7,Carrot
63,44,67,20.53,61.74,5.98,46.92,Sandy,Vegetable,79,Medium,7.2,Carrot
61,44,56,19.04,54.89,5.84,48.57,Loamy,Vegetable,86,Medium,7.3,Carrot
54,53,65,19.07,65.15,5.91,48.64,Loamy,Vegetable,94,Medium,6.7,Carrot
50,45,62,15.41,60.07,6.73,48.91,Sandy,Vegetable,79,Medium,6.1,Carrot
68,43,67,15.46,63.28,6.74,44.78,Loamy,Vegetable,86,Medium,6.2,Carrot
67,46,62,16.4,59.96,6.16,30.42,Loamy,Vegetable,84,Medium,6.9,Carrot
57,42,61,16.98,55.55,6.34,35.11,Loamy,Vegetable,89,Medium,7.4,Carrot
49,48,65,14.98,53.91,6.39,43.65,Loamy,Vegetable,89,Medium,7.0,Carrot
50,53,67,9.69,60.05,5.88,43.6,Sandy,Vegetable,84,Medium,7.2,Carrot
56,50,68,18.15,62.81,6.69,47.47,Loamy,Vegetable,83,Medium,5.9,Carrot
61,44,79,16.19,62.35,6.46,41.18,Loamy,Vegetable,86,Medium,7.0,Carrot
53,50,60,17.55,67.82,6.09,47.62,Sandy,Vegetable,94,Medium,7.3,Carrot
51,49,62,13.87,67.49,5.97,69.61,Sandy,Vegetable,82,Medium,8.3,Carrot
46,50,67,18.68,65.87,6.15,39.53,Sandy,Vegetable,84,Medium,7.1,Carrot
52,46,66,15.18,63.58,6.22,44.4,Loamy,Vegetable,88,Medium,6.5,Carrot
52,45,71,17.39,64.11,6.21,49.37,Loamy,Vegetable,84,Medium,7.2,Carrot
53,51,63,13.59,72.97,6.2,60.51,Sandy,Vegetable,90,Medium,7.6,Carrot
53,46,58,20.98,58.59,6.22,50.79,Loamy,Vegetable,84,Medium,6.6,Carrot
63,49,66,16.2,66.26,6.16,62.56,Loamy,Vegetable,85,Medium,7.7,Carrot
54,45,71,21.39,68.24,6.56,54.71,Sandy,Vegetable,82,Medium,7.2,Carrot
49,46,67,13.08,62.15,6.42,49.33,Loamy,Vegetable,86,Medium,6.2,Carrot
50,50,65,17.68,59.81,6.31,31.58,Loamy,Vegetable,88,Medium,8.1,Carrot
48,40,67,19.95,61.99,5.93,48.33,Sandy,Vegetable,80,Medium,6.6,Carrot
53,40,61,17.15,62.86,5.87,53.17,Sandy,Vegetable,83,Medium,7.4,Carrot
59,42,68,15.33,67.3,6.06,52.82,Sandy,Vegetable,84,Medium,6.4,Carrot
60,41,56,11.24,58.5,6.71,60.06,Loamy,Vegetable,81,Medium,6.8,Carrot
52,38,60,18.96,64.02,6.38,39.32,Sandy,Vegetable,85,Medium,5.6,Carrot
60,46,58,20.23,54.82,6.46,54.44,Loamy,Vegetable,79,Medium,7.0,Carrot
45,30,59,15.77,64.58,6.32,50.75,Loamy,Vegetable,80,Medium,6.7,Carrot
77,48,57,17.65,69.71,6.4,76.95,Clayey,Vegetable,87,Medium,5.7,Cabbage
89,56,61,18.75,73.83,6.51,93.91,Alluvial,Vegetable,84,Medium,6.1,Cabbage
92,55,63,17.84,77.5,6.2,83.42,Alluvial,Vegetable,95,Medium,5.8,Cabbage
90,54,56,13.72,67.96,6.71,78.14,Clayey,Vegetable,89,Medium,7.0,Cabbage
92,55,56,18.38,73.95,6.7,78.65,Alluvial,Vegetable,83,Medium,6.2,Cabbage
69,58,58,18.36,66.1,6.92,58.06,Alluvial,Vegetable,93,Medium,6.6,Cabbage
83,53,56,20.09,72.05,6.12,66.16,Loamy,Vegetable,90,Medium,7.0,Cabbage
80,52,60,19.25,66.52,6.65,65.36,Loamy,Vegetable,88,Medium,7.7,Cabbage
83,58,63,15.14,64.62,6.75,59.16,Alluvial,Vegetable,82,Medium,7.1,Cabbage
76,51,69,14.18,66.97,6.36,67.6,Alluvial,Vegetable,85,Medium,5.8,Cabbage
97,56,62,17.23,73.16,6.78,60.04,Loamy,Vegetable,91,Medium,6.9,Cabbage
97,64,60,19.78,61.32,6.97,62.74,Alluvial,Vegetable,88,Medium,6.8,Cabbage
83,55,67,16.73,67.65,7.04,75.27,Clayey,Vegetable,98,Medium,7.0,Cabbage
74,58,55,17.51,71.7,6.01,61.87,Alluvial,Vegetable,99,Medium,6.6,Cabbage
83,64,58,17.32,75.96,6.38,62.53,Alluvial,Vegetable,79,Medium,5.9,Cabbage
77,55,56,21.82,67.77,6.92,72.2,Clayey,Vegetable,93,Medium,6.9,Cabbage
67,54,58,15.23,73.84,7.01,43.27,Loamy,Vegetable,87,Medium,5.8,Cabbage
85,53,56,18.88,78.54,7.3,62.6,Alluvial,Vegetable,81,Medium,6.8,Cabbage
97,59,68,17.05,69.56,6.53,66.69,Loamy,Vegetable,92,Medium,7.1,Cabbage
93,57,61,19.09,64.15,6.56,70.52,Loamy,Vegetable,90,Medium,6.4,Cabbage
88,52,65,18.45,72.6,6.29,78.15,Alluvial,Vegetable,90,Medium,6.0,Cabbage
84,58,62,18.47,72.37,6.81,82.38,Alluvial,Vegetable,93,Medium,6.1,Cabbage
76,52,69,18.06,80.51,6.46,67.41,Loamy,Vegetable,89,Medium,6.4,Cabbage
78,49,62,19.61,81.78,6.37,66.47,Alluvial,Vegetable,86,Medium,7.2,Cabbage
91,50,55,19.41,73.53,6.73,61.17,Alluvial,Vegetable,81,Medium,6.0,Cabbage
90,65,57,22.05,75.32,6.08,72.14,Loamy,Vegetable,93,Medium,5.0,Cabbage
90,60,61,17.38,71.31,6.43,58.24,Loamy,Vegetable,86,Medium,6.3,Cabbage
85,52,55,19.02,73.48,6.34,75.06,Clayey,Vegetable,87,Medium,6.5,Cabbage
92,51,54,17.21,66.55,6.42,67.19,Alluvial,Vegetable,78,Medium,6.8,Cabbage
83,60,61,18.97,76.76,6.46,69.99,Clayey,Vegetable,82,Medium,7.2,Cabbage
83,49,63,13.14,70.28,6.77,65.62,Loamy,Vegetable,86,Medium,6.3,Cabbage
68,58,59,16.96,70.93,6.5,76.53,Alluvial,Vegetable,89,Medium,5.7,Cabbage
89,57,61,19.65,72.12,6.83,84.07,Loamy,Vegetable,92,Medium,6.1,Cabbage
83,61,52,16.72,70.63,6.24,78.73,Alluvial,Vegetable,91,Medium,6.1,Cabbage
89,54,55,16.07,73.74,6.78,65.13,Alluvial,Vegetable,92,Medium,7.4,Cabbage
74,56,64,17.31,76.95,7.16,73.43,Clayey,Vegetable,88,Medium,7.1,Cabbage
91,42,59,16.71,73.59,6.44,69.15,Loamy,Vegetable,86,Medium,6.9,Cabbage
98,50,53,17.54,71.89,6.85,57.71,Alluvial,Vegetable,87,Medium,5.2,Cabbage
95,56,57,14.86,67.08,6.62,58.93,Clayey,Vegetable,90,Medium,7.7,Cabbage
82,50,61,15.05,78.88,6.92,68.36,Loamy,Vegetable,85,Medium,6.2,Cabbage
82,56,65,15.43,76.04,6.69,64.92,Clayey,Vegetable,85,Medium,6.6,Cabbage
76,60,54,18.6,71.68,6.33,68.97,Loamy,Vegetable,94,Medium,5.8,Cabbage
81,51,59,16.13,64.93,6.18,86.38,Alluvial,Vegetable,91,Medium,6.6,Cabbage
82,54,57,18.55,72.4,6.15,72.54,Clayey,Vegetable,78,Medium,6.7,Cabbage
73,54,54,17.51,74.31,6.95,54.59,Clayey,Vegetable,94,Medium,6.6,Cabbage
81,58,58,18.94,68.03,6.31,79.44,Alluvial,Vegetable,96,Medium,6.5,Cabbage
62,54,60,17.03,73.35,6.36,78.39,Loamy,Vegetable,84,Medium,7.2,Cabbage
97,50,55,18.32,67.25,6.35,81.03,Alluvial,Vegetable,93,Medium,7.7,Cabbage
86,51,60,17.2,71.45,6.49,60.68,Clayey,Vegetable,91,Medium,5.7,Cabbage
79,54,48,19.04,63.79,6.7,57.07,Alluvial,Vegetable,88,Medium,6.8,Cabbage
102,55,50,19.41,71.07,6.52,75.58,Clayey,Vegetable,79,Medium,6.5,Cabbage
81,61,63,14.25,77.05,6.63,54.53,Alluvial,Vegetable,90,Medium,7.1,Cabbage
75,61,52,15.92,68.23,6.91,65.09,Loamy,Vegetable,84,Medium,6.8,Cabbage
90,58,58,18.01,69.4,7.0,81.44,Clayey,Vegetable,94,Medium,7.0,Cabbage
89,48,63,17.73,77.05,6.74,75.5,Clayey,Vegetable,82,Medium,6.4,Cabbage
80,56,57,16.95,73.84,6.37,71.22,Loamy,Vegetable,83,Medium,6.0,Cabbage
90,48,66,19.45,70.93,7.4,82.43,Alluvial,Vegetable,85,Medium,6.9,Cabbage
85,51,54,19.49,69.61,6.47,60.79,Loamy,Vegetable,86,Medium,6.4,Cabbage
88,42,60,16.01,77.61,7.38,66.41,Alluvial,Vegetable,82,Medium,6.6,Cabbage
83,64,68,19.23,69.65,6.7,72.65,Loamy,Vegetable,91,Medium,5.6,Cabbage
93,55,59,16.3,68.83,6.6,52.51,Loamy,Vegetable,93,Medium,5.9,Cabbage
68,64,55,16.06,76.54,7.06,54.67,Clayey,Vegetable,85,Medium,6.0,Cabbage
92,63,54,20.33,69.16,6.6,57.29,Clayey,Vegetable,89,Medium,6.4,Cabbage
82,56,54,15.73,73.75,6.9,69.77,Alluvial,Vegetable,92,Medium,7.0,Cabbage
91,50,56,16.12,79.71,6.65,74.63,Loamy,Vegetable,91,Medium,5.7,Cabbage
100,57,63,13.97,75.12,6.39,56.77,Alluvial,Vegetable,85,Medium,5.7,Cabbage
74,55,58,18.17,78.7,6.46,47.55,Loamy,Vegetable,88,Medium,7.2,Cabbage
84,62,62,13.82,72.44,6.59,80.8,Loamy,Vegetable,98,Medium,7.0,Cabbage
88,58,59,14.57,72.17,6.61,57.96,Clayey,Vegetable,95,Medium,7.1,Cabbage
74,61,58,15.94,76.32,6.48,88.99,Loamy,Vegetable,86,Medium,5.5,Cabbage
87,63,60,15.34,70.92,6.16,73.07,Alluvial,Vegetable,93,Medium,6.8,Cauliflower
78,66,64,19.53,73.84,6.25,78.82,Alluvial,Vegetable,88,Medium,5.7,Cauliflower
105,65,75,17.26,70.41,6.76,69.88,Loamy,Vegetable,91,Medium,6.0,Cauliflower
91,54,59,18.79,69.62,6.88,65.75,Loamy,Vegetable,92,Medium,6.8,Cauliflower
83,56,61,17.58,77.09,6.19,82.96,Alluvial,Vegetable,98,Medium,7.4,Cauliflower
115,67,69,15.38,65.26,6.71,53.02,Alluvial,Vegetable,97,Medium,5.2,Cauliflower
99,58,65,16.5,62.41,6.97,83.36,Alluvial,Vegetable,93,Medium,6.9,Cauliflower
86,61,68,19.11,75.36,6.76,70.28,Alluvial,Vegetable,91,Medium,6.2,Cauliflower
96,52,70,17.44,66.73,6.27,76.74,Alluvial,Vegetable,94,Medium,7.5,Cauliflower
79,57,64,16.5,70.02,6.7,74.84,Alluvial,Vegetable,102,Medium,5.7,Cauliflower
92,56,67,18.86,66.05,6.33,75.12,Loamy,Vegetable,95,Medium,6.4,Cauliflower
95,63,62,16.3,64.95,6.61,55.77,Loamy,Vegetable,95,Medium,7.2,Cauliflower
87,57,74,21.02,66.94,6.64,73.29,Alluvial,Vegetable,95,Medium,7.6,Cauliflower
90,61,68,20.38,73.75,6.76,54.41,Loamy,Vegetable,92,Medium,7.0,Cauliflower
92,64,74,15.65,74.55,6.5,79.35,Loamy,Vegetable,94,Medium,7.8,Cauliflower
91,56,67,18.65,74.55,6.73,94.75,Alluvial,Vegetable,94,Medium,6.4,Cauliflower
85,60,66,18.56,70.27,6.42,61.18,Loamy,Vegetable,93,Medium,7.2,Cauliflower
100,59,60,17.84,78.37,6.9,75.51,Loamy,Vegetable,99,Medium,7.4,Cauliflower
80,58,62,19.17,70.64,6.83,64.93,Loamy,Vegetable,101,Medium,6.5,Cauliflower
95,65,70,18.72,73.28,7.12,75.14,Loamy,Vegetable,91,Medium,6.8,Cauliflower
89,48,67,18.23,74.63,6.37,54.94,Alluvial,Vegetable,95,Medium,6.7,Cauliflower
90,60,59,17.72,68.61,6.92,73.79,Alluvial,Vegetable,93,Medium,7.5,Cauliflower
87,62,64,21.26,70.35,6.63,68.6,Alluvial,Vegetable,95,Medium,7.2,Cauliflower
96,60,73,19.75,68.25,6.19,65.85,Alluvial,Vegetable,96,Medium,6.9,Cauliflower
100,54,62,15.64,64.64,6.41,73.67,Loamy,Vegetable,98,Medium,5.9,Cauliflower
83,51,66,16.54,76.65,6.72,68.29,Loamy,Vegetable,91,Medium,5.6,Cauliflower
79,56,61,16.0,71.51,6.75,65.41,Alluvial,Vegetable,104,Medium,5.5,Cauliflower
90,58,62,16.6,69.97,6.53,66.08,Alluvial,Vegetable,88,Medium,5.5,Cauliflower
87,57,64,17.78,67.91,6.54,61.46,Loamy,Vegetable,102,Medium,6.0,Cauliflower
87,56,61,18.05,69.59,6.46,67.17,Alluvial,Vegetable,91,Medium,6.7,Cauliflower
106,55,66,18.09,72.67,6.81,72.05,Loamy,Vegetable,94,Medium,6.2,Cauliflower
83,59,58,16.81,74.43,6.63,78.93,Loamy,Vegetable,101,Medium,6.4,Cauliflower
91,58,60,16.09,73.37,6.66,88.47,Loamy,Vegetable,99,Medium,6.1,Cauliflower
96,58,71,17.03,65.79,6.36,62.55,Alluvial,Vegetable,91,Medium,6.2,Cauliflower
96,68,58,20.53,68.09,6.7,53.46,Loamy,Vegetable,97,Medium,5.3,Cauliflower
92,61,65,16.53,72.2,6.72,67.9,Loamy,Vegetable,98,Medium,6.4,Cauliflower
94,59,66,19.15,68.41,6.23,72.76,Loamy,Vegetable,100,Medium,6.7,Cauliflower
92,59,68,17.63,68.18,6.93,64.69,Loamy,Vegetable,99,Medium,7.2,Cauliflower
94,53,65,17.6,68.02,6.64,77.69,Loamy,Vegetable,92,Medium,6.4,Cauliflower
88,65,63,15.53,63.71,6.71,62.39,Loamy,Vegetable,98,Medium,5.7,Cauliflower
85,53,67,19.3,71.35,6.27,62.54,Alluvial,Vegetable,96,Medium,5.5,Cauliflower
88,67,64,15.02,67.57,6.41,91.4,Loamy,Vegetable,102,Medium,6.9,Cauliflower
87,66,59,20.15,73.71,6.55,81.39,Loamy,Vegetable,92,Medium,5.7,Cauliflower
97,59,68,21.64,67.11,6.56,85.7,Loamy,Vegetable,98,Medium,6.1,Cauliflower
82,57,61,18.47,70.31,6.68,61.59,Alluvial,Vegetable,94,Medium,5.3,Cauliflower
91,65,57,18.97,67.56,6.84,71.59,Alluvial,Vegetable,96,Medium,6.5,Cauliflower
100,61,61,18.2,68.52,6.65,65.8,Loamy,Vegetable,91,Medium,6.6,Cauliflower
90,65,62,14.04,68.54,6.11,74.16,Loamy,Vegetable,87,Medium,5.9,Cauliflower
87,67,59,18.02,72.32,7.05,77.78,Loamy,Vegetable,100,Medium,7.0,Cauliflower
80,61,69,16.09,67.68,6.36,77.73,Loamy,Vegetable,94,Medium,6.3,Cauliflower
79,59,62,18.49,65.43,6.65,65.61,Alluvial,Vegetable,89,Medium,5.7,Cauliflower
80,58,65,18.54,71.23,6.37,80.58,Loamy,Vegetable,92,Medium,6.8,Cauliflower
88,61,63,18.79,69.97,6.84,61.81,Alluvial,Vegetable,86,Medium,5.9,Cauliflower
98,59,65,15.89,70.26,6.29,61.24,Alluvial,Vegetable,93,Medium,6.8,Cauliflower
94,62,57,17.99,69.21,6.14,70.16,Loamy,Vegetable,93,Medium,6.8,Cauliflower
90,57,69,13.56,69.74,6.07,60.88,Alluvial,Vegetable,97,Medium,5.7,Cauliflower
78,71,58,21.3,69.31,6.44,75.67,Loamy,Vegetable,101,Medium,5.8,Cauliflower
85,64,66,20.2,72.06,7.14,71.79,Loamy,Vegetable,96,Medium,6.7,Cauliflower
88,64,66,19.58,73.78,6.73,75.02,Alluvial,Vegetable,90,Medium,6.2,Cauliflower
96,67,55,16.86,70.09,6.34,61.77,Alluvial,Vegetable,97,Medium,7.4,Cauliflower
73,59,67,19.56,71.28,7.13,70.29,Alluvial,Vegetable,101,Medium,6.1,Cauliflower
90,53,69,17.76,71.43,6.51,75.86,Loamy,Vegetable,96,Medium,5.9,Cauliflower
82,59,68,21.73,71.21,6.9,53.87,Loamy,Vegetable,104,Medium,6.9,Cauliflower
89,59,59,16.36,77.64,6.3,59.92,Alluvial,Vegetable,91,Medium,5.8,Cauliflower
90,65,61,15.25,71.17,6.58,80.03,Alluvial,Vegetable,92,Medium,6.3,Cauliflower
88,60,63,16.89,62.6,6.43,77.15,Loamy,Vegetable,99,Medium,6.2,Cauliflower
100,59,58,14.7,74.87,6.49,57.86,Alluvial,Vegetable,84,Medium,6.3,Cauliflower
93,56,59,16.9,74.97,6.18,63.58,Alluvial,Vegetable,100,Medium,6.8,Cauliflower
91,56,65,16.92,66.56,6.28,77.84,Alluvial,Vegetable,94,Medium,6.7,Cauliflower
91,62,63,17.04,66.74,6.18,58.78,Alluvial,Vegetable,93,Medium,5.5,Cauliflower
55,39,45,16.87,76.36,6.14,57.8,Alluvial,Vegetable,44,Medium,6.5,Spinach
65,27,45,18.84,54.04,7.58,52.49,Loamy,Vegetable,47,Medium,5.3,Spinach
69,39,46,17.98,60.53,6.71,45.9,Alluvial,Vegetable,46,Medium,5.5,Spinach
68,31,43,19.54,61.48,7.06,54.42,Alluvial,Vegetable,44,Medium,6.7,Spinach
65,39,52,17.4,68.22,6.54,41.74,Loamy,Vegetable,44,Medium,5.2,Spinach
58,37,42,19.78,66.5,7.54,54.19,Clayey,Vegetable,48,Medium,6.2,Spinach
67,39,47,18.53,66.03,7.02,44.63,Alluvial,Vegetable,42,Medium,6.9,Spinach
78,31,42,20.86,67.67,7.07,57.17,Loamy,Vegetable,44,Medium,6.2,Spinach
66,31,46,21.09,63.33,6.86,51.65,Loamy,Vegetable,44,Medium,6.4,Spinach
60,40,47,15.66,73.49,6.87,44.22,Alluvial,Vegetable,48,Medium,6.3,Spinach
52,32,46,12.6,65.43,6.86,40.53,Clayey,Vegetable,45,Medium,6.0,Spinach
56,38,48,17.28,64.01,7.09,48.39,Loamy,Vegetable,39,Medium,6.3,Spinach
59,33,50,17.67,65.01,7.0,54.04,Alluvial,Vegetable,42,Medium,6.0,Spinach
65,36,46,24.47,59.12,7.19,59.47,Loamy,Vegetable,46,Medium,5.6,Spinach
76,26,42,20.93,63.15,7.44,37.91,Clayey,Vegetable,41,Medium,5.7,Spinach
67,34,43,21.55,72.57,6.63,36.32,Alluvial,Vegetable,38,Medium,6.1,Spinach
69,35,44,15.99,68.27,7.47,32.26,Alluvial,Vegetable,44,Medium,5.4,Spinach
54,30,46,19.01,72.3,6.8,35.93,Clayey,Vegetable,44,Medium,5.2,Spinach
56,37,45,19.47,63.21,7.12,46.69,Clayey,Vegetable,48,Medium,6.2,Spinach
63,35,44,21.99,66.23,6.8,48.09,Loamy,Vegetable,47,Medium,6.4,Spinach
63,30,41,17.54,71.74,6.7,45.25,Alluvial,Vegetable,39,Medium,6.9,Spinach
68,38,48,17.59,65.42,7.4,51.44,Loamy,Vegetable,46,Medium,6.5,Spinach
69,34,44,19.94,68.88,7.27,54.41,Alluvial,Vegetable,46,Medium,5.7,Spinach
60,38,42,17.95,71.9,7.29,52.41,Loamy,Vegetable,44,Medium,5.9,Spinach
71,34,42,21.04,65.91,6.57,53.83,Alluvial,Vegetable,47,Medium,5.4,Spinach
63,34,46,19.58,62.24,6.2,58.25,Clayey,Vegetable,41,Medium,6.2,Spinach
64,35,51,25.6,56.83,7.19,48.75,Loamy,Vegetable,48,Medium,6.6,Spinach
74,36,41,20.32,65.59,6.71,46.19,Alluvial,Vegetable,48,Medium,7.0,Spinach
56,37,43,14.33,65.74,6.47,37.38,Alluvial,Vegetable,42,Medium,5.4,Spinach
60,29,43,16.22,66.88,7.04,52.08,Loamy,Vegetable,44,Medium,5.8,Spinach
59,31,47,13.6,64.6,6.67,54.79,Clayey,Vegetable,40,Medium,6.0,Spinach
67,27,40,17.77,67.57,6.87,54.48,Clayey,Vegetable,41,Medium,5.0,Spinach
65,30,41,20.33,65.95,6.57,44.42,Loamy,Vegetable,46,Medium,6.1,Spinach
56,27,52,14.94,67.64,7.4,51.18,Loamy,Vegetable,43,Medium,5.1,Spinach
54,36,50,17.01,62.22,7.08,44.51,Alluvial,Vegetable,45,Medium,6.0,Spinach
62,34,52,19.51,70.46,6.43,58.77,Alluvial,Vegetable,46,Medium,5.1,Spinach
68,32,38,18.32,67.7,6.86,49.13,Clayey,Vegetable,44,Medium,7.5,Spinach
56,38,45,15.86,64.76,6.24,45.24,Clayey,Vegetable,44,Medium,5.1,Spinach
68,31,39,15.3,75.88,6.01,53.49,Clayey,Vegetable,42,Medium,5.8,Spinach
69,37,42,14.61,68.11,7.02,47.72,Loamy,Vegetable,46,Medium,5.7,Spinach
59,35,47,18.77,67.55,6.5,62.66,Loamy,Vegetable,43,Medium,5.9,Spinach
55,34,47,19.91,72.81,7.01,52.22,Loamy,Vegetable,43,Medium,5.6,Spinach
71,38,40,19.81,68.25,6.35,54.32,Clayey,Vegetable,41,Medium,4.5,Spinach
63,36,44,25.17,66.89,6.86,53.44,Clayey,Vegetable,43,Medium,6.6,Spinach
67,36,42,14.09,62.49,6.91,46.44,Clayey,Vegetable,45,Medium,5.9,Spinach
68,31,45,16.4,57.31,6.73,62.29,Clayey,Vegetable,40,Medium,6.1,Spinach
70,44,43,16.42,59.17,7.26,43.06,Loamy,Vegetable,43,Medium,4.9,Spinach
71,39,48,13.99,68.04,6.13,50.46,Alluvial,Vegetable,45,Medium,6.2,Spinach
68,34,37,19.34,65.49,6.44,37.44,Loamy,Vegetable,49,Medium,6.7,Spinach
69,32,34,19.91,66.83,6.65,59.0,Alluvial,Vegetable,47,Medium,6.1,Spinach
65,35,47,15.86,67.13,6.43,60.69,Alluvial,Vegetable,46,Medium,5.6,Spinach
65,31,51,22.06,68.48,7.42,51.21,Loamy,Vegetable,47,Medium,6.7,Spinach
64,35,48,19.62,61.22,5.93,48.6,Loamy,Vegetable,38,Medium,5.4,Spinach
58,32,48,20.59,67.54,7.05,55.25,Loamy,Vegetable,37,Medium,6.0,Spinach
52,37,36,17.55,67.74,6.35,57.69,Clayey,Vegetable,46,Medium,6.2,Spinach
69,33,45,18.03,64.94,6.53,40.06,Loamy,Vegetable,43,Medium,5.8,Spinach
59,38,40,17.57,70.83,7.16,59.73,Clayey,Vegetable,43,Medium,6.5,Spinach
57,33,44,16.56,63.19,6.6,42.14,Alluvial,Vegetable,47,Medium,5.9,Spinach
66,35,45,18.23,63.47,7.37,56.09,Loamy,Vegetable,45,Medium,5.7,Spinach
64,36,50,14.57,68.3,7.25,38.11,Clayey,Vegetable,44,Medium,5.4,Spinach
68,33,44,16.97,68.6,6.89,51.85,Clayey,Vegetable,45,Medium,6.3,Spinach
63,41,40,13.69,55.96,5.97,55.39,Clayey,Vegetable,46,Medium,6.7,Spinach
57,37,45,18.42,68.13,6.5,70.7,Loamy,Vegetable,48,Medium,5.7,Spinach
57,34,45,20.66,59.16,6.91,37.77,Alluvial,Vegetable,46,Medium,5.9,Spinach
78,28,50,13.74,58.36,6.13,52.0,Loamy,Vegetable,41,Medium,5.2,Spinach
66,36,45,17.59,74.14,6.86,56.45,Clayey,Vegetable,45,Medium,5.3,Spinach
68,32,44,18.76,55.29,6.16,57.28,Alluvial,Vegetable,43,Medium,5.6,Spinach
66,33,46,17.87,65.99,6.52,51.55,Alluvial,Vegetable,48,Medium,5.7,Spinach
71,34,47,18.32,64.83,6.94,59.71,Alluvial,Vegetable,45,Medium,6.3,Spinach
62,41,47,18.19,64.39,7.19,45.15,Alluvial,Vegetable,39,Medium,6.0,Spinach
89,57,49,25.11,70.6,6.39,91.2,Alluvial,Vegetable,129,Medium,8.1,Brinjal
85,54,48,29.81,70.42,6.6,75.87,Alluvial,Vegetable,129,Medium,7.6,Brinjal
73,48,49,25.14,59.19,6.45,80.47,Black,Vegetable,129,Medium,8.1,Brinjal
96,53,43,24.14,70.98,6.69,96.85,Black,Vegetable,129,Medium,7.3,Brinjal
94,50,44,28.69,60.52,5.1,94.23,Black,Vegetable,135,Medium,7.7,Brinjal
69,49,48,23.66,75.06,6.08,88.79,Black,Vegetable,137,Medium,7.7,Brinjal
89,52,52,25.92,71.07,6.35,69.38,Alluvial,Vegetable,136,Medium,8.2,Brinjal
82,47,42,25.21,61.26,5.9,84.75,Black,Vegetable,125,Medium,7.7,Brinjal
78,46,41,22.87,63.92,6.01,81.05,Black,Vegetable,122,Medium,7.4,Brinjal
81,45,52,21.6,62.44,6.45,93.24,Loamy,Vegetable,135,Medium,8.5,Brinjal
76,49,44,21.87,69.14,6.19,99.79,Alluvial,Vegetable,120,Medium,7.8,Brinjal
71,45,52,23.31,65.42,6.18,106.42,Black,Vegetable,125,Medium,7.5,Brinjal
78,51,46,24.5,69.97,6.15,98.07,Black,Vegetable,137,Medium,7.9,Brinjal
80,35,52,24.02,66.77,5.74,90.92,Loamy,Vegetable,120,Medium,7.6,Brinjal
87,47,56,23.13,71.0,5.98,97.37,Black,Vegetable,135,Medium,7.8,Brinjal
76,42,48,27.78,68.65,5.88,71.5,Black,Vegetable,138,Medium,7.8,Brinjal
70,41,46,20.37,67.22,7.48,65.84,Black,Vegetable,128,Medium,8.3,Brinjal
85,49,49,22.11,66.66,6.6,98.26,Loamy,Vegetable,125,Medium,7.4,Brinjal
72,51,53,26.57,62.15,6.56,76.87,Alluvial,Vegetable,136,Medium,7.4,Brinjal
67,48,52,25.61,65.44,6.27,73.15,Loamy,Vegetable,127,Medium,7.0,Brinjal
87,45,50,25.14,72.73,6.94,93.35,Alluvial,Vegetable,132,Medium,6.9,Brinjal
71,45,53,25.18,72.34,6.9,76.29,Loamy,Vegetable,130,Medium,7.5,Brinjal
77,47,55,25.13,68.07,6.18,93.1,Loamy,Vegetable,123,Medium,7.8,Brinjal
83,47,51,25.46,67.8,6.51,85.74,Black,Vegetable,130,Medium,7.5,Brinjal
71,49,51,25.24,72.77,6.75,74.56,Alluvial,Vegetable,128,Medium,7.3,Brinjal
79,49,53,25.44,74.15,6.6,75.03,Alluvial,Vegetable,126,Medium,7.9,Brinjal
67,43,50,27.38,74.54,6.41,97.73,Alluvial,Vegetable,130,Medium,6.6,Brinjal
79,46,54,24.94,61.61,5.9,84.75,Alluvial,Vegetable,114,Medium,7.2,Brinjal
81,44,54,27.98,62.92,6.38,96.94,Black,Vegetable,129,Medium,6.7,Brinjal
78,45,55,26.51,66.43,6.56,69.3,Black,Vegetable,125,Medium,8.4,Brinjal
80,54,51,28.29,58.01,6.42,104.74,Loamy,Vegetable,136,Medium,8.3,Brinjal
79,47,44,22.26,72.04,6.71,84.2,Loamy,Vegetable,133,Medium,7.6,Brinjal
87,54,44,25.68,59.66,6.55,92.25,Black,Vegetable,121,Medium,7.3,Brinjal
80,51,48,22.07,67.73,5.84,82.21,Loamy,Vegetable,127,Medium,7.4,Brinjal
75,42,48,27.33,74.31,7.48,105.3,Black,Vegetable,122,Medium,7.3,Brinjal
79,49,50,31.02,62.59,6.21,104.73,Alluvial,Vegetable,125,Medium,7.7,Brinjal
88,52,50,27.35,63.53,6.3,91.43,Loamy,Vegetable,116,Medium,8.3,Brinjal
82,50,41,21.78,66.01,6.82,60.08,Black,Vegetable,135,Medium,7.3,Brinjal
78,51,51,23.22,71.12,5.57,79.59,Alluvial,Vegetable,130,Medium,7.3,Brinjal
65,53,43,24.83,68.77,6.51,99.03,Alluvial,Vegetable,129,Medium,7.8,Brinjal
79,53,56,25.34,71.91,7.08,101.29,Alluvial,Vegetable,127,Medium,8.1,Brinjal
81,55,52,25.69,70.17,6.6,88.53,Black,Vegetable,128,Medium,7.3,Brinjal
94,52,47,24.31,73.28,6.21,67.22,Black,Vegetable,120,Medium,6.5,Brinjal
69,44,56,24.88,66.18,5.92,83.28,Black,Vegetable,118,Medium,7.3,Brinjal
96,53,48,26.75,65.39,6.18,105.45,Alluvial,Vegetable,122,Medium,7.3,Brinjal
82,45,53,24.23,71.32,6.73,82.08,Alluvial,Vegetable,141,Medium,7.1,Brinjal
90,55,58,25.44,64.06,7.33,80.98,Alluvial,Vegetable,124,Medium,7.4,Brinjal
72,52,46,24.28,72.84,6.75,85.19,Black,Vegetable,131,Medium,7.5,Brinjal
76,49,52,24.68,70.1,6.17,77.75,Black,Vegetable,125,Medium,7.2,Brinjal
90,53,44,26.09,66.05,6.23,67.17,Loamy,Vegetable,136,Medium,6.7,Brinjal
79,45,53,24.16,67.33,6.46,88.63,Alluvial,Vegetable,130,Medium,7.5,Brinjal
75,42,44,26.8,66.47,6.23,68.13,Black,Vegetable,118,Medium,7.1,Brinjal
87,47,52,23.49,71.19,6.36,70.22,Loamy,Vegetable,128,Medium,8.6,Brinjal
94,52,49,25.76,69.58,6.48,90.29,Loamy,Vegetable,131,Medium,7.3,Brinjal
70,47,53,24.92,69.5,6.39,72.28,Alluvial,Vegetable,128,Medium,6.9,Brinjal
71,56,47,23.15,76.09,6.83,80.54,Alluvial,Vegetable,132,Medium,7.4,Brinjal
74,52,48,25.19,73.11,6.86,78.4,Black,Vegetable,133,Medium,6.8,Brinjal
83,50,51,24.26,78.42,6.14,96.66,Loamy,Vegetable,123,Medium,7.8,Brinjal
84,50,47,25.35,69.34,7.22,74.53,Alluvial,Vegetable,126,Medium,7.7,Brinjal
77,49,55,17.95,65.01,5.8,70.65,Alluvial,Vegetable,145,Medium,7.9,Brinjal
87,49,53,20.58,73.19,6.17,78.62,Loamy,Vegetable,133,Medium,7.7,Brinjal
80,43,50,27.4,65.34,7.03,74.53,Alluvial,Vegetable,130,Medium,8.4,Brinjal
74,55,59,25.43,65.36,6.19,100.66,Loamy,Vegetable,138,Medium,8.4,Brinjal
79,55,49,22.79,73.62,7.15,72.75,Loamy,Vegetable,123,Medium,7.5,Brinjal
87,44,51,23.52,71.5,6.18,94.26,Alluvial,Vegetable,128,Medium,6.9,Brinjal
80,40,47,25.84,59.14,5.47,56.93,Loamy,Vegetable,138,Medium,7.5,Brinjal
75,54,47,25.67,68.13,6.31,88.53,Loamy,Vegetable,135,Medium,7.4,Brinjal
76,48,38,25.71,61.95,6.75,83.91,Black,Vegetable,130,Medium,7.9,Brinjal
72,51,51,24.54,63.36,6.74,93.44,Loamy,Vegetable,130,Medium,6.9,Brinjal
75,49,53,21.04,65.18,6.34,84.0,Alluvial,Vegetable,121,Medium,7.4,Brinjal
72,39,49,24.98,66.48,6.35,76.08,Black,Vegetable,134,Medium,7.6,Chilli
77,46,48,25.75,56.73,7.26,83.25,Black,Vegetable,144,Medium,7.0,Chilli
70,43,42,28.99,71.27,7.52,62.45,Red,Vegetable,140,Medium,8.8,Chilli
72,42,42,29.67,63.9,6.41,78.41,Black,Vegetable,141,Medium,8.1,Chilli
73,53,49,31.03,66.82,6.84,73.64,Black,Vegetable,146,Medium,8.1,Chilli
67,40,51,23.96,63.69,7.12,78.65,Black,Vegetable,134,Medium,8.8,Chilli
79,50,40,27.43,68.21,7.38,57.43,Red,Vegetable,148,Medium,9.0,Chilli
58,47,52,25.58,61.55,6.97,67.62,Loamy,Vegetable,138,Medium,8.5,Chilli
89,47,50,25.05,58.95,7.14,73.16,Loamy,Vegetable,148,Medium,7.8,Chilli
69,47,49,23.12,73.09,6.45,86.13,Black,Vegetable,145,Medium,7.2,Chilli
66,43,46,31.33,63.0,7.06,81.16,Red,Vegetable,141,Medium,8.0,Chilli
84,40,56,22.9,67.91,6.14,71.21,Red,Vegetable,140,Medium,7.7,Chilli
73,38,46,27.9,64.15,6.42,90.89,Red,Vegetable,131,Medium,7.8,Chilli
70,48,50,26.2,54.78,7.05,72.39,Red,Vegetable,140,Medium,7.6,Chilli
67,52,42,23.55,71.4,6.96,71.09,Loamy,Vegetable,148,Medium,8.3,Chilli
76,46,51,27.92,74.98,6.62,73.03,Red,Vegetable,131,Medium,8.0,Chilli
89,49,47,26.58,57.52,6.31,76.79,Loamy,Vegetable,136,Medium,7.4,Chilli
78,44,43,20.69,61.15,6.06,52.57,Black,Vegetable,147,Medium,7.9,Chilli
72,44,45,27.65,63.35,6.4,67.71,Black,Vegetable,131,Medium,7.8,Chilli
73,42,50,26.28,65.15,7.08,82.12,Red,Vegetable,146,Medium,7.5,Chilli
70,48,52,24.6,67.06,6.32,80.77,Red,Vegetable,139,Medium,7.2,Chilli
71,55,50,32.94,56.78,7.0,44.59,Loamy,Vegetable,139,Medium,8.4,Chilli
81,41,54,25.01,63.18,6.53,61.36,Black,Vegetable,150,Medium,8.0,Chilli
83,50,46,29.91,66.52,6.28,80.39,Black,Vegetable,132,Medium,9.0,Chilli
81,44,55,22.07,60.25,6.6,101.83,Red,Vegetable,132,Medium,7.0,Chilli
63,49,47,26.05,67.81,6.64,77.45,Red,Vegetable,143,Medium,7.7,Chilli
73,46,53,24.28,48.9,6.97,86.13,Loamy,Vegetable,141,Medium,8.2,Chilli
70,47,53,26.66,76.46,6.07,76.96,Red,Vegetable,131,Medium,8.5,Chilli
62,38,47,27.24,61.02,6.47,72.83,Loamy,Vegetable,138,Medium,8.9,Chilli
80,43,58,27.88,59.16,6.8,81.43,Black,Vegetable,135,Medium,7.4,Chilli
75,43,55,28.58,60.8,6.87,90.21,Red,Vegetable,130,Medium,7.4,Chilli
74,45,49,25.63,62.37,6.85,88.61,Red,Vegetable,136,Medium,9.5,Chilli
90,51,52,32.12,62.55,6.37,68.69,Red,Vegetable,132,Medium,8.1,Chilli
77,46,49,26.87,72.68,6.95,86.07,Loamy,Vegetable,141,Medium,7.0,Chilli
60,55,47,24.77,65.23,6.92,83.12,Black,Vegetable,152,Medium,8.9,Chilli
68,49,48,26.11,58.53,6.02,74.62,Black,Vegetable,133,Medium,8.6,Chilli
72,46,55,22.34,60.38,6.77,78.75,Black,Vegetable,147,Medium,8.5,Chilli
75,46,51,22.38,63.22,6.8,80.5,Red,Vegetable,133,Medium,7.2,Chilli
73,54,46,29.79,71.92,6.72,66.84,Black,Vegetable,143,Medium,8.1,Chilli
68,41,51,29.11,62.39,6.67,83.02,Black,Vegetable,138,Medium,7.8,Chilli
68,41,60,25.95,70.83,7.37,72.8,Black,Vegetable,142,Medium,8.1,Chilli
62,37,50,25.31,73.46,6.61,98.41,Red,Vegetable,136,Medium,9.1,Chilli
79,47,47,28.12,72.46,6.64,70.93,Red,Vegetable,138,Medium,9.0,Chilli
81,52,51,26.61,66.12,7.13,72.03,Loamy,Vegetable,149,Medium,8.2,Chilli
55,49,44,28.91,68.51,6.83,81.52,Loamy,Vegetable,147,Medium,7.7,Chilli
81,50,57,23.4,66.04,6.32,62.95,Loamy,Vegetable,142,Medium,8.0,Chilli
84,43,49,27.09,59.69,6.41,88.39,Loamy,Vegetable,136,Medium,8.7,Chilli
79,37,52,27.96,66.11,6.64,63.72,Black,Vegetable,149,Medium,7.9,Chilli
67,47,47,23.84,62.12,6.43,64.05,Loamy,Vegetable,145,Medium,7.9,Chilli
85,40,43,26.92,73.28,6.91,113.58,Loamy,Vegetable,142,Medium,8.1,Chilli
57,47,50,25.36,63.32,6.67,72.84,Loamy,Vegetable,154,Medium,7.8,Chilli
76,42,53,26.99,62.6,5.93,77.92,Red,Vegetable,137,Medium,8.0,Chilli
65,52,53,30.51,69.73,6.94,61.29,Black,Vegetable,152,Medium,7.4,Chilli
72,48,53,28.1,62.0,6.46,105.41,Red,Vegetable,139,Medium,7.9,Chilli
69,46,50,26.45,65.91,7.41,67.86,Black,Vegetable,140,Medium,7.6,Chilli
77,42,47,22.41,64.49,6.87,97.33,Loamy,Vegetable,143,Medium,7.7,Chilli
64,38,44,31.76,65.44,6.47,63.48,Red,Vegetable,134,Medium,7.6,Chilli
85,44,44,32.97,58.3,6.46,90.72,Black,Vegetable,142,Medium,7.7,Chilli
65,40,46,26.52,64.96,6.64,74.53,Red,Vegetable,132,Medium,8.2,Chilli
85,44,49,26.73,69.59,6.34,92.41,Red,Vegetable,142,Medium,8.0,Chilli
84,39,52,27.7,59.32,6.88,78.4,Black,Vegetable,138,Medium,8.5,Chilli
70,46,49,24.78,66.51,6.62,57.32,Black,Vegetable,127,Medium,8.5,Chilli
65,46,50,25.47,73.78,6.77,84.07,Loamy,Vegetable,141,Medium,7.9,Chilli
74,52,54,31.97,65.11,6.35,69.71,Loamy,Vegetable,131,Medium,8.5,Chilli
70,29,59,24.9,61.12,7.37,60.5,Loamy,Vegetable,147,Medium,7.6,Chilli
64,53,53,29.08,65.84,6.94,60.21,Red,Vegetable,140,Medium,7.4,Chilli
63,47,54,25.43,62.94,6.24,75.09,Loamy,Vegetable,145,Medium,8.5,Chilli
79,41,47,28.73,68.06,6.63,69.89,Black,Vegetable,148,Medium,7.8,Chilli
80,44,45,31.01,64.6,6.42,58.31,Red,Vegetable,130,Medium,7.8,Chilli
90,42,55,26.13,58.09,6.51,59.63,Black,Vegetable,134,Medium,7.5,Chilli
56,52,45,26.28,67.11,6.27,47.95,Black,Vegetable,80,Medium,8.1,Okra
65,35,39,32.14,73.51,6.9,66.62,Loamy,Vegetable,75,Medium,8.3,Okra
74,47,38,25.0,63.45,6.86,63.43,Loamy,Vegetable,69,Medium,7.9,Okra
75,48,40,31.62,60.18,7.04,73.4,Alluvial,Vegetable,70,Medium,8.1,Okra
71,48,46,29.96,68.32,6.09,83.24,Alluvial,Vegetable,68,Medium,7.3,Okra
67,45,45,30.64,72.54,6.73,86.21,Black,Vegetable,70,Medium,8.5,Okra
73,44,53,26.63,73.27,6.06,89.76,Alluvial,Vegetable,75,Medium,6.9,Okra
70,48,46,28.95,66.68,6.16,108.42,Black,Vegetable,68,Medium,8.3,Okra
65,33,41,24.38,71.46,6.36,73.83,Loamy,Vegetable,66,Medium,8.1,Okra
64,49,46,26.57,70.25,6.6,80.26,Black,Vegetable,64,Medium,8.0,Okra
72,51,41,33.7,68.78,5.99,69.86,Loamy,Vegetable,74,Medium,8.7,Okra
70,45,40,31.3,61.06,6.94,96.22,Loamy,Vegetable,70,Medium,8.6,Okra
82,46,44,27.83,62.29,6.29,85.31,Loamy,Vegetable,69,Medium,8.2,Okra
59,44,49,25.2,66.08,5.86,64.33,Black,Vegetable,72,Medium,7.8,Okra
82,47,47,25.31,64.07,6.31,67.21,Black,Vegetable,72,Medium,8.5,Okra
72,40,46,23.22,72.62,6.08,66.55,Alluvial,Vegetable,70,Medium,8.1,Okra
69,39,49,23.79,58.58,6.56,64.83,Alluvial,Vegetable,74,Medium,7.3,Okra
80,50,49,32.72,66.41,6.19,78.76,Loamy,Vegetable,68,Medium,7.6,Okra
71,43,41,27.39,68.74,6.98,60.76,Loamy,Vegetable,68,Medium,7.9,Okra
61,44,45,29.3,66.39,6.25,104.14,Black,Vegetable,72,Medium,8.3,Okra
77,46,50,28.14,66.01,6.85,98.92,Alluvial,Vegetable,75,Medium,8.4,Okra
73,48,48,31.25,64.82,7.13,84.12,Black,Vegetable,72,Medium,8.8,Okra
75,49,43,31.75,69.48,6.65,93.21,Black,Vegetable,79,Medium,7.3,Okra
64,58,46,28.48,65.42,7.08,111.33,Black,Vegetable,67,Medium,7.9,Okra
67,48,49,32.05,69.83,7.61,73.1,Loamy,Vegetable,67,Medium,8.9,Okra
70,38,43,28.64,62.77,6.19,77.51,Loamy,Vegetable,66,Medium,8.4,Okra
56,45,47,27.77,71.47,6.05,71.59,Alluvial,Vegetable,68,Medium,8.4,Okra
71,55,41,24.51,74.95,6.03,88.2,Loamy,Vegetable,66,Medium,6.8,Okra
67,49,40,29.44,69.81,6.09,77.27,Loamy,Vegetable,75,Medium,8.4,Okra
68,47,42,30.78,71.57,6.65,82.77,Black,Vegetable,66,Medium,7.2,Okra
67,44,49,30.31,66.92,7.08,68.68,Loamy,Vegetable,73,Medium,7.5,Okra
78,44,37,29.83,70.05,6.42,75.54,Black,Vegetable,69,Medium,6.8,Okra
53,51,41,32.64,72.85,7.23,72.2,Alluvial,Vegetable,64,Medium,7.3,Okra
66,33,43,27.5,59.53,6.18,77.35,Loamy,Vegetable,71,Medium,7.5,Okra
72,45,45,26.37,59.33,7.28,87.56,Alluvial,Vegetable,73,Medium,7.9,Okra
68,47,37,25.21,62.01,6.42,69.44,Loamy,Vegetable,71,Medium,8.0,Okra
79,57,39,28.37,66.73,6.59,66.98,Black,Vegetable,66,Medium,8.1,Okra
63,45,44,28.35,61.23,6.66,69.43,Loamy,Vegetable,70,Medium,8.8,Okra
71,46,48,24.49,74.59,6.18,90.56,Black,Vegetable,72,Medium,7.5,Okra
77,47,52,28.48,65.46,6.39,59.08,Alluvial,Vegetable,68,Medium,7.8,Okra
71,37,44,29.44,69.38,5.86,88.48,Black,Vegetable,69,Medium,7.9,Okra
53,52,45,24.17,67.88,6.74,94.67,Black,Vegetable,68,Medium,8.0,Okra
65,47,41,25.77,65.66,6.11,99.23,Alluvial,Vegetable,76,Medium,7.7,Okra
60,46,43,30.94,62.06,6.82,81.37,Alluvial,Vegetable,67,Medium,8.1,Okra
76,45,45,25.82,71.72,7.02,75.07,Black,Vegetable,69,Medium,8.8,Okra
62,48,42,32.45,66.32,7.1,70.86,Loamy,Vegetable,65,Medium,7.9,Okra
71,42,48,27.48,55.59,6.82,69.41,Black,Vegetable,68,Medium,8.9,Okra
82,42,47,26.62,64.57,6.36,59.31,Black,Vegetable,70,Medium,8.2,Okra
65,50,43,26.41,68.63,5.98,90.88,Loamy,Vegetable,68,Medium,8.6,Okra
79,48,41,24.87,58.83,7.04,78.38,Black,Vegetable,67,Medium,7.9,Okra
77,48,46,29.59,66.9,6.72,82.65,Black,Vegetable,69,Medium,8.5,Okra
72,40,47,28.62,69.06,6.56,89.74,Alluvial,Vegetable,69,Medium,8.4,Okra
66,43,47,27.17,77.03,6.83,80.3,Loamy,Vegetable,72,Medium,7.7,Okra
76,49,50,26.9,59.89,6.36,76.62,Loamy,Vegetable,75,Medium,9.3,Okra
72,45,43,30.06,76.94,7.31,93.66,Alluvial,Vegetable,73,Medium,8.5,Okra
69,41,44,29.06,58.73,6.54,70.09,Loamy,Vegetable,73,Medium,7.7,Okra
72,41,51,23.75,68.38,6.09,73.89,Loamy,Vegetable,70,Medium,8.2,Okra
71,45,42,27.59,66.16,6.68,79.21,Alluvial,Vegetable,72,Medium,8.1,Okra
71,43,40,28.39,72.04,6.78,70.19,Black,Vegetable,72,Medium,7.8,Okra
75,43,46,26.7,63.53,5.97,86.14,Black,Vegetable,71,Medium,8.3,Okra
71,41,48,30.48,62.06,6.81,90.5,Black,Vegetable,68,Medium,7.8,Okra
73,37,40,25.53,57.02,7.03,56.14,Alluvial,Vegetable,71,Medium,8.5,Okra
67,41,45,28.0,71.02,5.55,68.98,Alluvial,Vegetable,71,Medium,8.0,Okra
75,46,44,27.24,77.63,7.21,85.95,Loamy,Vegetable,70,Medium,8.3,Okra
75,47,41,32.46,67.23,7.41,82.25,Black,Vegetable,69,Medium,8.8,Okra
72,45,40,29.65,63.53,6.42,74.11,Alluvial,Vegetable,71,Medium,7.1,Okra
68,49,40,28.43,62.84,6.44,99.86,Alluvial,Vegetable,64,Medium,8.5,Okra
66,42,40,29.88,65.04,6.47,81.32,Alluvial,Vegetable,69,Medium,6.8,Okra
66,49,38,25.28,63.87,6.31,79.67,Loamy,Vegetable,66,Medium,7.8,Okra
69,48,49,27.35,75.44,6.53,89.95,Alluvial,Vegetable,76,Medium,8.1,Okra
104,46,18,23.51,86.95,6.29,83.0,Red,Cash Crop,162,Medium,8.3,Cotton
125,47,19,22.83,81.11,7.75,70.99,Alluvial,Cash Crop,186,Medium,9.2,Cotton
131,47,23,22.18,77.66,7.28,82.96,Alluvial,Cash Crop,168,Medium,7.0,Cotton
113,38,21,23.66,77.8,8.22,90.38,Black,Cash Crop,178,Medium,9.8,Cotton
126,41,17,25.74,72.79,6.86,58.29,Red,Cash Crop,170,Medium,9.0,Cotton
120,51,25,23.74,89.83,7.01,89.49,Red,Cash Crop,164,Medium,9.5,Cotton
128,54,20,21.74,81.61,6.05,76.64,Red,Cash Crop,171,Medium,9.9,Cotton
121,46,19,21.58,80.3,6.95,70.31,Alluvial,Cash Crop,159,Medium,8.2,Cotton
118,43,16,24.52,81.89,6.96,74.37,Black,Cash Crop,175,Medium,8.4,Cotton
106,52,21,23.79,74.5,6.53,100.19,Red,Cash Crop,157,Medium,8.3,Cotton
117,47,15,24.31,74.1,6.95,73.48,Alluvial,Cash Crop,162,Medium,9.0,Cotton
115,48,21,26.29,75.77,7.36,80.16,Black,Cash Crop,166,Medium,7.8,Cotton
124,40,21,27.47,83.43,7.6,72.81,Red,Cash Crop,176,Medium,7.8,Cotton
115,56,18,26.0,83.55,7.44,67.33,Black,Cash Crop,174,Medium,8.4,Cotton
128,36,21,24.41,73.03,6.46,61.7,Black,Cash Crop,163,Medium,8.8,Cotton
119,47,16,26.02,79.93,6.92,89.4,Alluvial,Cash Crop,161,Medium,8.6,Cotton
122,42,21,24.86,79.65,6.83,85.24,Black,Cash Crop,176,Medium,8.5,Cotton
129,49,14,21.47,84.14,6.78,81.64,Alluvial,Cash Crop,179,Medium,8.5,Cotton
118,40,21,25.06,77.98,6.44,106.26,Red,Cash Crop,169,Medium,8.1,Cotton
125,45,16,24.87,77.01,7.69,84.95,Red,Cash Crop,167,Medium,8.6,Cotton
127,47,26,26.04,81.71,6.43,78.53,Black,Cash Crop,174,Medium,8.0,Cotton
130,40,18,22.99,82.6,6.5,62.0,Red,Cash Crop,179,Medium,8.2,Cotton
107,41,25,22.82,79.57,6.68,67.67,Alluvial,Cash Crop,163,Medium,7.7,Cotton
127,46,27,22.72,76.99,7.67,90.58,Alluvial,Cash Crop,173,Medium,7.8,Cotton
135,45,18,26.06,79.92,6.32,80.4,Alluvial,Cash Crop,163,Medium,6.7,Cotton
109,42,16,25.04,77.28,7.14,67.67,Black,Cash Crop,177,Medium,7.7,Cotton
94,53,17,27.16,81.98,7.3,90.45,Black,Cash Crop,170,Medium,8.6,Cotton
130,46,17,25.05,72.6,7.56,93.4,Black,Cash Crop,180,Medium,9.2,Cotton
117,45,16,27.15,78.3,7.07,82.54,Alluvial,Cash Crop,158,Medium,7.5,Cotton
118,43,19,25.92,80.79,7.28,84.45,Alluvial,Cash Crop,167,Medium,7.9,Cotton
120,46,22,23.73,78.96,6.79,70.81,Alluvial,Cash Crop,182,Medium,9.2,Cotton
105,50,14,25.77,77.56,7.08,60.7,Alluvial,Cash Crop,159,Medium,8.8,Cotton
110,40,24,27.98,83.28,6.35,97.64,Black,Cash Crop,156,Medium,8.3,Cotton
118,57,22,23.17,76.69,7.4,74.67,Black,Cash Crop,171,Medium,7.7,Cotton
123,48,16,25.86,81.94,7.27,76.21,Black,Cash Crop,171,Medium,8.5,Cotton
116,47,23,25.93,75.86,7.39,91.91,Black,Cash Crop,168,Medium,8.8,Cotton
122,40,18,25.35,78.26,7.39,93.05,Alluvial,Cash Crop,179,Medium,9.7,Cotton
117,47,20,23.89,81.9,6.04,82.05,Alluvial,Cash Crop,158,Medium,7.9,Cotton
125,44,22,23.6,83.87,6.78,60.45,Red,Cash Crop,171,Medium,7.2,Cotton
103,40,16,23.02,76.35,6.2,95.42,Red,Cash Crop,164,Medium,7.2,Cotton
114,39,17,25.28,78.43,6.32,84.46,Red,Cash Crop,179,Medium,8.8,Cotton
93,39,20,23.56,78.85,6.41,65.94,Alluvial,Cash Crop,187,Medium,8.5,Cotton
124,46,20,23.89,76.08,6.14,83.86,Black,Cash Crop,171,Medium,9.1,Cotton
125,41,23,25.38,82.42,8.02,100.44,Black,Cash Crop,175,Medium,8.8,Cotton
128,42,18,25.21,77.0,7.2,81.57,Black,Cash Crop,162,Medium,8.5,Cotton
131,46,20,24.59,81.61,6.73,83.5,Alluvial,Cash Crop,161,Medium,8.0,Cotton
111,48,20,23.76,82.42,7.09,77.1,Red,Cash Crop,161,Medium,8.0,Cotton
103,46,17,23.11,79.55,7.42,89.29,Black,Cash Crop,169,Medium,9.3,Cotton
97,57,22,24.19,76.88,6.68,86.09,Red,Cash Crop,175,Medium,8.9,Cotton
110,40,20,25.39,80.01,7.64,80.33,Red,Cash Crop,169,Medium,8.9,Cotton
130,37,16,23.44,91.06,6.77,78.78,Alluvial,Cash Crop,175,Medium,9.1,Cotton
119,52,16,22.62,84.07,6.91,67.38,Alluvial,Cash Crop,158,Medium,8.0,Cotton
118,48,19,24.69,78.47,7.51,105.52,Black,Cash Crop,166,Medium,8.8,Cotton
121,46,21,24.86,78.35,7.56,82.02,Alluvial,Cash Crop,166,Medium,10.0,Cotton
116,47,20,23.77,81.57,6.48,85.97,Alluvial,Cash Crop,155,Medium,7.7,Cotton
136,38,14,21.78,86.09,6.0,70.44,Alluvial,Cash Crop,157,Medium,8.3,Cotton
113,43,25,21.84,79.64,7.07,70.2,Black,Cash Crop,174,Medium,8.3,Cotton
121,45,13,26.35,87.25,6.81,71.02,Red,Cash Crop,182,Medium,9.6,Cotton
116,44,19,20.99,78.98,7.76,78.31,Red,Cash Crop,161,Medium,8.8,Cotton
111,45,16,22.13,82.58,6.96,72.24,Black,Cash Crop,171,Medium,8.1,Cotton
110,52,22,23.96,80.51,6.9,84.87,Red,Cash Crop,163,Medium,9.0,Cotton
121,44,18,25.51,79.47,6.55,76.15,Red,Cash Crop,176,Medium,7.5,Cotton
114,52,19,24.49,83.8,7.35,75.6,Black,Cash Crop,168,Medium,9.0,Cotton
127,45,19,24.48,84.78,7.43,86.93,Red,Cash Crop,160,Medium,8.3,Cotton
115,54,19,26.26,78.0,6.65,84.81,Alluvial,Cash Crop,183,Medium,8.4,Cotton
92,36,20,21.35,76.97,6.91,55.51,Black,Cash Crop,166,Medium,7.8,Cotton
103,41,16,24.85,84.19,6.72,74.04,Black,Cash Crop,166,Medium,7.8,Cotton
105,36,16,26.94,77.58,5.43,74.13,Alluvial,Cash Crop,156,Medium,8.5,Cotton
117,46,19,23.33,74.9,6.86,90.19,Alluvial,Cash Crop,185,Medium,8.4,Cotton
116,49,24,23.12,82.42,6.49,83.3,Alluvial,Cash Crop,178,Medium,7.7,Cotton
72,52,41,26.55,83.82,6.56,210.19,Loamy,Cash Crop,130,High,5.2,Jute
75,44,42,24.32,84.95,6.92,159.0,Alluvial,Cash Crop,129,High,6.5,Jute
79,42,40,24.59,79.31,7.52,169.23,Alluvial,Cash Crop,117,High,7.6,Jute
88,35,37,25.65,82.36,6.7,175.29,Alluvial,Cash Crop,123,High,5.6,Jute
98,41,40,24.76,84.04,6.75,177.46,Loamy,Cash Crop,112,High,6.5,Jute
85,50,37,22.63,80.57,5.54,156.62,Loamy,Cash Crop,141,High,7.9,Jute
82,48,34,23.89,78.67,6.41,169.4,Loamy,Cash Crop,138,High,6.7,Jute
74,51,35,23.74,76.68,6.72,169.48,Loamy,Cash Crop,127,High,6.6,Jute
67,50,38,25.93,75.0,6.43,171.46,Loamy,Cash Crop,129,High,7.5,Jute
73,51,41,24.84,75.72,7.0,160.18,Alluvial,Cash Crop,129,High,7.0,Jute
75,44,37,22.57,86.32,6.5,172.95,Loamy,Cash Crop,129,High,7.7,Jute
97,47,39,23.31,73.5,5.99,162.27,Loamy,Cash Crop,116,High,7.6,Jute
82,45,43,23.39,76.31,5.93,187.39,Alluvial,Cash Crop,124,High,7.0,Jute
88,55,39,25.58,75.93,7.37,172.34,Clayey,Cash Crop,130,High,6.8,Jute
89,48,42,25.53,79.01,7.07,180.53,Clayey,Cash Crop,123,High,6.4,Jute
79,52,44,22.33,80.12,6.9,179.73,Loamy,Cash Crop,136,High,7.4,Jute
68,40,40,26.49,80.65,6.07,158.25,Clayey,Cash Crop,134,High,6.8,Jute
79,53,36,24.38,77.65,6.84,187.37,Clayey,Cash Crop,120,High,7.0,Jute
86,35,39,23.18,77.11,5.7,197.28,Alluvial,Cash Crop,127,High,6.5,Jute
81,40,36,27.27,88.14,6.46,192.08,Loamy,Cash Crop,132,High,6.2,Jute
68,56,35,28.42,77.43,7.33,170.11,Alluvial,Cash Crop,135,High,7.8,Jute
91,43,37,24.88,74.15,6.8,161.87,Alluvial,Cash Crop,137,High,6.7,Jute
60,55,40,25.04,84.92,7.05,162.81,Loamy,Cash Crop,127,High,6.3,Jute
63,50,41,26.14,85.77,7.01,188.82,Alluvial,Cash Crop,116,High,6.8,Jute
87,39,40,25.78,81.99,6.85,184.58,Loamy,Cash Crop,131,High,6.1,Jute
83,48,35,27.07,82.4,6.15,161.92,Loamy,Cash Crop,126,High,6.7,Jute
80,41,43,26.57,82.79,6.72,190.0,Clayey,Cash Crop,128,High,6.6,Jute
89,48,37,24.37,76.69,7.51,175.07,Loamy,Cash Crop,131,High,7.4,Jute
65,53,38,27.75,78.59,7.12,135.05,Loamy,Cash Crop,122,High,6.8,Jute
57,50,40,23.51,79.93,7.02,141.35,Loamy,Cash Crop,121,High,6.8,Jute
78,46,42,25.72,83.13,6.14,177.32,Loamy,Cash Crop,128,High,7.9,Jute
79,42,42,25.84,76.3,6.56,169.7,Loamy,Cash Crop,137,High,7.1,Jute
85,44,41,26.96,78.38,6.75,153.19,Clayey,Cash Crop,125,High,6.8,Jute
67,54,37,26.18,80.84,6.71,198.78,Clayey,Cash Crop,115,High,6.9,Jute
67,35,36,25.03,76.74,7.06,171.58,Alluvial,Cash Crop,127,High,6.8,Jute
77,44,37,26.48,77.19,6.55,181.87,Loamy,Cash Crop,132,High,6.5,Jute
85,50,40,24.35,78.17,6.62,155.29,Loamy,Cash Crop,129,High,7.5,Jute
86,44,43,27.86,78.58,6.98,138.8,Clayey,Cash Crop,121,High,7.1,Jute
67,59,41,26.45,79.87,6.3,166.7,Clayey,Cash Crop,131,High,6.6,Jute
84,51,40,22.26,87.72,6.61,218.35,Alluvial,Cash Crop,134,High,6.9,Jute
82,34,43,28.85,70.6,6.59,173.31,Loamy,Cash Crop,135,High,8.3,Jute
81,59,40,25.68,81.48,7.19,168.24,Loamy,Cash Crop,135,High,6.3,Jute
75,43,40,24.53,85.09,6.35,147.3,Alluvial,Cash Crop,121,High,7.6,Jute
68,49,39,26.24,78.96,7.81,205.37,Loamy,Cash Crop,127,High,6.7,Jute
109,40,39,25.03,79.99,6.0,182.95,Loamy,Cash Crop,123,High,7.9,Jute
63,47,33,21.77,76.22,6.42,198.45,Loamy,Cash Crop,129,High,7.8,Jute
74,50,37,23.81,71.81,6.83,179.19,Clayey,Cash Crop,135,High,7.1,Jute
98,48,42,24.51,75.91,6.99,173.57,Clayey,Cash Crop,135,High,7.2,Jute
70,53,37,25.94,85.77,6.55,193.5,Clayey,Cash Crop,132,High,7.5,Jute
69,48,35,27.57,70.94,6.56,160.09,Loamy,Cash Crop,134,High,8.2,Jute
84,64,35,23.05,75.98,6.75,158.57,Clayey,Cash Crop,125,High,7.4,Jute
65,40,38,24.54,84.55,6.34,163.48,Alluvial,Cash Crop,133,High,7.5,Jute
92,49,40,25.86,78.8,6.59,146.61,Loamy,Cash Crop,135,High,7.1,Jute
85,30,39,23.72,86.76,6.95,178.75,Loamy,Cash Crop,127,High,7.2,Jute
68,46,38,28.4,86.61,7.13,151.16,Loamy,Cash Crop,135,High,7.1,Jute
90,48,39,25.35,71.87,6.39,180.97,Loamy,Cash Crop,137,High,6.7,Jute
77,37,44,26.67,82.93,6.86,199.84,Loamy,Cash Crop,124,High,6.5,Jute
88,52,36,24.2,87.6,6.86,187.59,Alluvial,Cash Crop,122,High,7.4,Jute
63,35,42,27.15,78.86,6.48,202.37,Clayey,Cash Crop,128,High,7.0,Jute
94,44,38,26.22,76.8,6.64,153.89,Alluvial,Cash Crop,131,High,7.0,Jute
87,52,41,25.59,79.67,6.94,157.2,Clayey,Cash Crop,114,High,7.7,Jute
84,46,43,23.9,76.83,6.36,184.08,Clayey,Cash Crop,119,High,6.5,Jute
80,39,38,21.68,82.73,6.42,157.41,Alluvial,Cash Crop,121,High,6.7,Jute
62,58,32,24.32,80.48,6.39,178.39,Clayey,Cash Crop,124,High,7.9,Jute
66,32,36,25.58,79.47,7.0,183.03,Clayey,Cash Crop,125,High,6.7,Jute
74,58,42,27.84,83.78,6.67,158.69,Alluvial,Cash Crop,131,High,7.0,Jute
77,45,33,26.89,79.77,6.13,182.71,Clayey,Cash Crop,124,High,7.3,Jute
86,53,39,24.38,77.19,6.41,174.72,Loamy,Cash Crop,128,High,6.5,Jute
66,46,38,23.29,83.74,7.41,190.4,Clayey,Cash Crop,125,High,7.0,Jute
93,39,42,22.83,87.58,6.53,210.66,Alluvial,Cash Crop,141,High,6.9,Jute
121,61,68,25.8,66.71,6.54,162.24,Loamy,Cash Crop,375,Very High,8.6,Sugarcane
138,62,64,27.62,78.96,6.51,192.97,Loamy,Cash Crop,362,Very High,9.0,Sugarcane
140,63,59,27.52,74.22,6.72,150.91,Alluvial,Cash Crop,345,Very High,8.0,Sugarcane
143,56,67,32.34,73.52,6.74,187.12,Black,Cash Crop,340,Very High,8.3,Sugarcane
122,59,72,32.83,68.41,7.23,211.72,Loamy,Cash Crop,353,Very High,8.4,Sugarcane
149,55,71,28.21,77.67,7.18,194.16,Alluvial,Cash Crop,374,Very High,7.5,Sugarcane
131,57,62,25.47,76.35,7.02,158.29,Loamy,Cash Crop,347,Very High,8.4,Sugarcane
136,65,78,28.61,72.93,6.86,231.5,Black,Cash Crop,415,Very High,8.3,Sugarcane
136,64,70,30.49,80.04,6.98,182.05,Alluvial,Cash Crop,337,Very High,8.4,Sugarcane
132,55,63,28.98,66.99,6.95,211.09,Loamy,Cash Crop,375,Very High,7.8,Sugarcane
115,63,77,25.28,77.53,7.59,198.47,Black,Cash Crop,357,Very High,8.6,Sugarcane
121,52,74,25.78,73.42,6.49,178.18,Loamy,Cash Crop,390,Very High,9.0,Sugarcane
151,66,72,22.7,74.06,7.88,179.11,Alluvial,Cash Crop,392,Very High,8.0,Sugarcane
97,63,77,26.85,81.17,5.97,155.36,Black,Cash Crop,368,Very High,8.3,Sugarcane
146,63,62,27.64,78.0,5.86,188.91,Alluvial,Cash Crop,358,Very High,7.6,Sugarcane
135,53,72,28.68,80.42,6.24,152.37,Loamy,Cash Crop,370,Very High,7.8,Sugarcane
164,62,70,26.48,68.91,7.08,188.02,Loamy,Cash Crop,363,Very High,8.1,Sugarcane
132,49,75,24.46,74.31,7.44,234.49,Black,Cash Crop,333,Very High,8.0,Sugarcane
133,50,74,27.35,75.97,6.34,200.32,Loamy,Cash Crop,380,Very High,8.1,Sugarcane
123,57,71,27.15,79.52,6.56,159.54,Alluvial,Cash Crop,371,Very High,7.7,Sugarcane
139,60,73,23.96,75.72,6.45,159.49,Loamy,Cash Crop,349,Very High,7.7,Sugarcane
144,56,62,27.39,75.15,6.55,185.97,Alluvial,Cash Crop,382,Very High,8.4,Sugarcane
137,52,87,30.15,77.59,6.22,213.69,Loamy,Cash Crop,355,Very High,7.9,Sugarcane
109,52,72,30.02,78.42,7.13,188.38,Alluvial,Cash Crop,357,Very High,8.2,Sugarcane
139,60,77,26.35,70.1,6.79,192.65,Alluvial,Cash Crop,363,Very High,8.8,Sugarcane
139,51,79,18.78,85.76,6.66,185.26,Alluvial,Cash Crop,363,Very High,8.2,Sugarcane
129,59,77,28.7,70.21,7.17,203.1,Loamy,Cash Crop,355,Very High,8.5,Sugarcane
128,58,68,19.72,72.37,7.16,189.44,Alluvial,Cash Crop,341,Very High,8.6,Sugarcane
126,52,83,23.84,79.4,6.42,193.4,Black,Cash Crop,348,Very High,7.3,Sugarcane
136,62,76,26.9,86.1,6.93,204.17,Loamy,Cash Crop,340,Very High,7.6,Sugarcane
136,59,71,24.55,75.61,6.86,160.49,Alluvial,Cash Crop,376,Very High,7.0,Sugarcane
132,70,74,29.02,70.51,7.68,224.42,Alluvial,Cash Crop,349,Very High,7.7,Sugarcane
145,70,62,23.99,74.28,5.71,190.48,Alluvial,Cash Crop,386,Very High,7.1,Sugarcane
131,56,79,25.29,82.59,6.5,209.28,Alluvial,Cash Crop,369,Very High,7.9,Sugarcane
120,61,67,24.93,82.36,7.07,206.09,Black,Cash Crop,357,Very High,7.9,Sugarcane
127,62,73,26.91,71.04,7.18,190.84,Black,Cash Crop,338,Very High,6.7,Sugarcane
133,55,72,24.67,75.67,6.61,233.8,Black,Cash Crop,382,Very High,8.8,Sugarcane
130,64,70,31.41,74.64,6.1,140.03,Alluvial,Cash Crop,395,Very High,8.3,Sugarcane
136,68,60,25.92,73.82,7.17,172.68,Alluvial,Cash Crop,343,Very High,7.3,Sugarcane
143,55,66,28.9,71.51,5.95,150.46,Loamy,Cash Crop,363,Very High,8.3,Sugarcane
127,62,60,22.36,86.27,7.42,209.22,Black,Cash Crop,352,Very High,7.9,Sugarcane
129,67,72,28.58,74.16,7.2,197.56,Alluvial,Cash Crop,365,Very High,7.6,Sugarcane
128,53,69,27.27,62.98,6.68,160.6,Alluvial,Cash Crop,374,Very High,8.4,Sugarcane
124,63,73,26.31,82.67,6.44,226.78,Black,Cash Crop,360,Very High,7.5,Sugarcane
125,53,74,22.19,81.95,6.33,210.92,Alluvial,Cash Crop,365,Very High,8.2,Sugarcane
122,62,70,22.63,70.19,6.53,171.13,Alluvial,Cash Crop,387,Very High,8.0,Sugarcane
120,57,66,26.14,69.62,6.39,209.17,Alluvial,Cash Crop,368,Very High,7.9,Sugarcane
130,59,68,28.55,77.22,6.01,186.71,Alluvial,Cash Crop,337,Very High,8.4,Sugarcane
139,56,69,20.67,79.86,7.15,218.75,Loamy,Cash Crop,392,Very High,7.3,Sugarcane
140,68,61,26.49,73.18,7.23,130.15,Loamy,Cash Crop,398,Very High,7.9,Sugarcane
140,59,72,20.04,73.08,7.22,197.22,Loamy,Cash Crop,335,Very High,8.0,Sugarcane
120,54,60,28.86,80.57,7.86,153.15,Black,Cash Crop,379,Very High,8.5,Sugarcane
123,54,63,25.42,76.01,7.48,217.63,Black,Cash Crop,335,Very High,7.5,Sugarcane
145,55,69,21.88,80.77,5.84,148.93,Black,Cash Crop,384,Very High,9.2,Sugarcane
126,59,75,27.87,73.13,6.56,150.83,Loamy,Cash Crop,369,Very High,7.9,Sugarcane
124,53,64,28.86,79.41,6.64,179.19,Black,Cash Crop,349,Very High,8.6,Sugarcane
130,62,72,26.08,69.17,6.3,218.2,Alluvial,Cash Crop,351,Very High,7.8,Sugarcane
116,52,65,32.07,78.29,6.54,217.07,Alluvial,Cash Crop,362,Very High,8.8,Sugarcane
156,66,70,29.1,75.08,5.88,173.63,Alluvial,Cash Crop,347,Very High,7.6,Sugarcane
151,66,72,29.44,65.54,7.16,213.49,Alluvial,Cash Crop,324,Very High,8.5,Sugarcane
112,48,77,23.98,71.42,7.29,182.37,Alluvial,Cash Crop,361,Very High,7.9,Sugarcane
134,58,70,25.49,76.76,6.96,237.45,Alluvial,Cash Crop,358,Very High,7.9,Sugarcane
132,65,63,27.31,62.46,6.66,216.82,Alluvial,Cash Crop,351,Very High,8.1,Sugarcane
123,54,75,23.86,76.46,6.95,168.71,Black,Cash Crop,367,Very High,7.4,Sugarcane
136,52,67,26.24,80.56,6.87,213.88,Loamy,Cash Crop,375,Very High,8.3,Sugarcane
126,66,67,21.81,73.93,7.03,149.83,Loamy,Cash Crop,348,Very High,7.3,Sugarcane
139,70,68,28.59,77.53,7.58,173.69,Loamy,Cash Crop,360,Very High,7.8,Sugarcane
130,75,70,24.44,69.23,7.43,168.52,Loamy,Cash Crop,377,Very High,7.6,Sugarcane
114,63,66,28.28,77.5,7.07,183.3,Alluvial,Cash Crop,377,Very High,7.4,Sugarcane
100,64,70,25.17,67.64,5.78,191.29,Alluvial,Cash Crop,395,Very High,7.9,Sugarcane
57,39,93,26.88,55.33,6.01,68.32,Black,Cash Crop,113,Low,8.0,Tobacco
54,32,80,24.79,59.99,5.69,58.75,Black,Cash Crop,126,Low,7.8,Tobacco
53,30,74,25.39,56.84,5.72,59.11,Sandy,Cash Crop,119,Low,8.0,Tobacco
59,40,78,23.75,64.47,6.3,85.45,Loamy,Cash Crop,123,Low,7.2,Tobacco
53,44,75,27.02,56.2,6.14,54.4,Sandy,Cash Crop,124,Low,6.8,Tobacco
61,39,80,24.01,57.9,6.06,54.98,Loamy,Cash Crop,113,Low,7.3,Tobacco
57,34,85,24.16,58.87,5.47,85.72,Sandy,Cash Crop,134,Low,7.0,Tobacco
68,39,89,25.84,60.5,5.0,56.21,Loamy,Cash Crop,120,Low,7.6,Tobacco
51,36,83,21.54,60.67,6.5,68.85,Loamy,Cash Crop,122,Low,6.3,Tobacco
54,50,76,28.16,56.95,5.89,70.16,Sandy,Cash Crop,120,Low,7.7,Tobacco
54,34,74,23.67,58.85,6.41,65.87,Sandy,Cash Crop,122,Low,7.6,Tobacco
52,40,80,26.9,54.66,5.18,66.76,Black,Cash Crop,122,Low,7.4,Tobacco
60,44,77,24.3,60.4,5.51,63.48,Sandy,Cash Crop,119,Low,8.5,Tobacco
57,41,85,22.91,66.88,6.71,64.71,Loamy,Cash Crop,116,Low,8.5,Tobacco
65,40,88,28.3,58.32,6.1,70.77,Loamy,Cash Crop,120,Low,6.7,Tobacco
53,33,82,22.04,60.96,6.73,79.28,Loamy,Cash Crop,108,Low,6.7,Tobacco
54,34,70,24.97,63.53,6.38,60.26,Loamy,Cash Crop,118,Low,7.7,Tobacco
59,44,82,24.06,50.72,6.6,58.14,Sandy,Cash Crop,122,Low,6.4,Tobacco
59,40,80,32.53,56.84,6.33,70.23,Black,Cash Crop,115,Low,8.0,Tobacco
58,44,91,25.38,58.59,6.42,78.97,Loamy,Cash Crop,114,Low,7.2,Tobacco
64,39,74,26.35,63.36,5.87,65.61,Loamy,Cash Crop,116,Low,6.8,Tobacco
56,40,71,23.94,60.44,6.48,61.87,Loamy,Cash Crop,112,Low,7.4,Tobacco
56,42,77,18.22,78.46,6.06,65.89,Sandy,Cash Crop,110,Low,6.6,Tobacco
59,41,84,25.59,54.07,5.0,64.0,Loamy,Cash Crop,116,Low,6.7,Tobacco
65,32,83,21.47,60.67,6.37,61.62,Black,Cash Crop,130,Low,8.7,Tobacco
61,42,86,26.36,62.19,5.79,48.13,Black,Cash Crop,111,Low,8.9,Tobacco
62,38,87,23.13,62.92,6.03,69.6,Loamy,Cash Crop,117,Low,6.9,Tobacco
54,36,79,21.11,53.76,6.05,63.72,Loamy,Cash Crop,121,Low,7.5,Tobacco
77,40,77,25.25,65.1,5.98,71.85,Sandy,Cash Crop,122,Low,7.3,Tobacco
60,47,81,22.53,58.4,5.15,66.37,Loamy,Cash Crop,127,Low,6.7,Tobacco
61,44,86,28.2,50.66,6.2,49.94,Sandy,Cash Crop,114,Low,8.0,Tobacco
61,43,74,28.68,63.44,6.36,54.2,Black,Cash Crop,127,Low,7.3,Tobacco
55,43,83,22.88,70.28,6.73,71.05,Sandy,Cash Crop,122,Low,7.7,Tobacco
49,40,80,23.56,58.45,5.05,54.03,Sandy,Cash Crop,125,Low,8.5,Tobacco
53,40,86,23.7,63.38,5.99,76.9,Loamy,Cash Crop,112,Low,6.8,Tobacco
61,40,79,26.44,55.35,5.45,60.0,Black,Cash Crop,117,Low,7.3,Tobacco
68,43,83,25.55,57.83,5.66,53.03,Sandy,Cash Crop,115,Low,7.5,Tobacco
51,40,78,24.01,65.81,5.02,61.16,Black,Cash Crop,105,Low,7.6,Tobacco
65,33,72,20.75,60.32,5.86,62.21,Sandy,Cash Crop,117,Low,6.9,Tobacco
67,41,72,23.25,55.64,6.56,72.11,Black,Cash Crop,119,Low,8.5,Tobacco
70,38,77,24.09,55.24,6.69,54.94,Sandy,Cash Crop,125,Low,7.9,Tobacco
57,49,70,24.8,57.55,6.38,68.54,Black,Cash Crop,109,Low,8.2,Tobacco
63,34,77,21.75,59.15,6.06,61.65,Sandy,Cash Crop,117,Low,6.5,Tobacco
62,30,80,20.5,60.25,6.0,69.03,Black,Cash Crop,125,Low,8.1,Tobacco
48,39,92,25.3,55.84,5.97,61.16,Sandy,Cash Crop,112,Low,8.0,Tobacco
64,33,79,23.58,51.99,5.43,52.34,Loamy,Cash Crop,119,Low,7.2,Tobacco
53,38,84,25.89,65.01,5.91,81.03,Black,Cash Crop,122,Low,7.2,Tobacco
60,33,78,26.07,63.06,5.84,92.34,Loamy,Cash Crop,118,Low,6.5,Tobacco
68,43,81,23.84,61.97,6.65,67.02,Loamy,Cash Crop,111,Low,5.4,Tobacco
62,35,79,22.98,55.6,5.69,58.25,Sandy,Cash Crop,124,Low,7.8,Tobacco
51,34,82,27.63,65.19,5.6,74.89,Loamy,Cash Crop,109,Low,7.4,Tobacco
63,29,92,28.32,63.24,5.61,64.32,Black,Cash Crop,124,Low,6.8,Tobacco
58,44,71,25.83,51.23,5.62,59.95,Sandy,Cash Crop,123,Low,7.1,Tobacco
60,36,76,28.13,54.25,6.3,64.99,Sandy,Cash Crop,116,Low,6.8,Tobacco
51,36,79,26.51,58.5,5.91,64.16,Black,Cash Crop,122,Low,7.9,Tobacco
50,38,87,21.71,60.37,5.93,59.33,Black,Cash Crop,129,Low,7.5,Tobacco
70,40,82,23.56,57.17,6.16,69.28,Loamy,Cash Crop,123,Low,7.7,Tobacco
50,35,85,20.1,61.46,5.96,73.5,Loamy,Cash Crop,122,Low,7.1,Tobacco
55,37,83,19.24,60.79,5.65,66.91,Sandy,Cash Crop,122,Low,6.5,Tobacco
58,40,80,24.69,53.9,5.57,51.22,Black,Cash Crop,123,Low,7.4,Tobacco
59,31,79,26.58,50.79,5.79,49.3,Black,Cash Crop,117,Low,7.0,Tobacco
62,40,87,24.86,61.69,5.78,53.97,Sandy,Cash Crop,125,Low,8.2,Tobacco
64,40,74,27.85,62.9,6.81,53.46,Loamy,Cash Crop,125,Low,7.8,Tobacco
57,46,82,22.66,59.41,5.62,60.31,Black,Cash Crop,124,Low,8.1,Tobacco
61,36,82,26.81,50.14,6.05,63.1,Loamy,Cash Crop,125,Low,7.7,Tobacco
63,37,80,27.36,59.68,6.07,49.64,Loamy,Cash Crop,119,Low,6.3,Tobacco
56,40,84,22.5,61.87,6.59,58.59,Sandy,Cash Crop,110,Low,7.7,Tobacco
51,35,85,29.69,55.0,5.71,60.6,Black,Cash Crop,116,Low,8.7,Tobacco
56,38,89,26.44,64.93,5.64,59.7,Sandy,Cash Crop,113,Low,8.0,Tobacco
68,37,77,24.2,52.26,5.73,72.73,Sandy,Cash Crop,114,Low,7.6,Tobacco
47,29,47,24.8,87.77,5.74,190.91,Red,Cash Crop,361,Very High,6.5,Rubber
44,24,55,25.08,89.4,4.86,239.76,Loamy,Cash Crop,359,Very High,6.4,Rubber
66,24,52,28.0,96.74,4.97,201.22,Laterite,Cash Crop,379,Very High,6.4,Rubber
52,33,48,25.39,87.54,5.55,210.61,Loamy,Cash Crop,358,Very High,6.0,Rubber
59,28,46,24.69,86.37,5.2,159.62,Laterite,Cash Crop,343,Very High,6.4,Rubber
53,29,48,24.34,81.94,5.87,251.09,Loamy,Cash Crop,375,Very High,6.8,Rubber
60,25,50,24.98,81.14,5.55,248.4,Laterite,Cash Crop,361,Very High,7.5,Rubber
56,26,45,28.83,85.45,5.67,140.26,Red,Cash Crop,369,Very High,6.2,Rubber
46,29,54,31.08,85.85,5.12,196.91,Red,Cash Crop,382,Very High,5.9,Rubber
58,31,50,24.18,83.75,4.82,202.35,Laterite,Cash Crop,381,Very High,7.2,Rubber
56,27,56,25.95,81.03,5.68,233.73,Red,Cash Crop,355,Very High,6.6,Rubber
57,30,51,26.09,86.84,5.41,205.85,Laterite,Cash Crop,360,Very High,6.4,Rubber
46,27,50,24.57,82.83,6.35,186.12,Red,Cash Crop,357,Very High,6.0,Rubber
54,26,49,25.71,88.69,5.43,189.91,Loamy,Cash Crop,380,Very High,5.9,Rubber
45,29,57,23.71,80.34,5.7,200.73,Red,Cash Crop,376,Very High,6.0,Rubber
55,36,45,28.84,87.38,4.8,236.77,Loamy,Cash Crop,366,Very High,6.6,Rubber
57,28,50,27.43,87.61,4.79,258.73,Loamy,Cash Crop,343,Very High,7.0,Rubber
55,24,52,25.3,88.74,5.12,175.15,Red,Cash Crop,392,Very High,6.6,Rubber
60,26,42,30.02,84.98,5.6,239.7,Loamy,Cash Crop,358,Very High,6.6,Rubber
64,29,53,23.42,88.93,4.79,250.28,Red,Cash Crop,372,Very High,6.4,Rubber
54,28,46,26.63,92.73,5.92,193.87,Loamy,Cash Crop,369,Very High,6.6,Rubber
54,25,51,28.52,82.08,6.18,265.66,Red,Cash Crop,375,Very High,5.8,Rubber
57,31,52,29.86,84.38,6.22,232.2,Loamy,Cash Crop,359,Very High,7.9,Rubber
59,28,50,28.14,84.47,5.45,195.48,Laterite,Cash Crop,334,Very High,6.6,Rubber
55,32,47,24.59,81.62,5.82,200.0,Red,Cash Crop,356,Very High,6.3,Rubber
51,27,46,29.52,87.38,5.9,263.48,Red,Cash Crop,322,Very High,6.7,Rubber
51,34,47,25.1,79.98,5.28,247.45,Red,Cash Crop,369,Very High,5.8,Rubber
67,32,53,29.31,79.26,5.04,244.69,Loamy,Cash Crop,350,Very High,6.3,Rubber
54,24,48,28.65,87.55,5.85,250.3,Laterite,Cash Crop,372,Very High,6.7,Rubber
56,27,45,25.76,83.86,5.14,232.41,Loamy,Cash Crop,368,Very High,6.7,Rubber
57,34,49,28.82,86.81,5.85,268.44,Loamy,Cash Crop,375,Very High,6.6,Rubber
55,28,47,28.62,81.63,6.05,215.45,Red,Cash Crop,417,Very High,6.1,Rubber
56,28,46,28.91,81.13,5.13,237.59,Loamy,Cash Crop,378,Very High,5.7,Rubber
58,30,46,25.58,77.88,6.09,250.46,Loamy,Cash Crop,341,Very High,7.0,Rubber
51,33,48,26.35,83.99,5.14,261.98,Laterite,Cash Crop,381,Very High,6.6,Rubber
61,23,45,27.85,87.57,5.51,163.52,Loamy,Cash Crop,345,Very High,6.7,Rubber
69,34,56,27.61,86.16,4.99,248.55,Laterite,Cash Crop,363,Very High,6.9,Rubber
55,31,49,27.4,88.5,4.89,175.21,Red,Cash Crop,372,Very High,7.4,Rubber
65,25,48,24.34,83.07,5.85,219.61,Laterite,Cash Crop,358,Very High,6.8,Rubber
50,36,50,26.28,87.05,5.78,267.88,Laterite,Cash Crop,361,Very High,7.2,Rubber
55,27,46,25.03,82.4,5.85,241.2,Red,Cash Crop,342,Very High,5.5,Rubber
48,26,48,29.11,83.08,6.07,169.59,Laterite,Cash Crop,358,Very High,7.0,Rubber
60,28,54,28.46,82.61,5.53,241.11,Laterite,Cash Crop,353,Very High,7.5,Rubber
49,30,45,27.19,81.27,5.28,172.4,Red,Cash Crop,379,Very High,6.7,Rubber
61,28,54,27.07,85.4,6.25,205.46,Loamy,Cash Crop,387,Very High,6.8,Rubber
51,24,45,29.04,91.07,5.44,224.32,Laterite,Cash Crop,379,Very High,6.5,Rubber
61,31,50,25.74,81.69,4.14,257.02,Loamy,Cash Crop,362,Very High,6.3,Rubber
43,27,46,25.57,86.16,5.45,179.16,Red,Cash Crop,341,Very High,5.7,Rubber
65,35,46,23.44,85.45,5.42,229.51,Red,Cash Crop,378,Very High,6.8,Rubber
48,31,53,25.7,86.05,5.18,279.89,Loamy,Cash Crop,340,Very High,7.2,Rubber
44,37,45,27.34,79.3,4.86,246.93,Laterite,Cash Crop,383,Very High,6.6,Rubber
59,34,47,24.48,84.95,5.17,231.66,Loamy,Cash Crop,375,Very High,6.1,Rubber
59,32,52,26.27,87.73,5.61,239.21,Red,Cash Crop,395,Very High,6.7,Rubber
51,25,54,27.64,90.85,4.59,247.32,Red,Cash Crop,360,Very High,6.3,Rubber
50,33,52,24.94,85.58,5.68,225.34,Laterite,Cash Crop,385,Very High,6.3,Rubber
41,30,50,27.56,88.87,4.62,212.85,Red,Cash Crop,348,Very High,5.8,Rubber
54,32,51,25.76,84.49,5.77,240.49,Loamy,Cash Crop,354,Very High,6.1,Rubber
44,28,43,30.72,82.01,5.84,274.54,Loamy,Cash Crop,368,Very High,6.4,Rubber
47,27,56,27.63,85.1,5.92,240.89,Loamy,Cash Crop,362,Very High,6.6,Rubber
50,27,49,28.0,80.63,5.43,208.3,Loamy,Cash Crop,348,Very High,6.3,Rubber
41,26,45,26.5,77.02,5.48,247.28,Laterite,Cash Crop,362,Very High,6.8,Rubber
51,23,50,28.22,80.36,5.21,212.59,Loamy,Cash Crop,417,Very High,6.6,Rubber
43,21,52,31.47,84.02,5.26,232.92,Laterite,Cash Crop,350,Very High,5.0,Rubber
61,27,54,25.63,85.43,5.74,252.11,Red,Cash Crop,369,Very High,6.6,Rubber
58,31,44,24.71,77.62,5.71,208.13,Red,Cash Crop,379,Very High,6.7,Rubber
48,29,48,25.9,88.2,6.4,253.49,Laterite,Cash Crop,364,Very High,7.3,Rubber
65,24,54,28.39,89.16,5.73,213.17,Laterite,Cash Crop,402,Very High,6.7,Rubber
52,32,53,27.17,86.38,5.44,200.2,Red,Cash Crop,350,Very High,5.7,Rubber
64,29,36,27.71,86.32,4.65,195.03,Red,Cash Crop,349,Very High,6.1,Rubber
62,29,48,29.02,86.73,4.7,201.5,Loamy,Cash Crop,370,Very High,5.9,Rubber
106,35,36,18.53,85.71,4.74,209.5,Laterite,Plantation,343,High,5.5,Tea
84,33,36,23.26,80.04,4.94,197.62,Loamy,Plantation,394,High,6.0,Tea
96,28,37,23.61,77.32,5.03,173.37,Laterite,Plantation,347,High,6.5,Tea
95,38,43,20.69,79.23,4.84,195.2,Loamy,Plantation,397,High,4.7,Tea
85,31,44,25.08,83.24,5.16,202.28,Laterite,Plantation,372,High,6.0,Tea
93,36,43,17.09,82.01,5.12,210.4,Laterite,Plantation,361,High,5.6,Tea
84,27,43,18.5,81.36,4.7,239.68,Loamy,Plantation,363,High,5.3,Tea
95,43,41,20.17,84.79,4.37,201.16,Red,Plantation,401,High,5.6,Tea
90,35,38,21.69,85.1,4.87,137.73,Red,Plantation,373,High,6.8,Tea
86,29,42,24.84,84.12,5.69,219.84,Red,Plantation,377,High,5.2,Tea
92,34,39,20.44,82.9,4.48,220.29,Loamy,Plantation,348,High,5.3,Tea
92,31,32,20.16,76.28,5.28,171.16,Loamy,Plantation,392,High,5.5,Tea
90,27,40,20.82,76.8,5.03,190.05,Red,Plantation,361,High,5.5,Tea
86,35,39,22.04,79.89,4.57,182.28,Loamy,Plantation,391,High,6.1,Tea
99,40,38,21.65,82.3,5.26,192.77,Loamy,Plantation,366,High,5.5,Tea
94,37,40,21.27,82.9,5.66,156.75,Red,Plantation,347,High,5.9,Tea
92,36,42,21.47,79.76,5.25,200.52,Loamy,Plantation,356,High,5.9,Tea
95,35,46,23.92,86.01,6.03,196.34,Loamy,Plantation,356,High,6.0,Tea
87,35,36,22.33,76.12,4.96,199.62,Laterite,Plantation,357,High,4.4,Tea
75,32,42,21.64,81.93,4.65,208.53,Laterite,Plantation,332,High,4.1,Tea
88,32,44,21.35,88.6,4.78,212.17,Red,Plantation,360,High,6.3,Tea
88,38,35,20.09,81.66,5.51,145.07,Laterite,Plantation,358,High,5.3,Tea
73,33,33,15.87,80.95,4.88,193.88,Laterite,Plantation,369,High,5.0,Tea
104,34,45,17.3,78.66,5.27,194.34,Loamy,Plantation,345,High,4.4,Tea
95,37,40,19.91,77.55,4.98,167.12,Laterite,Plantation,351,High,6.3,Tea
75,37,45,22.8,83.59,4.81,183.85,Loamy,Plantation,323,High,5.5,Tea
86,32,39,21.14,79.46,5.65,218.27,Laterite,Plantation,381,High,5.4,Tea
94,31,42,20.55,77.91,4.99,192.7,Red,Plantation,407,High,5.8,Tea
102,39,40,20.02,75.04,4.65,216.57,Loamy,Plantation,359,High,5.7,Tea
73,36,44,17.09,83.49,5.54,242.0,Laterite,Plantation,355,High,6.0,Tea
101,36,45,20.92,83.58,4.75,195.88,Loamy,Plantation,372,High,5.1,Tea
88,38,48,16.49,89.91,4.9,224.12,Red,Plantation,386,High,6.4,Tea
84,34,39,20.21,87.28,4.97,159.54,Red,Plantation,353,High,4.6,Tea
88,37,37,20.11,80.9,5.06,212.9,Loamy,Plantation,379,High,6.9,Tea
90,37,33,20.17,80.92,4.59,186.6,Red,Plantation,363,High,5.2,Tea
110,37,48,24.28,79.44,5.02,189.13,Red,Plantation,362,High,4.9,Tea
86,36,41,21.56,81.76,5.34,193.57,Laterite,Plantation,390,High,4.4,Tea
95,36,37,20.22,83.86,5.37,156.26,Red,Plantation,376,High,5.2,Tea
99,27,49,19.05,87.72,4.97,179.53,Laterite,Plantation,369,High,6.1,Tea
77,37,39,22.27,82.04,4.77,172.17,Loamy,Plantation,377,High,5.9,Tea
95,36,43,24.09,74.49,4.06,242.95,Red,Plantation,340,High,4.8,Tea
87,28,38,18.91,81.07,5.11,191.41,Loamy,Plantation,357,High,5.7,Tea
98,41,39,25.01,85.51,4.51,168.47,Red,Plantation,354,High,6.4,Tea
85,27,39,16.64,77.78,4.77,203.74,Laterite,Plantation,383,High,5.9,Tea
80,33,40,20.42,80.92,4.31,171.18,Red,Plantation,357,High,3.6,Tea
95,29,42,22.32,79.83,5.4,218.58,Loamy,Plantation,359,High,5.2,Tea
98,35,44,15.74,82.39,4.37,199.36,Red,Plantation,378,High,6.5,Tea
82,32,39,18.86,85.91,4.97,203.05,Laterite,Plantation,376,High,5.5,Tea
83,34,36,21.24,85.99,4.53,161.69,Loamy,Plantation,365,High,5.0,Tea
90,36,31,22.52,77.32,4.99,183.52,Laterite,Plantation,354,High,6.5,Tea
92,38,40,22.36,83.67,5.1,227.68,Red,Plantation,367,High,6.9,Tea
97,30,39,21.87,82.18,5.27,219.93,Red,Plantation,340,High,6.3,Tea
86,32,37,22.78,80.93,4.73,189.4,Laterite,Plantation,332,High,5.0,Tea
80,33,42,22.22,87.03,5.41,186.79,Loamy,Plantation,365,High,5.5,Tea
72,30,39,20.62,84.05,5.19,155.73,Laterite,Plantation,374,High,5.6,Tea
94,39,39,23.74,78.44,4.62,210.72,Loamy,Plantation,358,High,5.7,Tea
105,36,40,19.09,75.2,4.97,226.67,Loamy,Plantation,359,High,5.7,Tea
101,40,41,21.37,75.93,4.75,192.98,Loamy,Plantation,349,High,5.6,Tea
105,41,40,22.71,79.09,5.59,160.95,Laterite,Plantation,381,High,5.8,Tea
83,34,35,18.6,75.64,5.31,230.13,Loamy,Plantation,325,High,6.6,Tea
89,36,34,23.91,82.8,5.46,230.52,Laterite,Plantation,389,High,5.1,Tea
88,32,43,21.73,86.28,5.45,156.82,Laterite,Plantation,389,High,6.1,Tea
87,36,39,22.36,80.51,5.19,201.68,Laterite,Plantation,357,High,5.6,Tea
111,32,39,19.53,79.75,5.33,217.9,Red,Plantation,364,High,6.1,Tea
96,34,33,22.83,82.68,5.01,188.35,Red,Plantation,378,High,5.7,Tea
88,30,44,22.33,83.02,4.0,199.05,Red,Plantation,360,High,5.1,Tea
96,37,41,23.28,77.91,4.82,201.87,Loamy,Plantation,353,High,5.9,Tea
85,40,36,25.69,90.12,4.96,228.65,Red,Plantation,357,High,6.1,Tea
88,29,25,20.41,83.12,5.53,200.92,Red,Plantation,383,High,5.2,Tea
87,39,30,21.03,80.4,5.54,186.79,Red,Plantation,374,High,6.1,Tea
86,28,28,27.39,63.05,6.71,134.96,Loamy,Plantation,383,Medium,6.0,Coffee
84,21,31,22.95,70.16,6.43,157.99,Laterite,Plantation,367,Medium,5.6,Coffee
78,29,27,25.73,58.27,6.91,192.36,Red,Plantation,355,Medium,5.7,Coffee
84,28,31,24.53,61.5,6.73,129.35,Laterite,Plantation,370,Medium,5.9,Coffee
102,26,28,25.81,57.62,7.49,175.57,Laterite,Plantation,374,Medium,5.9,Coffee
80,24,28,24.95,58.8,7.06,164.01,Laterite,Plantation,386,Medium,5.8,Coffee
103,30,30,28.06,63.82,6.27,155.48,Laterite,Plantation,364,Medium,7.3,Coffee
97,24,31,26.49,58.56,6.71,178.88,Red,Plantation,349,Medium,5.8,Coffee
95,34,30,23.37,53.21,7.55,181.83,Loamy,Plantation,380,Medium,6.0,Coffee
116,23,32,24.61,57.51,7.09,154.84,Red,Plantation,357,Medium,5.7,Coffee
81,32,26,29.22,57.27,7.32,118.2,Loamy,Plantation,378,Medium,6.6,Coffee
114,21,27,26.65,59.89,6.92,150.07,Red,Plantation,393,Medium,7.6,Coffee
102,31,30,28.07,63.97,6.37,144.52,Red,Plantation,346,Medium,7.6,Coffee
107,26,27,27.11,64.43,7.12,148.64,Laterite,Plantation,370,Medium,6.1,Coffee
91,24,31,25.89,62.32,7.12,190.99,Loamy,Plantation,350,Medium,6.4,Coffee
108,27,30,24.93,71.65,6.84,167.93,Red,Plantation,360,Medium,5.7,Coffee
87,34,32,24.9,53.6,6.87,147.05,Loamy,Plantation,360,Medium,5.2,Coffee
103,30,33,25.2,57.0,6.18,182.22,Loamy,Plantation,381,Medium,6.0,Coffee
87,22,28,27.43,60.74,6.2,166.89,Red,Plantation,349,Medium,5.7,Coffee
110,32,33,25.45,64.3,6.57,152.33,Loamy,Plantation,359,Medium,6.0,Coffee
88,27,34,23.31,51.02,6.3,216.56,Red,Plantation,373,Medium,5.8,Coffee
101,30,28,24.47,58.05,6.51,149.27,Red,Plantation,371,Medium,5.4,Coffee
127,32,26,20.54,54.87,7.07,168.79,Laterite,Plantation,362,Medium,5.6,Coffee
91,26,26,24.7,66.99,6.49,171.44,Laterite,Plantation,378,Medium,5.4,Coffee
92,34,27,25.39,71.24,7.19,159.88,Loamy,Plantation,380,Medium,6.0,Coffee
111,18,29,21.33,59.97,6.71,187.94,Laterite,Plantation,377,Medium,5.7,Coffee
96,30,28,25.44,66.9,6.47,148.15,Loamy,Plantation,359,Medium,7.9,Coffee
107,34,32,27.17,61.84,6.95,126.08,Red,Plantation,371,Medium,5.9,Coffee
106,28,32,27.38,41.53,6.63,117.14,Laterite,Plantation,369,Medium,5.8,Coffee
114,30,28,27.38,57.09,6.6,166.66,Red,Plantation,394,Medium,6.5,Coffee
106,42,27,23.99,59.87,7.41,137.28,Laterite,Plantation,397,Medium,5.1,Coffee
99,29,27,24.26,63.78,7.38,111.48,Laterite,Plantation,368,Medium,5.9,Coffee
102,27,26,28.58,65.96,6.76,147.26,Laterite,Plantation,353,Medium,4.4,Coffee
104,32,30,25.33,59.8,6.46,147.01,Red,Plantation,361,Medium,6.4,Coffee
114,27,26,25.57,71.07,6.42,177.49,Loamy,Plantation,389,Medium,5.8,Coffee
93,31,31,26.89,71.44,6.87,131.77,Laterite,Plantation,366,Medium,6.1,Coffee
113,28,28,22.76,62.28,8.14,153.1,Red,Plantation,373,Medium,5.7,Coffee
88,31,30,20.73,68.66,6.97,159.63,Loamy,Plantation,357,Medium,6.2,Coffee
105,31,33,28.09,71.03,6.47,145.38,Loamy,Plantation,371,Medium,5.5,Coffee
94,31,32,28.05,57.84,6.99,163.34,Laterite,Plantation,365,Medium,5.5,Coffee
91,32,27,21.95,58.81,7.38,96.51,Red,Plantation,359,Medium,6.4,Coffee
82,27,26,23.49,56.59,6.35,131.46,Red,Plantation,363,Medium,7.3,Coffee
108,34,32,24.1,60.86,7.24,176.22,Loamy,Plantation,368,Medium,6.3,Coffee
125,33,29,25.35,52.68,7.74,193.29,Red,Plantation,366,Medium,7.3,Coffee
107,26,32,26.3,64.03,6.25,140.17,Loamy,Plantation,392,Medium,7.0,Coffee
115,40,31,26.51,53.52,6.57,114.26,Loamy,Plantation,359,Medium,4.8,Coffee
111,30,23,25.12,70.81,6.75,136.04,Loamy,Plantation,332,Medium,4.9,Coffee
106,26,28,24.64,58.16,6.31,164.95,Laterite,Plantation,339,Medium,5.5,Coffee
111,30,32,29.8,58.64,6.81,152.18,Red,Plantation,356,Medium,5.4,Coffee
101,30,31,25.63,64.56,6.81,149.0,Laterite,Plantation,348,Medium,5.1,Coffee
115,25,27,24.66,57.33,7.46,150.78,Loamy,Plantation,413,Medium,6.0,Coffee
121,33,31,28.66,65.73,7.05,208.99,Red,Plantation,355,Medium,5.4,Coffee
94,37,34,24.45,44.87,6.72,135.71,Red,Plantation,355,Medium,5.4,Coffee
84,38,27,28.33,57.67,6.35,169.2,Loamy,Plantation,357,Medium,5.9,Coffee
102,24,25,25.4,64.78,6.44,161.39,Red,Plantation,392,Medium,5.9,Coffee
101,29,27,23.51,53.06,6.95,174.67,Loamy,Plantation,379,Medium,5.8,Coffee
111,30,30,18.82,54.1,6.19,171.8,Loamy,Plantation,366,Medium,5.4,Coffee
104,21,26,24.08,62.24,7.36,145.11,Loamy,Plantation,389,Medium,6.0,Coffee
103,28,29,26.38,63.44,6.45,153.84,Loamy,Plantation,395,Medium,6.1,Coffee
103,34,28,25.43,63.9,7.3,105.97,Red,Plantation,351,Medium,5.4,Coffee
99,24,31,25.84,64.34,7.18,172.94,Laterite,Plantation,358,Medium,6.1,Coffee
96,22,32,25.33,49.98,7.01,153.07,Red,Plantation,327,Medium,5.2,Coffee
93,30,32,27.01,62.62,6.79,195.89,Laterite,Plantation,377,Medium,6.1,Coffee
106,27,29,21.34,56.68,7.5,161.26,Red,Plantation,366,Medium,6.6,Coffee
104,25,30,23.23,60.1,6.46,178.42,Loamy,Plantation,355,Medium,5.5,Coffee
99,30,26,24.46,59.63,7.34,102.37,Red,Plantation,376,Medium,5.8,Coffee
96,25,28,26.74,55.78,7.46,171.73,Red,Plantation,368,Medium,5.9,Coffee
112,35,26,24.1,62.81,7.17,151.39,Red,Plantation,351,Medium,6.0,Coffee
115,29,26,25.72,63.7,6.76,185.68,Loamy,Plantation,380,Medium,6.0,Coffee
101,19,33,24.84,56.6,6.58,168.05,Laterite,Plantation,344,Medium,5.4,Coffee
59,31,31,17.2,62.98,7.08,50.45,Sandy,Oilseed,101,Low,8.9,Mustard
56,31,32,18.93,50.91,7.68,52.8,Alluvial,Oilseed,105,Low,8.9,Mustard
65,34,39,19.95,58.08,6.65,45.4,Loamy,Oilseed,102,Low,8.4,Mustard
48,41,26,18.37,53.52,6.59,50.52,Alluvial,Oilseed,104,Low,7.1,Mustard
61,31,27,15.21,52.75,7.0,45.3,Loamy,Oilseed,114,Low,9.1,Mustard
56,30,34,19.24,60.68,6.96,43.45,Alluvial,Oilseed,104,Low,7.8,Mustard
58,41,24,21.17,45.63,6.86,42.35,Alluvial,Oilseed,97,Low,6.3,Mustard
52,35,27,16.21,61.76,6.31,50.43,Alluvial,Oilseed,100,Low,6.8,Mustard
55,38,24,19.13,50.2,6.49,48.21,Alluvial,Oilseed,116,Low,7.0,Mustard
65,33,28,20.86,50.78,6.34,48.68,Alluvial,Oilseed,113,Low,7.9,Mustard
50,31,33,21.98,56.14,6.57,58.17,Sandy,Oilseed,104,Low,7.1,Mustard
54,29,41,21.63,51.72,7.49,49.27,Sandy,Oilseed,107,Low,7.1,Mustard
56,34,22,17.43,55.02,7.32,40.07,Loamy,Oilseed,109,Low,6.3,Mustard
68,30,30,19.39,56.05,6.76,35.07,Sandy,Oilseed,100,Low,8.1,Mustard
55,34,24,20.39,48.4,7.17,36.5,Alluvial,Oilseed,110,Low,7.5,Mustard
56,43,29,17.7,59.55,6.21,24.78,Alluvial,Oilseed,111,Low,7.0,Mustard
66,35,25,19.84,52.95,6.37,36.59,Sandy,Oilseed,95,Low,7.7,Mustard
53,34,29,16.43,47.39,7.81,44.61,Loamy,Oilseed,114,Low,8.2,Mustard
57,35,30,22.56,59.15,6.48,47.81,Loamy,Oilseed,109,Low,6.8,Mustard
63,41,26,16.92,60.8,6.66,37.14,Loamy,Oilseed,109,Low,7.8,Mustard
60,40,34,18.32,64.87,7.43,29.13,Sandy,Oilseed,99,Low,6.1,Mustard
57,28,26,20.9,46.23,6.85,45.99,Alluvial,Oilseed,104,Low,7.6,Mustard
44,30,36,15.87,63.33,6.24,32.78,Loamy,Oilseed,100,Low,8.2,Mustard
56,36,30,18.38,61.37,7.11,35.86,Loamy,Oilseed,103,Low,8.5,Mustard
62,27,24,20.46,58.51,6.43,50.98,Loamy,Oilseed,113,Low,8.4,Mustard
71,37,29,17.61,54.91,6.45,42.13,Alluvial,Oilseed,111,Low,6.5,Mustard
49,39,28,14.26,54.69,6.72,41.55,Alluvial,Oilseed,108,Low,6.7,Mustard
60,33,30,14.69,52.39,6.81,49.33,Loamy,Oilseed,114,Low,8.0,Mustard
63,41,28,21.92,60.6,6.62,60.39,Alluvial,Oilseed,107,Low,8.8,Mustard
62,32,26,17.72,52.14,7.31,44.77,Loamy,Oilseed,96,Low,7.6,Mustard
60,32,31,18.4,58.17,7.03,47.92,Sandy,Oilseed,98,Low,8.8,Mustard
49,34,25,19.37,55.69,6.73,57.14,Loamy,Oilseed,110,Low,7.3,Mustard
65,42,34,18.2,47.05,6.93,50.35,Sandy,Oilseed,100,Low,7.5,Mustard
59,41,37,21.09,54.57,7.26,50.19,Alluvial,Oilseed,104,Low,8.8,Mustard
54,38,33,17.87,57.8,7.18,46.96,Loamy,Oilseed,107,Low,7.6,Mustard
65,33,28,18.55,60.92,6.1,37.73,Alluvial,Oilseed,116,Low,7.7,Mustard
57,38,26,13.87,56.77,6.51,45.81,Loamy,Oilseed,106,Low,7.6,Mustard
48,35,31,15.42,47.4,6.37,50.97,Sandy,Oilseed,94,Low,8.0,Mustard
62,33,24,16.75,58.91,7.3,36.75,Alluvial,Oilseed,110,Low,7.9,Mustard
59,31,27,22.51,55.89,7.33,46.93,Alluvial,Oilseed,102,Low,7.9,Mustard
75,31,33,18.92,47.75,6.21,41.38,Loamy,Oilseed,106,Low,8.0,Mustard
49,38,29,18.51,57.94,7.5,47.43,Alluvial,Oilseed,97,Low,7.4,Mustard
65,39,32,17.38,48.16,7.04,35.29,Sandy,Oilseed,108,Low,7.9,Mustard
56,34,30,17.15,48.09,6.78,45.52,Sandy,Oilseed,112,Low,7.0,Mustard
67,29,24,17.84,50.3,6.26,60.55,Loamy,Oilseed,102,Low,8.9,Mustard
53,26,35,16.9,55.69,6.26,44.7,Loamy,Oilseed,97,Low,7.5,Mustard
56,36,32,19.03,57.26,6.76,41.52,Alluvial,Oilseed,107,Low,7.4,Mustard
59,36,25,21.65,53.75,6.85,44.64,Sandy,Oilseed,108,Low,7.7,Mustard
59,42,17,21.23,59.6,6.07,52.43,Alluvial,Oilseed,110,Low,7.8,Mustard
49,38,34,17.24,57.21,6.66,52.08,Sandy,Oilseed,103,Low,7.2,Mustard
59,28,29,19.3,59.35,6.9,33.54,Sandy,Oilseed,112,Low,8.4,Mustard
60,31,27,18.05,56.39,6.68,38.13,Loamy,Oilseed,110,Low,7.7,Mustard
52,36,30,16.92,60.98,6.85,43.27,Alluvial,Oilseed,104,Low,7.8,Mustard
59,34,34,15.38,48.74,7.11,64.33,Sandy,Oilseed,109,Low,8.6,Mustard
56,31,31,20.6,48.44,6.71,44.78,Loamy,Oilseed,101,Low,7.2,Mustard
65,37,33,19.24,50.63,6.97,37.38,Sandy,Oilseed,103,Low,6.9,Mustard
55,35,28,16.56,60.69,6.75,40.78,Loamy,Oilseed,99,Low,6.4,Mustard
58,28,32,18.56,62.79,6.89,39.19,Loamy,Oilseed,95,Low,8.0,Mustard
50,32,36,19.84,56.95,7.18,52.26,Loamy,Oilseed,113,Low,7.1,Mustard
57,30,29,18.21,46.23,6.54,56.51,Alluvial,Oilseed,106,Low,7.9,Mustard
59,25,29,20.79,49.07,7.1,31.39,Loamy,Oilseed,105,Low,7.8,Mustard
57,47,28,17.23,56.02,6.5,33.47,Loamy,Oilseed,99,Low,8.0,Mustard
57,43,28,20.06,57.55,6.62,37.97,Sandy,Oilseed,95,Low,7.8,Mustard
68,27,28,17.03,57.76,6.67,55.58,Loamy,Oilseed,102,Low,6.8,Mustard
56,33,32,17.68,57.2,6.48,42.64,Sandy,Oilseed,100,Low,7.0,Mustard
68,31,28,20.8,58.75,7.46,48.86,Sandy,Oilseed,101,Low,8.7,Mustard
64,34,30,18.89,53.82,6.25,58.01,Alluvial,Oilseed,104,Low,7.6,Mustard
74,31,32,16.76,56.61,6.88,51.32,Loamy,Oilseed,111,Low,7.2,Mustard
69,42,29,18.49,52.53,6.68,35.37,Loamy,Oilseed,109,Low,6.3,Mustard
55,34,35,17.3,57.14,6.77,52.56,Sandy,Oilseed,106,Low,8.0,Mustard
32,39,41,25.28,65.15,6.43,89.9,Red,Oilseed,124,Medium,7.6,Groundnut
29,53,33,25.37,68.23,6.96,72.72,Sandy,Oilseed,120,Medium,7.5,Groundnut
35,39,36,28.41,62.83,6.67,73.16,Red,Oilseed,111,Medium,8.7,Groundnut
28,41,39,29.01,62.37,5.93,76.95,Loamy,Oilseed,118,Medium,7.7,Groundnut
36,38,33,31.85,65.52,6.37,65.62,Sandy,Oilseed,125,Medium,7.7,Groundnut
21,42,38,26.07,64.0,6.04,66.1,Red,Oilseed,118,Medium,7.0,Groundnut
25,45,40,28.7,63.72,5.82,51.72,Sandy,Oilseed,114,Medium,8.3,Groundnut
42,45,35,24.3,60.76,6.14,88.45,Sandy,Oilseed,127,Medium,7.9,Groundnut
35,41,33,30.97,53.39,5.57,96.56,Red,Oilseed,120,Medium,7.3,Groundnut
38,48,34,25.17,69.38,5.97,78.39,Sandy,Oilseed,128,Medium,6.6,Groundnut
33,46,32,25.18,70.22,6.02,57.19,Loamy,Oilseed,126,Medium,8.3,Groundnut
34,44,44,27.24,68.23,6.02,51.99,Sandy,Oilseed,123,Medium,8.7,Groundnut
33,49,38,26.27,73.76,6.18,70.79,Sandy,Oilseed,108,Medium,8.4,Groundnut
31,45,38,25.39,64.41,6.28,89.11,Red,Oilseed,129,Medium,8.4,Groundnut
41,49,41,30.14,58.46,6.03,65.15,Red,Oilseed,118,Medium,8.4,Groundnut
29,47,37,25.63,66.0,6.97,66.45,Red,Oilseed,119,Medium,7.4,Groundnut
31,39,40,27.56,68.44,6.0,81.1,Sandy,Oilseed,120,Medium,8.0,Groundnut
28,45,40,26.75,67.0,6.58,61.82,Red,Oilseed,118,Medium,8.3,Groundnut
33,49,40,21.61,69.2,6.25,53.76,Sandy,Oilseed,118,Medium,7.2,Groundnut
38,44,36,28.53,67.29,6.21,60.05,Loamy,Oilseed,114,Medium,7.5,Groundnut
38,36,39,25.87,70.18,6.39,81.42,Loamy,Oilseed,116,Medium,7.3,Groundnut
33,48,43,25.42,60.7,5.88,73.36,Sandy,Oilseed,120,Medium,8.9,Groundnut
35,48,36,26.6,65.7,6.24,74.74,Sandy,Oilseed,120,Medium,8.3,Groundnut
40,33,44,22.22,66.54,7.24,74.49,Loamy,Oilseed,121,Medium,7.8,Groundnut
38,46,37,26.21,59.41,6.25,69.97,Loamy,Oilseed,120,Medium,7.6,Groundnut
33,45,40,27.19,64.13,5.99,75.98,Sandy,Oilseed,118,Medium,8.6,Groundnut
40,38,42,28.54,58.27,6.53,85.75,Loamy,Oilseed,114,Medium,7.9,Groundnut
35,47,36,29.39,54.85,6.83,81.6,Loamy,Oilseed,116,Medium,8.5,Groundnut
29,45,40,27.09,60.8,6.1,76.52,Sandy,Oilseed,115,Medium,8.2,Groundnut
31,50,46,25.76,69.6,6.22,63.76,Red,Oilseed,117,Medium,8.1,Groundnut
26,48,40,29.0,68.04,6.35,70.73,Red,Oilseed,129,Medium,9.3,Groundnut
33,50,37,25.03,63.07,6.57,62.1,Loamy,Oilseed,129,Medium,8.6,Groundnut
38,43,43,19.21,67.2,6.36,52.37,Sandy,Oilseed,122,Medium,8.4,Groundnut
25,39,48,26.03,69.88,6.75,79.73,Loamy,Oilseed,126,Medium,6.7,Groundnut
33,29,33,25.13,61.67,6.32,74.75,Loamy,Oilseed,120,Medium,8.1,Groundnut
36,40,37,26.41,64.89,5.87,87.98,Sandy,Oilseed,124,Medium,7.5,Groundnut
33,55,40,27.49,61.96,6.17,93.14,Red,Oilseed,120,Medium,8.0,Groundnut
35,57,40,24.42,61.72,6.61,57.86,Loamy,Oilseed,122,Medium,7.6,Groundnut
25,40,40,29.99,69.57,6.18,86.67,Loamy,Oilseed,117,Medium,7.1,Groundnut
35,37,43,28.51,60.6,6.36,76.63,Red,Oilseed,125,Medium,7.3,Groundnut
37,38,43,29.16,61.65,6.79,56.11,Sandy,Oilseed,126,Medium,8.9,Groundnut
36,44,41,24.99,78.12,6.07,90.81,Sandy,Oilseed,115,Medium,9.0,Groundnut
45,46,41,24.11,59.62,6.42,92.5,Sandy,Oilseed,116,Medium,9.3,Groundnut
31,46,40,26.25,54.78,6.05,77.4,Sandy,Oilseed,119,Medium,8.4,Groundnut
38,43,36,30.37,58.22,6.06,64.8,Sandy,Oilseed,124,Medium,8.8,Groundnut
34,46,41,31.01,56.13,6.6,79.52,Loamy,Oilseed,117,Medium,8.2,Groundnut
38,47,48,26.82,65.13,6.23,81.64,Loamy,Oilseed,119,Medium,8.0,Groundnut
35,44,37,27.55,63.57,6.55,76.33,Red,Oilseed,117,Medium,8.9,Groundnut
34,48,37,21.44,62.17,5.45,72.16,Red,Oilseed,128,Medium,7.5,Groundnut
24,52,38,26.46,68.94,6.51,84.01,Red,Oilseed,125,Medium,7.0,Groundnut
27,50,36,24.82,58.69,6.14,70.81,Red,Oilseed,114,Medium,7.4,Groundnut
36,40,37,21.03,74.69,6.68,69.06,Sandy,Oilseed,114,Medium,8.0,Groundnut
34,38,29,25.18,57.18,6.37,77.14,Sandy,Oilseed,114,Medium,7.7,Groundnut
43,48,38,32.23,59.02,5.97,73.67,Red,Oilseed,110,Medium,9.1,Groundnut
35,41,41,26.87,63.48,5.82,57.77,Loamy,Oilseed,133,Medium,7.2,Groundnut
43,40,43,27.66,68.33,6.59,55.66,Sandy,Oilseed,115,Medium,7.2,Groundnut
35,38,32,25.91,53.95,6.4,59.91,Sandy,Oilseed,114,Medium,6.6,Groundnut
43,37,38,22.02,60.82,7.0,78.57,Loamy,Oilseed,115,Medium,8.0,Groundnut
32,44,42,25.67,66.1,6.39,71.09,Loamy,Oilseed,115,Medium,7.7,Groundnut
38,48,35,25.85,61.24,6.62,69.35,Loamy,Oilseed,133,Medium,8.1,Groundnut
40,39,40,28.04,59.83,6.31,87.62,Loamy,Oilseed,118,Medium,7.5,Groundnut
44,39,40,24.73,60.32,6.6,72.53,Loamy,Oilseed,122,Medium,6.6,Groundnut
37,41,32,31.21,68.01,6.39,89.99,Red,Oilseed,121,Medium,7.5,Groundnut
34,41,37,23.36,60.15,6.66,78.98,Loamy,Oilseed,116,Medium,7.4,Groundnut
32,36,40,28.86,76.83,5.86,85.85,Sandy,Oilseed,115,Medium,7.3,Groundnut
29,45,36,24.98,62.8,6.0,65.25,Loamy,Oilseed,105,Medium,8.1,Groundnut
35,41,41,29.99,65.12,6.83,101.86,Red,Oilseed,135,Medium,7.3,Groundnut
29,42,40,30.47,68.14,5.82,67.66,Sandy,Oilseed,119,Medium,7.1,Groundnut
35,39,33,24.13,67.06,6.46,76.16,Loamy,Oilseed,125,Medium,8.5,Groundnut
36,45,40,26.13,54.13,6.75,79.77,Loamy,Oilseed,112,Medium,8.9,Groundnut
60,44,44,24.66,66.01,6.82,81.91,Alluvial,Oilseed,91,Medium,9.8,Sunflower
46,39,41,22.8,57.55,7.02,53.09,Black,Oilseed,89,Medium,9.1,Sunflower
59,51,39,26.16,60.66,6.7,45.2,Alluvial,Oilseed,100,Medium,8.4,Sunflower
61,44,39,26.89,58.03,6.94,75.18,Loamy,Oilseed,97,Medium,8.6,Sunflower
55,40,39,20.26,58.54,6.94,39.57,Loamy,Oilseed,88,Medium,7.3,Sunflower
62,50,32,20.03,57.02,6.47,54.31,Alluvial,Oilseed,97,Medium,8.7,Sunflower
53,34,48,27.38,55.29,7.04,60.11,Black,Oilseed,97,Medium,8.5,Sunflower
60,47,45,26.22,65.4,6.84,58.77,Black,Oilseed,85,Medium,9.0,Sunflower
68,43,36,27.73,61.79,7.66,55.46,Loamy,Oilseed,91,Medium,9.7,Sunflower
64,42,38,23.97,64.02,6.92,72.91,Loamy,Oilseed,97,Medium,8.5,Sunflower
57,42,34,22.46,67.08,6.98,57.34,Black,Oilseed,104,Medium,8.4,Sunflower
57,51,42,23.61,62.99,7.15,53.14,Black,Oilseed,83,Medium,8.7,Sunflower
73,42,41,24.55,47.84,6.8,68.59,Loamy,Oilseed,91,Medium,8.8,Sunflower
68,45,44,25.15,52.26,6.76,65.2,Alluvial,Oilseed,101,Medium,8.7,Sunflower
51,47,36,20.14,58.11,7.49,59.26,Alluvial,Oilseed,97,Medium,9.4,Sunflower
71,41,35,21.05,62.75,7.33,55.43,Black,Oilseed,105,Medium,8.4,Sunflower
72,52,40,21.69,53.51,6.87,75.81,Alluvial,Oilseed,89,Medium,7.9,Sunflower
67,47,47,19.85,57.19,7.58,66.21,Black,Oilseed,94,Medium,9.5,Sunflower
60,49,34,19.44,56.36,5.72,65.85,Loamy,Oilseed,86,Medium,9.2,Sunflower
66,44,41,24.61,56.24,7.92,68.93,Loamy,Oilseed,98,Medium,9.6,Sunflower
70,55,40,23.98,54.1,6.87,57.69,Black,Oilseed,98,Medium,8.5,Sunflower
65,47,40,21.31,62.19,6.96,36.27,Loamy,Oilseed,90,Medium,9.8,Sunflower
76,47,43,21.67,56.44,7.62,69.26,Alluvial,Oilseed,95,Medium,8.9,Sunflower
74,50,42,24.2,55.86,7.35,53.98,Loamy,Oilseed,90,Medium,8.1,Sunflower
74,41,41,23.62,75.39,7.22,46.38,Loamy,Oilseed,100,Medium,8.8,Sunflower
63,41,40,24.55,54.13,6.75,66.01,Alluvial,Oilseed,83,Medium,8.1,Sunflower
78,46,37,18.91,57.66,7.49,91.39,Alluvial,Oilseed,103,Medium,8.5,Sunflower
61,37,36,23.36,55.8,8.03,51.85,Black,Oilseed,94,Medium,7.8,Sunflower
67,38,44,23.13,49.59,5.95,55.21,Loamy,Oilseed,96,Medium,9.3,Sunflower
61,49,35,15.22,59.7,7.65,77.99,Black,Oilseed,88,Medium,8.7,Sunflower
70,41,40,21.85,51.46,6.55,74.56,Black,Oilseed,95,Medium,9.8,Sunflower
69,53,43,26.28,57.28,8.5,66.13,Alluvial,Oilseed,85,Medium,9.2,Sunflower
57,50,42,23.43,52.67,7.07,58.59,Black,Oilseed,98,Medium,9.3,Sunflower
88,42,38,23.54,57.33,7.51,62.24,Black,Oilseed,104,Medium,9.3,Sunflower
61,41,44,24.09,58.05,6.7,64.39,Loamy,Oilseed,91,Medium,9.8,Sunflower
70,44,39,24.28,57.97,6.52,45.99,Black,Oilseed,91,Medium,8.9,Sunflower
59,49,39,29.62,54.63,7.07,62.11,Black,Oilseed,97,Medium,9.6,Sunflower
69,34,41,20.97,56.14,7.34,53.8,Black,Oilseed,100,Medium,8.8,Sunflower
82,45,46,27.59,54.33,6.35,66.14,Loamy,Oilseed,92,Medium,9.9,Sunflower
63,43,34,25.26,50.95,7.22,70.8,Alluvial,Oilseed,91,Medium,9.6,Sunflower
62,37,46,21.23,61.04,7.21,68.89,Loamy,Oilseed,96,Medium,8.4,Sunflower
78,49,41,20.0,52.13,7.33,44.96,Alluvial,Oilseed,96,Medium,8.2,Sunflower
58,37,40,27.35,60.09,7.23,66.68,Alluvial,Oilseed,98,Medium,9.3,Sunflower
43,49,43,22.91,46.15,7.12,68.27,Alluvial,Oilseed,92,Medium,9.1,Sunflower
73,56,40,25.0,53.06,6.75,63.64,Loamy,Oilseed,100,Medium,9.5,Sunflower
80,37,34,27.31,66.69,7.02,20.34,Loamy,Oilseed,91,Medium,9.2,Sunflower
57,45,47,28.28,62.85,6.97,60.05,Alluvial,Oilseed,98,Medium,9.0,Sunflower
65,37,37,26.26,51.39,7.13,69.13,Loamy,Oilseed,97,Medium,9.3,Sunflower
70,41,34,21.38,62.38,6.4,54.59,Black,Oilseed,90,Medium,7.9,Sunflower
55,50,37,18.75,54.93,7.26,46.69,Alluvial,Oilseed,99,Medium,8.1,Sunflower
61,42,37,23.81,62.67,6.98,58.94,Alluvial,Oilseed,97,Medium,9.1,Sunflower
59,45,36,21.4,62.83,7.22,72.7,Alluvial,Oilseed,98,Medium,8.5,Sunflower
73,43,43,23.62,59.88,7.17,73.13,Alluvial,Oilseed,87,Medium,8.1,Sunflower
70,46,36,25.09,49.55,8.63,78.12,Black,Oilseed,97,Medium,9.0,Sunflower
60,38,39,21.42,53.19,6.29,67.5,Loamy,Oilseed,93,Medium,9.3,Sunflower
68,46,50,26.47,50.44,7.23,64.46,Black,Oilseed,88,Medium,8.1,Sunflower
68,48,35,26.91,59.71,7.6,75.9,Loamy,Oilseed,94,Medium,10.0,Sunflower
56,56,36,23.86,54.6,6.81,94.24,Black,Oilseed,92,Medium,9.5,Sunflower
63,49,37,24.77,61.77,6.64,92.58,Alluvial,Oilseed,98,Medium,8.9,Sunflower
59,45,35,29.35,60.59,6.96,75.46,Black,Oilseed,91,Medium,8.3,Sunflower
63,45,42,19.57,55.26,5.46,53.18,Black,Oilseed,98,Medium,9.6,Sunflower
55,43,40,27.23,67.17,7.08,62.39,Alluvial,Oilseed,88,Medium,9.1,Sunflower
81,51,40,24.91,53.87,6.82,66.48,Loamy,Oilseed,95,Medium,9.6,Sunflower
72,47,36,21.12,52.67,7.12,44.74,Loamy,Oilseed,94,Medium,9.8,Sunflower
70,43,37,26.42,59.84,6.88,59.11,Alluvial,Oilseed,95,Medium,8.8,Sunflower
71,51,34,20.32,66.09,7.08,53.68,Alluvial,Oilseed,99,Medium,9.2,Sunflower
82,43,44,19.65,66.38,7.47,81.04,Alluvial,Oilseed,100,Medium,8.9,Sunflower
55,41,32,21.24,60.56,6.98,62.76,Alluvial,Oilseed,91,Medium,7.9,Sunflower
66,46,36,22.4,67.25,7.58,50.16,Alluvial,Oilseed,94,Medium,9.9,Sunflower
63,43,44,26.96,63.61,6.87,71.63,Black,Oilseed,102,Medium,9.0,Sunflower
37,34,31,34.29,50.13,6.46,39.77,Loamy,Oilseed,85,Low,7.9,Sesame
37,32,26,24.47,59.85,6.06,40.31,Red,Oilseed,79,Low,8.1,Sesame
35,26,17,29.32,53.16,7.72,51.89,Loamy,Oilseed,82,Low,7.8,Sesame
39,31,23,29.15,61.49,6.41,32.91,Red,Oilseed,88,Low,8.7,Sesame
31,31,22,30.1,61.54,6.51,56.67,Sandy,Oilseed,79,Low,7.6,Sesame
50,31,26,31.88,49.36,7.01,53.39,Sandy,Oilseed,79,Low,9.4,Sesame
46,24,25,28.42,59.09,5.89,76.82,Sandy,Oilseed,84,Low,8.9,Sesame
46,29,24,27.74,47.57,6.74,46.92,Sandy,Oilseed,82,Low,8.2,Sesame
42,26,24,31.25,53.24,6.08,47.81,Loamy,Oilseed,86,Low,9.1,Sesame
36,27,22,27.39,54.03,6.9,56.41,Sandy,Oilseed,84,Low,7.7,Sesame
43,30,25,25.79,51.02,6.0,51.86,Loamy,Oilseed,83,Low,8.2,Sesame
32,34,24,29.22,48.32,5.77,43.75,Red,Oilseed,83,Low,8.7,Sesame
38,27,20,29.12,48.02,7.26,49.2,Red,Oilseed,87,Low,8.4,Sesame
41,26,21,29.04,54.85,5.63,44.01,Sandy,Oilseed,92,Low,8.8,Sesame
47,27,23,31.42,55.12,6.55,37.9,Loamy,Oilseed,89,Low,10.0,Sesame
32,35,23,28.17,53.35,6.0,47.7,Red,Oilseed,78,Low,8.8,Sesame
51,27,24,28.7,56.93,6.8,55.36,Red,Oilseed,82,Low,8.8,Sesame
23,32,21,28.18,55.73,5.83,56.72,Red,Oilseed,84,Low,9.4,Sesame
35,22,24,30.47,55.35,6.03,35.0,Red,Oilseed,83,Low,8.8,Sesame
42,36,23,24.39,57.98,6.7,50.26,Sandy,Oilseed,88,Low,9.3,Sesame
39,34,26,27.36,50.83,6.91,42.33,Sandy,Oilseed,88,Low,8.6,Sesame
41,35,26,29.18,51.59,6.53,50.5,Sandy,Oilseed,90,Low,8.1,Sesame
36,35,23,29.54,49.04,5.76,49.59,Red,Oilseed,89,Low,8.5,Sesame
32,30,22,22.45,51.6,6.86,57.42,Sandy,Oilseed,92,Low,8.9,Sesame
44,24,29,32.17,50.16,6.94,52.65,Red,Oilseed,91,Low,8.4,Sesame
36,28,27,24.2,37.01,7.05,50.2,Sandy,Oilseed,85,Low,7.7,Sesame
31,27,26,27.54,56.5,6.12,43.85,Sandy,Oilseed,87,Low,8.3,Sesame
38,27,22,29.89,54.42,6.71,43.07,Loamy,Oilseed,84,Low,9.5,Sesame
32,37,25,28.55,56.77,5.57,59.04,Loamy,Oilseed,92,Low,9.2,Sesame
29,33,29,32.86,44.96,7.11,62.36,Red,Oilseed,85,Low,7.6,Sesame
44,34,24,26.02,56.91,6.22,51.18,Red,Oilseed,91,Low,7.5,Sesame
44,29,24,30.29,48.14,6.01,33.73,Red,Oilseed,90,Low,8.3,Sesame
42,28,21,30.63,53.64,6.48,50.42,Loamy,Oilseed,80,Low,9.1,Sesame
46,33,23,29.15,59.84,7.24,63.95,Sandy,Oilseed,81,Low,8.0,Sesame
40,31,24,28.03,58.34,6.55,38.28,Loamy,Oilseed,80,Low,8.6,Sesame
55,26,24,35.01,49.58,6.83,63.01,Sandy,Oilseed,80,Low,8.3,Sesame
37,23,29,27.54,47.62,6.38,55.43,Red,Oilseed,85,Low,8.0,Sesame
42,33,24,28.41,57.08,6.51,60.87,Loamy,Oilseed,81,Low,8.0,Sesame
35,29,25,25.69,52.48,6.88,36.28,Red,Oilseed,82,Low,8.8,Sesame
34,28,28,33.49,54.2,6.52,43.99,Sandy,Oilseed,88,Low,9.2,Sesame
34,33,23,26.85,51.23,7.1,50.48,Sandy,Oilseed,86,Low,8.7,Sesame
42,29,26,27.35,55.26,7.03,53.59,Loamy,Oilseed,88,Low,8.8,Sesame
45,20,27,33.94,48.89,6.23,58.29,Loamy,Oilseed,81,Low,8.1,Sesame
40,26,27,27.02,53.8,6.74,61.31,Loamy,Oilseed,89,Low,8.2,Sesame
33,33,23,28.16,46.7,6.94,42.83,Red,Oilseed,84,Low,8.5,Sesame
40,32,24,27.15,42.7,6.65,46.74,Sandy,Oilseed,81,Low,8.5,Sesame
44,34,20,28.1,56.81,7.4,41.46,Loamy,Oilseed,90,Low,7.7,Sesame
45,28,29,27.84,50.45,6.53,35.7,Red,Oilseed,77,Low,8.8,Sesame
44,32,21,30.2,47.05,6.8,57.05,Red,Oilseed,86,Low,9.4,Sesame
39,29,25,25.64,49.99,6.44,45.73,Red,Oilseed,86,Low,7.6,Sesame
34,34,18,30.54,50.13,6.68,60.46,Sandy,Oilseed,84,Low,8.9,Sesame
40,29,24,30.75,48.34,6.03,48.6,Loamy,Oilseed,85,Low,7.4,Sesame
39,25,26,24.49,61.63,6.43,41.08,Loamy,Oilseed,83,Low,8.8,Sesame
44,28,20,25.97,53.43,7.09,56.94,Red,Oilseed,85,Low,9.1,Sesame
49,34,27,26.98,56.81,6.83,53.21,Loamy,Oilseed,90,Low,8.7,Sesame
39,25,24,29.53,53.39,6.72,55.68,Sandy,Oilseed,88,Low,8.5,Sesame
35,31,31,29.8,50.52,6.87,52.77,Loamy,Oilseed,87,Low,9.3,Sesame
41,35,25,32.78,58.03,7.06,54.31,Red,Oilseed,94,Low,9.1,Sesame
35,30,24,34.16,58.26,7.62,41.92,Sandy,Oilseed,89,Low,7.7,Sesame
32,28,29,26.52,51.92,7.19,54.77,Loamy,Oilseed,94,Low,8.5,Sesame
37,25,23,26.24,43.02,7.58,48.39,Sandy,Oilseed,96,Low,8.0,Sesame
37,26,23,31.18,54.83,7.04,58.74,Loamy,Oilseed,89,Low,7.9,Sesame
37,30,36,30.93,52.53,6.94,43.18,Sandy,Oilseed,86,Low,9.1,Sesame
39,26,24,28.2,45.21,6.31,36.86,Red,Oilseed,79,Low,7.8,Sesame
44,35,20,32.95,46.37,6.97,50.07,Red,Oilseed,87,Low,7.8,Sesame
30,26,26,33.89,46.85,6.55,42.01,Red,Oilseed,84,Low,7.3,Sesame
47,30,27,28.42,52.95,7.16,49.05,Sandy,Oilseed,85,Low,8.0,Sesame
37,25,22,32.13,61.04,5.98,51.16,Sandy,Oilseed,83,Low,9.3,Sesame
40,29,22,25.17,55.8,6.78,51.02,Red,Oilseed,82,Low,8.4,Sesame
43,33,21,27.42,45.05,6.7,55.07,Red,Oilseed,83,Low,8.1,Sesame
67,51,65,27.61,79.28,6.19,131.87,Loamy,Spice,255,High,6.2,Turmeric
63,36,59,25.94,75.52,6.4,146.22,Loamy,Spice,272,High,6.1,Turmeric
74,37,68,25.51,77.62,6.44,166.24,Loamy,Spice,282,High,7.6,Turmeric
74,39,57,25.71,83.94,5.65,133.62,Loamy,Spice,267,High,6.0,Turmeric
67,49,58,26.91,71.37,5.76,168.65,Loamy,Spice,292,High,6.6,Turmeric
67,42,47,26.5,73.82,6.52,106.15,Red,Spice,261,High,6.5,Turmeric
64,38,64,25.95,74.28,6.58,155.02,Red,Spice,273,High,6.0,Turmeric
52,35,54,24.65,74.63,6.25,167.62,Red,Spice,284,High,7.0,Turmeric
63,40,67,22.51,83.39,5.8,155.88,Loamy,Spice,275,High,6.6,Turmeric
85,38,51,26.78,77.32,6.42,167.64,Loamy,Spice,269,High,6.8,Turmeric
71,48,58,24.49,81.52,5.83,157.84,Loamy,Spice,267,High,6.4,Turmeric
87,46,65,27.17,75.23,6.3,161.67,Clayey,Spice,272,High,6.6,Turmeric
67,41,57,27.55,69.94,6.74,123.77,Clayey,Spice,255,High,6.7,Turmeric
73,50,61,25.91,78.77,6.84,198.49,Clayey,Spice,267,High,6.8,Turmeric
69,39,69,23.96,68.66,6.33,174.02,Clayey,Spice,272,High,6.8,Turmeric
75,40,62,27.19,70.17,6.25,118.54,Red,Spice,269,High,6.2,Turmeric
77,41,62,25.58,82.21,5.56,132.09,Loamy,Spice,287,High,6.2,Turmeric
54,47,65,27.56,78.38,6.86,175.17,Red,Spice,290,High,6.9,Turmeric
70,38,53,27.1,80.34,6.06,162.27,Loamy,Spice,265,High,7.0,Turmeric
63,34,58,27.82,73.36,6.62,117.15,Red,Spice,266,High,5.7,Turmeric
51,41,59,22.93,75.93,6.38,142.64,Clayey,Spice,267,High,6.3,Turmeric
65,37,56,24.34,73.93,6.05,137.2,Red,Spice,255,High,7.0,Turmeric
78,39,60,24.48,82.27,6.9,146.72,Red,Spice,262,High,6.7,Turmeric
70,37,62,28.06,74.86,7.22,119.34,Loamy,Spice,258,High,6.6,Turmeric
85,37,54,27.21,77.01,6.47,148.58,Clayey,Spice,258,High,7.9,Turmeric
49,49,64,24.36,85.49,5.65,170.16,Red,Spice,241,High,5.8,Turmeric
61,36,60,24.18,69.85,6.39,150.98,Loamy,Spice,275,High,6.6,Turmeric
76,39,65,24.29,75.13,6.75,177.11,Clayey,Spice,277,High,6.0,Turmeric
63,46,66,25.86,87.37,6.38,127.86,Clayey,Spice,266,High,6.5,Turmeric
70,46,55,23.07,80.41,6.0,198.47,Loamy,Spice,282,High,6.2,Turmeric
78,43,63,25.73,79.68,5.36,176.34,Loamy,Spice,223,High,6.2,Turmeric
58,37,59,23.37,66.9,6.28,191.73,Loamy,Spice,265,High,7.1,Turmeric
80,30,57,23.19,74.77,6.88,154.47,Clayey,Spice,280,High,6.5,Turmeric
61,43,66,26.7,79.96,5.71,164.14,Loamy,Spice,288,High,6.7,Turmeric
57,48,55,26.85,81.81,6.63,114.0,Red,Spice,271,High,6.5,Turmeric
80,42,67,27.19,77.7,6.28,180.47,Loamy,Spice,252,High,7.0,Turmeric
65,35,65,24.06,79.51,6.0,102.86,Red,Spice,276,High,6.6,Turmeric
56,36,50,27.61,83.55,6.54,169.78,Red,Spice,263,High,6.8,Turmeric
69,40,64,28.59,76.44,5.64,146.25,Red,Spice,267,High,6.7,Turmeric
75,30,56,23.88,83.0,6.12,139.74,Red,Spice,277,High,6.1,Turmeric
69,49,68,25.1,77.27,5.95,111.48,Loamy,Spice,283,High,8.0,Turmeric
66,35,58,26.19,73.46,6.02,170.3,Clayey,Spice,271,High,7.3,Turmeric
72,34,57,26.55,73.51,5.7,126.16,Red,Spice,276,High,6.3,Turmeric
78,35,47,25.71,84.59,6.21,122.56,Loamy,Spice,248,High,7.2,Turmeric
64,47,63,24.31,82.67,5.83,121.05,Red,Spice,258,High,7.0,Turmeric
77,38,50,22.58,73.73,5.68,155.31,Loamy,Spice,296,High,7.0,Turmeric
62,36,57,26.86,84.29,6.01,180.78,Red,Spice,298,High,6.3,Turmeric
67,38,60,25.21,81.54,5.58,139.31,Clayey,Spice,274,High,7.0,Turmeric
85,33,56,21.01,73.56,5.49,139.57,Red,Spice,266,High,6.8,Turmeric
67,42,60,23.73,71.25,6.43,182.93,Clayey,Spice,304,High,7.1,Turmeric
80,42,61,26.24,77.58,6.44,139.59,Clayey,Spice,268,High,5.8,Turmeric
73,35,60,27.1,80.34,6.51,145.73,Loamy,Spice,276,High,6.2,Turmeric
56,42,61,28.23,77.9,5.56,148.17,Red,Spice,281,High,6.8,Turmeric
68,31,54,27.05,71.34,6.07,150.77,Red,Spice,285,High,6.9,Turmeric
76,41,55,24.65,74.27,6.44,136.12,Clayey,Spice,264,High,6.5,Turmeric
81,43,56,26.33,84.61,6.45,118.03,Red,Spice,257,High,5.9,Turmeric
80,46,56,24.58,78.18,6.23,130.75,Loamy,Spice,266,High,5.6,Turmeric
78,31,51,26.96,73.05,6.0,151.26,Clayey,Spice,279,High,6.4,Turmeric
82,39,65,26.61,86.52,6.62,150.87,Clayey,Spice,278,High,6.3,Turmeric
68,33,55,30.53,73.18,5.94,148.13,Loamy,Spice,269,High,6.7,Turmeric
66,42,65,28.79,76.93,6.44,127.08,Loamy,Spice,260,High,5.8,Turmeric
69,35,52,25.15,71.09,6.73,138.85,Loamy,Spice,283,High,6.2,Turmeric
61,45,60,30.15,76.13,6.02,170.1,Red,Spice,283,High,6.6,Turmeric
93,38,53,23.79,76.9,6.81,146.27,Loamy,Spice,291,High,6.8,Turmeric
77,41,61,27.66,75.73,5.98,156.99,Loamy,Spice,296,High,5.6,Turmeric
55,38,65,26.11,73.32,6.23,115.34,Clayey,Spice,278,High,6.3,Turmeric
69,42,61,24.81,82.13,6.52,114.51,Red,Spice,266,High,5.9,Turmeric
61,42,57,25.69,75.32,6.35,163.57,Clayey,Spice,299,High,6.4,Turmeric
59,37,64,24.3,72.07,5.9,139.33,Clayey,Spice,255,High,6.6,Turmeric
69,43,57,27.23,76.03,5.75,139.14,Loamy,Spice,248,High,7.6,Turmeric
50,26,68,22.59,87.02,6.03,212.69,Red,Spice,370,High,4.7,Black Pepper
42,23,69,28.91,80.66,5.64,234.47,Laterite,Spice,335,High,6.6,Black Pepper
56,32,74,28.75,83.02,6.07,198.68,Loamy,Spice,373,High,6.3,Black Pepper
33,31,73,23.92,82.99,5.18,219.92,Red,Spice,363,High,4.9,Black Pepper
56,28,71,29.37,78.79,5.5,197.62,Loamy,Spice,360,High,6.8,Black Pepper
52,31,72,27.77,75.61,6.42,173.39,Loamy,Spice,396,High,5.9,Black Pepper
51,28,83,28.09,82.06,5.29,193.62,Red,Spice,365,High,4.9,Black Pepper
54,27,75,28.77,81.81,5.73,225.76,Laterite,Spice,338,High,6.5,Black Pepper
48,32,73,22.52,79.7,5.84,211.56,Laterite,Spice,377,High,5.6,Black Pepper
57,30,77,25.24,81.55,5.26,219.72,Loamy,Spice,359,High,5.4,Black Pepper
45,28,69,23.36,73.94,5.52,140.77,Laterite,Spice,361,High,5.3,Black Pepper
53,27,77,28.53,76.71,5.39,248.18,Red,Spice,352,High,5.5,Black Pepper
58,27,75,25.36,71.89,5.99,220.97,Red,Spice,374,High,4.8,Black Pepper
43,34,71,26.79,82.77,6.1,228.09,Laterite,Spice,356,High,4.7,Black Pepper
53,26,64,29.37,85.05,5.65,179.04,Laterite,Spice,397,High,6.1,Black Pepper
48,27,70,26.14,89.74,5.35,183.3,Loamy,Spice,393,High,5.2,Black Pepper
54,32,69,25.25,81.83,5.03,209.41,Red,Spice,379,High,6.5,Black Pepper
43,28,67,27.49,76.67,5.13,167.7,Laterite,Spice,338,High,5.1,Black Pepper
60,31,70,29.42,83.34,5.69,198.17,Laterite,Spice,353,High,4.7,Black Pepper
46,28,71,26.93,80.72,5.14,219.98,Laterite,Spice,355,High,5.7,Black Pepper
38,31,73,28.12,81.31,5.87,178.18,Loamy,Spice,363,High,5.4,Black Pepper
56,21,64,30.15,73.49,5.83,192.49,Red,Spice,369,High,6.3,Black Pepper
51,35,67,26.35,84.75,5.32,224.93,Loamy,Spice,386,High,6.0,Black Pepper
40,28,71,26.56,82.28,5.62,196.84,Red,Spice,361,High,4.8,Black Pepper
47,23,70,26.65,78.79,6.21,203.86,Red,Spice,370,High,5.1,Black Pepper
47,31,68,27.01,84.82,5.29,176.7,Loamy,Spice,337,High,6.4,Black Pepper
55,32,67,24.6,81.01,5.46,181.71,Laterite,Spice,338,High,4.5,Black Pepper
53,25,71,26.28,84.06,5.63,204.2,Loamy,Spice,367,High,5.4,Black Pepper
46,33,67,26.84,77.05,5.61,194.74,Laterite,Spice,356,High,5.0,Black Pepper
49,21,73,26.93,80.36,4.88,220.83,Loamy,Spice,353,High,6.3,Black Pepper
52,36,70,28.94,83.62,5.32,214.68,Laterite,Spice,349,High,6.7,Black Pepper
49,30,71,25.04,86.62,5.09,178.71,Loamy,Spice,361,High,4.7,Black Pepper
59,29,53,27.36,83.94,5.33,176.1,Red,Spice,363,High,5.2,Black Pepper
44,25,70,28.63,83.62,4.81,225.39,Laterite,Spice,379,High,6.3,Black Pepper
44,29,72,26.05,83.93,5.49,188.84,Loamy,Spice,351,High,6.2,Black Pepper
44,25,71,26.94,77.41,5.29,189.58,Loamy,Spice,353,High,7.0,Black Pepper
48,26,80,28.6,84.54,5.17,239.79,Laterite,Spice,379,High,5.6,Black Pepper
39,29,78,27.4,80.68,5.41,206.02,Red,Spice,350,High,5.5,Black Pepper
58,35,66,29.3,84.66,5.75,220.8,Loamy,Spice,348,High,5.3,Black Pepper
54,25,64,27.55,79.24,5.83,191.14,Laterite,Spice,369,High,5.7,Black Pepper
47,29,66,26.97,78.63,5.41,228.71,Laterite,Spice,344,High,5.2,Black Pepper
53,21,79,28.88,76.62,4.66,210.74,Red,Spice,344,High,6.1,Black Pepper
52,30,67,29.88,84.64,5.74,240.0,Red,Spice,346,High,6.3,Black Pepper
48,31,69,23.62,85.35,4.77,185.84,Red,Spice,356,High,4.3,Black Pepper
43,30,68,26.52,78.8,5.52,201.87,Red,Spice,335,High,5.4,Black Pepper
42,33,68,31.54,85.38,5.45,224.49,Loamy,Spice,326,High,6.1,Black Pepper
45,30,66,25.88,81.37,5.53,209.33,Loamy,Spice,364,High,4.5,Black Pepper
63,30,72,26.39,78.94,5.56,217.23,Red,Spice,388,High,6.7,Black Pepper
58,22,67,27.6,80.6,5.48,156.37,Red,Spice,381,High,4.4,Black Pepper
40,25,69,24.08,78.29,5.96,207.19,Red,Spice,372,High,4.8,Black Pepper
49,29,66,26.91,75.38,5.68,200.01,Red,Spice,360,High,6.0,Black Pepper
52,28,64,29.39,77.31,5.75,170.07,Laterite,Spice,381,High,6.1,Black Pepper
38,31,71,28.27,83.28,5.12,204.57,Laterite,Spice,395,High,4.8,Black Pepper
51,34,65,24.45,77.57,5.66,178.13,Laterite,Spice,362,High,6.3,Black Pepper
49,26,70,26.88,83.58,6.15,219.92,Laterite,Spice,402,High,5.8,Black Pepper
45,39,69,25.1,90.13,5.21,190.69,Loamy,Spice,354,High,5.6,Black Pepper
55,19,74,26.0,80.55,6.19,215.33,Laterite,Spice,373,High,5.5,Black Pepper
54,36,57,28.95,87.41,5.7,193.07,Laterite,Spice,343,High,6.9,Black Pepper
44,36,71,30.68,80.89,4.86,210.05,Laterite,Spice,337,High,7.1,Black Pepper
53,33,73,25.75,81.54,5.54,258.6,Laterite,Spice,343,High,5.1,Black Pepper
47,27,62,22.13,75.61,5.94,209.79,Red,Spice,380,High,5.2,Black Pepper
49,36,77,28.7,82.71,5.71,219.27,Red,Spice,361,High,5.3,Black Pepper
56,24,77,26.5,77.4,5.28,188.14,Red,Spice,354,High,5.1,Black Pepper
46,28,69,28.37,81.14,5.63,210.19,Red,Spice,374,High,5.5,Black Pepper
46,26,71,29.29,81.2,5.22,203.6,Laterite,Spice,354,High,5.1,Black Pepper
41,29,71,25.05,78.93,5.12,175.33,Loamy,Spice,347,High,5.4,Black Pepper
41,29,66,25.33,83.32,5.24,198.25,Red,Spice,388,High,4.9,Black Pepper
59,28,64,26.0,82.24,6.0,229.97,Laterite,Spice,366,High,6.3,Black Pepper
38,30,71,27.58,76.36,5.09,205.84,Red,Spice,385,High,6.6,Black Pepper
46,24,74,31.71,85.87,5.2,281.53,Red,Spice,377,High,5.0,Black Pepper
54,31,61,20.95,87.93,5.31,220.97,Loamy,Spice,385,High,3.1,Cardamom
46,33,61,17.99,80.09,4.98,252.26,Loamy,Spice,380,High,4.4,Cardamom
37,38,71,21.57,85.09,4.95,261.4,Laterite,Spice,342,High,4.8,Cardamom
36,33,67,19.44,89.57,4.81,199.5,Laterite,Spice,373,High,4.9,Cardamom
46,38,56,18.57,93.47,5.81,235.84,Laterite,Spice,362,High,5.1,Cardamom
47,28,69,17.77,90.28,4.65,259.98,Loamy,Spice,359,High,3.8,Cardamom
41,33,64,22.14,88.21,4.43,189.26,Laterite,Spice,415,High,4.6,Cardamom
49,33,59,18.54,88.38,5.12,267.96,Laterite,Spice,353,High,3.9,Cardamom
49,38,65,18.3,82.3,5.79,241.71,Loamy,Spice,356,High,4.5,Cardamom
43,41,59,18.26,85.85,5.42,221.4,Laterite,Spice,368,High,4.0,Cardamom
52,33,70,25.78,85.38,5.44,216.71,Laterite,Spice,402,High,4.3,Cardamom
46,35,64,21.01,88.28,5.49,225.34,Laterite,Spice,353,High,4.3,Cardamom
47,37,71,23.22,86.44,5.35,215.16,Loamy,Spice,344,High,4.8,Cardamom
48,30,63,18.56,83.47,5.29,191.37,Loamy,Spice,367,High,4.7,Cardamom
46,36,72,17.88,85.72,5.56,216.7,Laterite,Spice,385,High,4.8,Cardamom
54,34,57,20.18,87.78,5.51,236.57,Loamy,Spice,355,High,3.9,Cardamom
44,25,65,18.69,90.59,4.51,220.16,Loamy,Spice,393,High,4.9,Cardamom
49,36,56,19.83,89.23,4.87,216.84,Laterite,Spice,312,High,4.3,Cardamom
42,40,61,18.97,87.76,5.06,237.99,Laterite,Spice,328,High,5.2,Cardamom
44,40,51,14.63,87.12,5.5,206.13,Loamy,Spice,375,High,5.1,Cardamom
48,35,65,18.27,87.83,4.89,200.38,Loamy,Spice,374,High,4.2,Cardamom
41,36,66,19.07,87.55,5.47,244.22,Laterite,Spice,368,High,3.8,Cardamom
43,33,59,20.5,89.72,5.59,195.23,Laterite,Spice,367,High,4.5,Cardamom
46,35,64,19.23,91.32,4.96,215.67,Loamy,Spice,384,High,4.0,Cardamom
41,37,57,20.82,86.53,5.46,189.48,Laterite,Spice,386,High,3.8,Cardamom
48,30,74,19.36,93.85,4.97,208.93,Laterite,Spice,387,High,3.6,Cardamom
41,36,59,20.54,88.51,4.69,244.19,Laterite,Spice,341,High,5.0,Cardamom
45,33,59,20.16,85.38,5.78,251.11,Laterite,Spice,394,High,4.7,Cardamom
42,33,63,20.0,89.31,5.79,220.5,Laterite,Spice,339,High,4.3,Cardamom
52,28,68,18.72,85.35,5.46,259.02,Laterite,Spice,371,High,4.3,Cardamom
38,34,58,18.88,87.81,4.36,254.71,Laterite,Spice,342,High,4.4,Cardamom
47,40,61,14.48,91.24,4.8,228.99,Laterite,Spice,372,High,3.0,Cardamom
36,33,52,16.82,88.37,5.26,227.57,Loamy,Spice,373,High,3.5,Cardamom
38,38,72,17.57,88.78,5.62,225.94,Loamy,Spice,360,High,4.1,Cardamom
54,35,66,20.15,85.56,5.32,211.94,Laterite,Spice,358,High,4.7,Cardamom
40,30,67,18.44,86.96,4.53,244.08,Loamy,Spice,374,High,4.9,Cardamom
46,28,66,18.28,85.11,5.5,261.46,Laterite,Spice,392,High,4.9,Cardamom
44,34,60,18.96,90.73,6.03,199.59,Laterite,Spice,328,High,4.2,Cardamom
49,43,71,22.07,85.45,4.97,186.9,Laterite,Spice,352,High,5.0,Cardamom
53,36,63,17.37,87.66,5.38,183.42,Laterite,Spice,381,High,4.2,Cardamom
49,34,66,18.1,86.97,5.56,216.71,Loamy,Spice,344,High,4.6,Cardamom
46,40,70,19.37,86.36,5.21,206.91,Laterite,Spice,374,High,5.1,Cardamom
51,33,62,18.66,82.2,4.82,219.14,Laterite,Spice,371,High,4.8,Cardamom
41,33,63,18.74,90.06,4.78,191.27,Loamy,Spice,359,High,3.7,Cardamom
35,29,63,20.76,89.95,5.94,222.54,Laterite,Spice,369,High,4.3,Cardamom
43,43,66,20.2,84.56,5.46,236.46,Laterite,Spice,385,High,4.9,Cardamom
44,34,64,19.71,91.8,5.73,238.82,Loamy,Spice,402,High,3.0,Cardamom
42,34,61,17.64,82.85,5.18,242.35,Laterite,Spice,379,High,4.0,Cardamom
46,40,57,19.18,88.86,5.3,241.27,Laterite,Spice,337,High,3.9,Cardamom
48,28,69,20.4,90.23,5.11,232.75,Loamy,Spice,343,High,4.3,Cardamom
45,31,66,17.21,88.81,6.0,188.58,Loamy,Spice,364,High,3.5,Cardamom
40,37,62,20.98,89.07,5.27,194.26,Loamy,Spice,377,High,4.7,Cardamom
37,31,51,16.77,87.06,4.88,199.21,Laterite,Spice,390,High,5.1,Cardamom
41,38,71,20.74,88.9,5.74,239.24,Loamy,Spice,342,High,4.4,Cardamom
42,39,62,18.0,91.08,5.4,272.79,Loamy,Spice,349,High,4.2,Cardamom
50,29,71,17.09,89.83,4.56,221.13,Laterite,Spice,340,High,5.7,Cardamom
39,31,67,18.3,90.1,5.02,200.3,Loamy,Spice,364,High,3.8,Cardamom
46,38,67,20.79,82.23,5.12,214.32,Laterite,Spice,391,High,4.2,Cardamom
33,30,61,15.19,90.91,4.67,231.15,Laterite,Spice,345,High,5.4,Cardamom
43,33,67,17.49,89.73,5.11,205.13,Loamy,Spice,363,High,3.8,Cardamom
44,36,53,21.68,90.45,4.56,169.74,Loamy,Spice,380,High,5.0,Cardamom
48,29,74,17.99,88.72,5.4,259.82,Loamy,Spice,367,High,4.7,Cardamom
44,30,53,19.57,83.76,5.44,223.72,Laterite,Spice,367,High,3.9,Cardamom
50,36,59,23.64,87.37,4.77,201.04,Laterite,Spice,337,High,5.3,Cardamom
50,37,67,22.0,87.27,5.47,199.7,Laterite,Spice,362,High,4.8,Cardamom
29,32,65,19.34,86.64,5.54,202.31,Loamy,Spice,342,High,5.2,Cardamom
50,32,64,21.19,88.13,5.51,231.89,Loamy,Spice,359,High,4.8,Cardamom
40,36,64,18.78,84.26,5.35,220.96,Loamy,Spice,349,High,3.5,Cardamom
36,33,66,23.2,87.86,4.65,214.83,Loamy,Spice,387,High,4.1,Cardamom
50,35,68,23.22,82.49,5.66,217.63,Laterite,Spice,347,High,4.4,Cardamom
43,30,13,20.08,45.77,7.39,34.89,Sandy,Spice,96,Low,8.1,Cumin
28,18,16,19.68,38.96,7.06,41.12,Loamy,Spice,100,Low,9.4,Cumin
32,26,21,19.76,40.69,7.2,37.23,Loamy,Spice,104,Low,8.1,Cumin
35,26,25,22.17,42.04,7.57,29.3,Sandy,Spice,95,Low,8.3,Cumin
40,29,14,23.67,33.26,7.58,37.4,Loamy,Spice,95,Low,9.1,Cumin
43,24,20,25.7,37.49,6.96,29.96,Sandy,Spice,105,Low,8.5,Cumin
32,23,18,20.77,38.93,7.1,22.99,Sandy,Spice,103,Low,7.3,Cumin
38,22,19,21.07,41.02,7.91,26.89,Sandy,Spice,96,Low,8.6,Cumin
32,26,22,19.23,44.41,6.99,35.45,Loamy,Spice,98,Low,8.6,Cumin
34,20,15,23.88,40.19,7.8,31.74,Loamy,Spice,111,Low,7.9,Cumin
42,25,21,19.49,44.92,7.71,33.05,Loamy,Spice,93,Low,7.8,Cumin
29,26,18,20.89,39.73,7.99,35.27,Loamy,Spice,106,Low,8.1,Cumin
34,21,21,19.13,44.98,7.11,40.69,Loamy,Spice,115,Low,8.5,Cumin
41,28,15,22.28,44.0,7.64,36.07,Loamy,Spice,105,Low,8.5,Cumin
35,20,19,18.37,40.01,7.16,31.07,Loamy,Spice,99,Low,8.7,Cumin
33,23,15,21.26,46.58,7.86,37.24,Loamy,Spice,103,Low,8.8,Cumin
31,23,17,24.27,45.12,7.39,45.39,Sandy,Spice,107,Low,8.7,Cumin
36,19,17,21.86,41.81,7.64,30.99,Sandy,Spice,105,Low,8.6,Cumin
35,25,15,16.35,38.23,7.19,27.93,Loamy,Spice,104,Low,9.2,Cumin
38,26,22,19.69,40.17,7.65,32.15,Sandy,Spice,102,Low,9.6,Cumin
35,32,14,20.42,43.64,7.44,22.67,Sandy,Spice,103,Low,10.0,Cumin
36,27,18,22.61,41.95,7.85,41.52,Loamy,Spice,107,Low,8.5,Cumin
26,18,20,24.19,47.33,7.04,25.94,Sandy,Spice,109,Low,8.0,Cumin
27,23,18,25.3,45.46,7.11,43.39,Loamy,Spice,105,Low,9.1,Cumin
41,23,21,20.98,45.72,7.44,40.76,Loamy,Spice,113,Low,8.8,Cumin
34,24,11,20.22,45.73,7.79,30.59,Sandy,Spice,105,Low,8.4,Cumin
38,33,22,20.32,41.69,7.96,26.55,Sandy,Spice,101,Low,8.9,Cumin
41,27,18,23.34,43.66,7.54,34.42,Sandy,Spice,105,Low,8.0,Cumin
47,25,21,21.46,45.38,6.88,24.53,Sandy,Spice,104,Low,9.7,Cumin
41,21,21,20.41,43.71,7.6,40.56,Sandy,Spice,96,Low,7.7,Cumin
34,20,16,22.68,38.34,8.3,31.8,Loamy,Spice,103,Low,8.7,Cumin
27,27,21,21.13,43.1,7.57,43.61,Sandy,Spice,118,Low,7.9,Cumin
28,25,13,23.62,42.45,7.55,33.18,Sandy,Spice,106,Low,8.8,Cumin
36,19,20,26.63,42.96,7.45,44.36,Loamy,Spice,101,Low,9.0,Cumin
32,29,22,20.97,40.94,7.79,23.87,Loamy,Spice,102,Low,8.9,Cumin
33,25,13,19.86,44.72,7.1,27.19,Sandy,Spice,110,Low,8.8,Cumin
29,25,16,21.62,42.7,7.08,39.45,Sandy,Spice,109,Low,8.7,Cumin
37,19,24,21.77,38.26,7.46,39.47,Sandy,Spice,107,Low,7.8,Cumin
38,24,21,20.0,46.18,7.47,42.13,Loamy,Spice,96,Low,7.7,Cumin
33,30,25,19.78,42.21,7.46,39.31,Loamy,Spice,109,Low,7.8,Cumin
35,16,22,21.15,37.18,7.53,32.78,Sandy,Spice,111,Low,8.0,Cumin
46,28,23,19.43,49.15,6.91,33.74,Loamy,Spice,111,Low,8.8,Cumin
28,29,21,20.96,35.83,7.57,34.02,Sandy,Spice,105,Low,7.5,Cumin
32,26,25,21.49,47.77,7.71,36.4,Sandy,Spice,99,Low,7.9,Cumin
38,22,18,21.55,41.34,7.76,31.97,Loamy,Spice,109,Low,8.8,Cumin
26,26,11,19.76,43.85,7.4,24.39,Loamy,Spice,99,Low,6.9,Cumin
28,27,18,22.42,42.05,7.41,41.14,Sandy,Spice,103,Low,9.0,Cumin
22,29,16,19.32,39.18,7.83,29.66,Loamy,Spice,101,Low,7.9,Cumin
36,27,25,28.0,44.6,7.55,27.7,Sandy,Spice,115,Low,8.6,Cumin
33,26,18,16.16,44.29,7.94,38.34,Sandy,Spice,104,Low,8.5,Cumin
35,25,19,22.06,48.22,7.59,35.63,Sandy,Spice,108,Low,8.9,Cumin
39,21,18,19.97,45.07,7.69,27.36,Sandy,Spice,107,Low,9.3,Cumin
33,26,22,18.7,42.61,7.91,31.44,Sandy,Spice,109,Low,8.5,Cumin
31,24,18,19.78,40.98,7.43,34.0,Sandy,Spice,103,Low,8.6,Cumin
37,20,19,17.07,41.35,7.46,38.42,Loamy,Spice,105,Low,8.8,Cumin
35,22,16,21.34,38.93,7.35,32.05,Sandy,Spice,107,Low,8.5,Cumin
37,26,19,21.7,44.01,8.38,29.07,Loamy,Spice,105,Low,7.8,Cumin
34,22,19,22.39,40.04,6.69,43.55,Sandy,Spice,109,Low,8.4,Cumin
30,25,21,23.93,45.45,7.82,24.55,Sandy,Spice,103,Low,9.1,Cumin
30,29,25,24.98,44.65,7.22,36.69,Loamy,Spice,97,Low,8.0,Cumin
31,25,18,22.65,45.51,7.12,35.89,Sandy,Spice,102,Low,8.6,Cumin
38,28,22,23.03,36.32,6.97,30.05,Loamy,Spice,106,Low,7.7,Cumin
36,26,14,19.28,46.18,7.68,29.9,Sandy,Spice,99,Low,7.0,Cumin
42,25,25,21.52,43.13,7.76,44.83,Sandy,Spice,107,Low,8.5,Cumin
35,20,18,22.13,47.53,7.23,41.38,Sandy,Spice,104,Low,9.2,Cumin
38,27,22,24.08,46.26,8.25,44.7,Sandy,Spice,107,Low,8.2,Cumin
36,17,22,19.35,46.49,8.19,26.29,Sandy,Spice,104,Low,7.9,Cumin
26,24,21,23.89,42.62,6.73,35.74,Loamy,Spice,97,Low,7.6,Cumin
30,29,21,22.81,38.55,7.24,26.78,Sandy,Spice,112,Low,9.8,Cumin
37,27,19,17.95,38.62,7.21,32.69,Loamy,Spice,101,Low,8.5,Cumin
35,38,20,22.77,50.95,7.19,49.06,Alluvial,Spice,90,Low,6.8,Coriander
38,30,25,18.95,57.16,6.0,43.0,Alluvial,Spice,85,Low,7.6,Coriander
45,24,32,21.4,53.53,6.42,44.63,Black,Spice,94,Low,7.6,Coriander
40,29,20,18.23,56.68,7.35,53.24,Alluvial,Spice,86,Low,7.4,Coriander
46,25,28,19.83,48.58,6.99,36.06,Loamy,Spice,81,Low,7.5,Coriander
42,34,26,24.93,57.44,7.3,48.75,Black,Spice,95,Low,6.2,Coriander
37,22,26,19.51,64.08,6.79,45.85,Black,Spice,88,Low,7.2,Coriander
33,24,18,22.09,50.3,7.77,35.05,Black,Spice,96,Low,8.4,Coriander
46,30,23,23.55,48.83,7.11,44.65,Loamy,Spice,85,Low,7.7,Coriander
43,26,26,16.54,47.8,6.82,47.86,Loamy,Spice,93,Low,7.5,Coriander
42,29,26,21.7,49.96,6.86,49.8,Alluvial,Spice,98,Low,8.2,Coriander
34,25,23,21.2,52.19,7.5,55.36,Black,Spice,90,Low,7.4,Coriander
42,34,26,20.14,49.55,6.56,46.55,Alluvial,Spice,92,Low,7.9,Coriander
45,35,20,21.81,53.76,6.97,38.37,Black,Spice,96,Low,7.1,Coriander
29,30,24,24.72,53.96,6.88,43.43,Alluvial,Spice,89,Low,8.8,Coriander
43,24,24,20.95,47.57,6.29,49.76,Black,Spice,86,Low,8.2,Coriander
40,28,17,23.44,53.17,6.82,37.88,Loamy,Spice,97,Low,6.9,Coriander
38,32,29,20.57,49.06,6.96,52.24,Alluvial,Spice,95,Low,6.7,Coriander
40,24,27,21.84,48.32,7.61,47.68,Alluvial,Spice,91,Low,7.4,Coriander
39,28,22,23.46,50.03,6.79,43.97,Alluvial,Spice,96,Low,8.2,Coriander
38,34,25,19.31,50.1,7.55,61.66,Alluvial,Spice,91,Low,7.2,Coriander
39,26,23,19.57,51.68,7.05,43.81,Black,Spice,89,Low,8.0,Coriander
38,29,24,24.09,50.04,7.24,39.01,Loamy,Spice,91,Low,7.8,Coriander
45,28,21,19.43,55.86,7.83,51.68,Alluvial,Spice,84,Low,8.0,Coriander
35,28,25,21.71,52.26,6.76,53.48,Alluvial,Spice,87,Low,8.3,Coriander
33,30,21,19.33,49.95,7.61,55.46,Loamy,Spice,93,Low,7.5,Coriander
40,35,27,21.04,57.95,7.33,46.94,Black,Spice,87,Low,7.2,Coriander
38,31,27,18.11,44.21,6.62,41.74,Black,Spice,95,Low,7.3,Coriander
41,31,21,23.92,49.34,7.62,43.99,Alluvial,Spice,88,Low,6.8,Coriander
40,39,26,21.54,49.33,7.24,46.26,Alluvial,Spice,89,Low,7.8,Coriander
30,29,21,21.06,49.1,6.74,34.33,Black,Spice,95,Low,7.1,Coriander
36,36,26,16.93,57.54,7.66,57.44,Loamy,Spice,93,Low,6.8,Coriander
39,24,22,18.78,49.49,7.07,41.44,Loamy,Spice,87,Low,7.3,Coriander
47,38,23,21.67,48.63,7.31,41.19,Alluvial,Spice,86,Low,8.7,Coriander
33,20,27,20.26,49.42,8.09,50.84,Loamy,Spice,89,Low,7.1,Coriander
42,23,23,20.93,52.85,6.94,39.45,Alluvial,Spice,94,Low,6.5,Coriander
38,27,28,20.08,53.75,7.13,30.32,Alluvial,Spice,89,Low,6.5,Coriander
41,27,28,20.64,48.92,7.48,38.02,Black,Spice,94,Low,7.8,Coriander
38,24,28,22.0,48.91,7.1,53.05,Alluvial,Spice,90,Low,7.6,Coriander
45,36,24,18.33,46.79,6.72,37.52,Loamy,Spice,82,Low,8.6,Coriander
42,27,24,17.43,56.63,6.22,49.08,Loamy,Spice,81,Low,7.3,Coriander
46,23,24,22.26,53.86,7.03,48.97,Alluvial,Spice,87,Low,8.7,Coriander
31,34,25,22.23,55.18,7.22,38.51,Black,Spice,88,Low,6.6,Coriander
38,31,26,21.78,44.98,6.78,39.7,Alluvial,Spice,84,Low,7.0,Coriander
40,35,22,18.74,49.6,7.13,54.79,Loamy,Spice,89,Low,6.6,Coriander
33,30,27,24.63,47.27,7.06,36.76,Alluvial,Spice,85,Low,6.9,Coriander
38,26,32,20.08,55.95,6.74,62.87,Alluvial,Spice,91,Low,8.0,Coriander
37,33,26,20.24,47.68,6.9,42.41,Loamy,Spice,93,Low,7.4,Coriander
30,32,28,17.67,59.22,7.56,39.95,Black,Spice,84,Low,8.1,Coriander
33,27,21,21.01,57.86,7.15,53.14,Loamy,Spice,88,Low,7.6,Coriander
33,29,22,20.68,51.08,6.87,61.86,Black,Spice,97,Low,8.3,Coriander
48,35,24,20.75,52.94,6.92,36.68,Alluvial,Spice,91,Low,6.6,Coriander
40,26,24,21.38,50.59,6.34,35.5,Loamy,Spice,92,Low,7.2,Coriander
42,30,24,21.7,49.3,7.16,41.64,Loamy,Spice,101,Low,6.8,Coriander
38,28,20,22.45,50.29,6.05,50.56,Black,Spice,87,Low,7.4,Coriander
43,28,23,25.93,43.39,6.49,36.26,Black,Spice,98,Low,7.1,Coriander
41,28,26,20.97,53.01,7.51,48.52,Loamy,Spice,86,Low,7.7,Coriander
52,32,25,18.26,54.9,7.35,47.5,Alluvial,Spice,90,Low,9.2,Coriander
44,34,25,20.74,54.53,6.95,44.6,Loamy,Spice,92,Low,7.2,Coriander
41,30,27,19.78,44.0,6.88,48.18,Alluvial,Spice,94,Low,7.1,Coriander
42,34,27,19.42,49.27,7.17,58.0,Alluvial,Spice,90,Low,7.4,Coriander
33,28,22,21.05,45.95,6.87,36.93,Alluvial,Spice,94,Low,7.0,Coriander
37,31,23,25.72,55.72,7.01,47.94,Alluvial,Spice,79,Low,8.2,Coriander
42,29,26,22.38,50.33,7.15,53.39,Black,Spice,92,Low,7.3,Coriander
41,35,27,18.67,54.35,7.18,54.31,Black,Spice,90,Low,7.3,Coriander
33,27,28,21.4,51.6,7.52,53.72,Loamy,Spice,86,Low,8.2,Coriander
31,31,26,23.3,53.52,6.9,43.68,Black,Spice,102,Low,7.5,Coriander
42,21,22,22.04,45.54,7.22,39.2,Loamy,Spice,85,Low,7.1,Coriander
47,31,22,22.55,55.32,6.85,52.67,Loamy,Spice,94,Low,8.0,Coriander
36,25,19,19.69,50.53,6.89,44.62,Alluvial,Spice,97,Low,7.3,Coriander
